user_id,signup_date,channel,campaign,subscription_start_date,plan,revenue_first_90_days
500001,01-01-2025,paid_social,prospecting_video,,,0
500002,01-01-2025,organic,,,,0
500003,01-01-2025,affiliate,finance_blogs,,,0
500004,01-01-2025,paid_social,prospecting_video,,,0
500005,01-01-2025,referral,,,,0
500006,01-01-2025,paid_social,retargeting,,,0
500007,01-01-2025,paid_search,brand_search,01-01-2025,monthly,29.97
500008,01-01-2025,paid_social,prospecting_video,,,0
500009,01-01-2025,paid_social,prospecting_video,,,0
500010,01-01-2025,organic,,,,0
500011,01-01-2025,paid_social,prospecting_video,,,0
500012,01-01-2025,referral,,03-01-2025,monthly,29.97
500013,01-01-2025,paid_social,prospecting_video,,,0
500014,01-01-2025,paid_social,retargeting,,,0
500015,01-01-2025,paid_search,generic_search,,,0
500016,01-01-2025,paid_social,retargeting,,,0
500017,01-01-2025,paid_social,prospecting_video,,,0
500018,01-01-2025,referral,,,,0
500019,01-01-2025,paid_search,brand_search,,,0
500020,01-01-2025,affiliate,finance_blogs,,,0
500021,01-01-2025,paid_social,prospecting_video,,,0
500022,01-01-2025,paid_social,prospecting_video,03-01-2025,monthly,19.98
500023,01-01-2025,paid_social,prospecting_video,,,0
500024,01-01-2025,paid_search,brand_search,,,0
500025,01-01-2025,paid_social,prospecting_video,,,0
500026,01-01-2025,paid_social,retargeting,,,0
500027,01-01-2025,organic,,,,0
500028,01-01-2025,paid_social,retargeting,,,0
500029,01-01-2025,organic,,,,0
500030,01-01-2025,paid_social,prospecting_video,,,0
500031,01-01-2025,paid_search,generic_search,,,0
500032,01-01-2025,paid_social,prospecting_video,,,0
500033,01-01-2025,organic,,,,0
500034,01-01-2025,referral,,,,0
500035,01-01-2025,paid_search,brand_search,,,0
500036,01-01-2025,paid_social,prospecting_video,,,0
500037,01-01-2025,display,display_network,,,0
500038,01-01-2025,paid_social,prospecting_video,,,0
500039,01-01-2025,paid_social,prospecting_video,,,0
500040,01-01-2025,paid_search,generic_search,,,0
500041,01-01-2025,paid_social,prospecting_video,,,0
500042,01-01-2025,paid_social,prospecting_video,,,0
500043,01-01-2025,paid_search,brand_search,,,0
500044,01-01-2025,display,display_network,,,0
500045,01-01-2025,paid_social,prospecting_video,,,0
500046,01-01-2025,paid_social,prospecting_video,,,0
500047,01-01-2025,paid_social,retargeting,,,0
500048,01-01-2025,paid_search,brand_search,,,0
500049,01-01-2025,organic,,,,0
500050,01-01-2025,paid_social,retargeting,05-01-2025,annual,79.99
500051,01-01-2025,paid_search,brand_search,,,0
500052,01-01-2025,display,display_network,,,0
500053,01-01-2025,referral,,01-01-2025,annual,79.99
500054,01-01-2025,display,display_network,,,0
500055,01-01-2025,affiliate,finance_blogs,03-01-2025,monthly,19.98
500056,01-01-2025,affiliate,finance_blogs,,,0
500057,01-01-2025,paid_social,retargeting,,,0
500058,01-01-2025,paid_social,retargeting,,,0
500059,01-01-2025,affiliate,finance_blogs,,,0
500060,01-01-2025,paid_social,prospecting_video,,,0
500061,01-01-2025,paid_search,brand_search,,,0
500062,01-01-2025,paid_social,prospecting_video,,,0
500063,01-01-2025,paid_social,retargeting,,,0
500064,01-01-2025,paid_social,prospecting_video,,,0
500065,01-01-2025,paid_social,retargeting,,,0
500066,01-01-2025,paid_social,prospecting_video,,,0
500067,01-01-2025,paid_search,brand_search,,,0
500068,01-01-2025,paid_social,prospecting_video,,,0
500069,01-01-2025,paid_social,prospecting_video,,,0
500070,01-01-2025,paid_social,prospecting_video,,,0
500071,01-01-2025,paid_social,prospecting_video,,,0
500072,01-01-2025,paid_social,prospecting_video,,,0
500073,01-01-2025,paid_social,retargeting,,,0
500074,01-01-2025,paid_social,prospecting_video,,,0
500075,01-01-2025,paid_social,prospecting_video,,,0
500076,01-01-2025,paid_social,retargeting,02-01-2025,monthly,29.97
500077,01-01-2025,paid_social,prospecting_video,,,0
500078,01-01-2025,paid_search,brand_search,,,0
500079,01-01-2025,paid_social,prospecting_video,,,0
500080,01-01-2025,paid_social,retargeting,,,0
500081,01-01-2025,paid_social,retargeting,01-01-2025,annual,79.99
500082,01-01-2025,organic,,01-01-2025,monthly,9.99
500083,01-01-2025,paid_social,prospecting_video,,,0
500084,01-01-2025,paid_social,prospecting_video,,,0
500085,01-01-2025,paid_social,prospecting_video,,,0
500086,01-01-2025,organic,,,,0
500087,01-01-2025,paid_search,brand_search,,,0
500088,01-01-2025,organic,,,,0
500089,01-01-2025,paid_social,retargeting,,,0
500090,01-01-2025,paid_search,brand_search,,,0
500091,01-01-2025,paid_social,prospecting_video,,,0
500092,01-01-2025,paid_social,retargeting,,,0
500093,01-01-2025,paid_search,brand_search,,,0
500094,01-01-2025,paid_social,prospecting_video,,,0
500095,01-01-2025,paid_search,brand_search,,,0
500096,01-01-2025,paid_social,prospecting_video,,,0
500097,01-01-2025,paid_social,prospecting_video,,,0
500098,02-01-2025,paid_social,prospecting_video,,,0
500099,02-01-2025,organic,,,,0
500100,02-01-2025,paid_social,retargeting,05-01-2025,monthly,29.97
500101,02-01-2025,paid_social,prospecting_video,,,0
500102,02-01-2025,paid_social,retargeting,,,0
500103,02-01-2025,paid_social,retargeting,,,0
500104,02-01-2025,paid_social,prospecting_video,,,0
500105,02-01-2025,paid_social,prospecting_video,,,0
500106,02-01-2025,organic,,,,0
500107,02-01-2025,paid_social,retargeting,,,0
500108,02-01-2025,paid_social,prospecting_video,,,0
500109,02-01-2025,paid_search,generic_search,,,0
500110,02-01-2025,display,display_network,,,0
500111,02-01-2025,referral,,,,0
500112,02-01-2025,paid_search,brand_search,11-01-2025,monthly,19.98
500113,02-01-2025,paid_social,retargeting,15-01-2025,annual,79.99
500114,02-01-2025,paid_social,prospecting_video,,,0
500115,02-01-2025,paid_search,brand_search,,,0
500116,02-01-2025,affiliate,finance_blogs,,,0
500117,02-01-2025,organic,,,,0
500118,02-01-2025,paid_social,prospecting_video,,,0
500119,02-01-2025,organic,,12-01-2025,monthly,29.97
500120,02-01-2025,paid_search,generic_search,09-01-2025,monthly,29.97
500121,02-01-2025,paid_social,prospecting_video,,,0
500122,02-01-2025,paid_search,brand_search,,,0
500123,02-01-2025,paid_social,retargeting,,,0
500124,02-01-2025,paid_search,generic_search,,,0
500125,02-01-2025,display,display_network,,,0
500126,02-01-2025,paid_social,prospecting_video,,,0
500127,02-01-2025,paid_search,generic_search,02-01-2025,annual,79.99
500128,02-01-2025,organic,,,,0
500129,02-01-2025,affiliate,finance_blogs,,,0
500130,02-01-2025,paid_search,generic_search,,,0
500131,02-01-2025,affiliate,finance_blogs,,,0
500132,02-01-2025,paid_search,generic_search,,,0
500133,02-01-2025,paid_social,prospecting_video,,,0
500134,02-01-2025,paid_social,prospecting_video,,,0
500135,02-01-2025,display,display_network,,,0
500136,02-01-2025,organic,,,,0
500137,02-01-2025,paid_social,prospecting_video,,,0
500138,02-01-2025,paid_search,generic_search,,,0
500139,02-01-2025,paid_social,retargeting,,,0
500140,02-01-2025,referral,,03-01-2025,annual,79.99
500141,02-01-2025,affiliate,finance_blogs,,,0
500142,02-01-2025,paid_social,prospecting_video,,,0
500143,02-01-2025,paid_search,brand_search,05-01-2025,annual,79.99
500144,02-01-2025,affiliate,finance_blogs,,,0
500145,02-01-2025,organic,,,,0
500146,02-01-2025,referral,,,,0
500147,02-01-2025,paid_social,retargeting,,,0
500148,02-01-2025,paid_social,prospecting_video,,,0
500149,02-01-2025,paid_search,brand_search,,,0
500150,02-01-2025,organic,,06-01-2025,monthly,29.97
500151,02-01-2025,paid_social,prospecting_video,,,0
500152,02-01-2025,paid_social,retargeting,05-01-2025,monthly,29.97
500153,02-01-2025,organic,,,,0
500154,02-01-2025,paid_search,generic_search,,,0
500155,02-01-2025,paid_social,retargeting,,,0
500156,02-01-2025,affiliate,finance_blogs,,,0
500157,02-01-2025,paid_search,brand_search,,,0
500158,02-01-2025,paid_social,prospecting_video,,,0
500159,02-01-2025,paid_social,prospecting_video,,,0
500160,02-01-2025,paid_social,prospecting_video,,,0
500161,02-01-2025,paid_search,brand_search,,,0
500162,02-01-2025,paid_social,prospecting_video,,,0
500163,02-01-2025,paid_social,prospecting_video,,,0
500164,02-01-2025,display,display_network,,,0
500165,02-01-2025,organic,,,,0
500166,02-01-2025,paid_social,prospecting_video,,,0
500167,02-01-2025,paid_social,prospecting_video,,,0
500168,02-01-2025,organic,,,,0
500169,02-01-2025,organic,,,,0
500170,02-01-2025,paid_search,brand_search,,,0
500171,02-01-2025,paid_search,brand_search,,,0
500172,02-01-2025,referral,,02-01-2025,monthly,29.97
500173,02-01-2025,organic,,,,0
500174,02-01-2025,paid_social,retargeting,08-01-2025,annual,79.99
500175,02-01-2025,paid_social,prospecting_video,,,0
500176,02-01-2025,paid_social,prospecting_video,,,0
500177,02-01-2025,paid_search,generic_search,,,0
500178,02-01-2025,organic,,04-01-2025,monthly,29.97
500179,02-01-2025,paid_search,generic_search,,,0
500180,02-01-2025,organic,,,,0
500181,02-01-2025,referral,,,,0
500182,02-01-2025,paid_search,generic_search,,,0
500183,02-01-2025,paid_social,prospecting_video,,,0
500184,02-01-2025,paid_social,prospecting_video,,,0
500185,02-01-2025,paid_search,generic_search,,,0
500186,02-01-2025,paid_social,prospecting_video,,,0
500187,02-01-2025,affiliate,finance_blogs,,,0
500188,02-01-2025,paid_social,prospecting_video,,,0
500189,02-01-2025,organic,,,,0
500190,02-01-2025,paid_social,retargeting,,,0
500191,02-01-2025,paid_social,prospecting_video,,,0
500192,02-01-2025,paid_search,brand_search,,,0
500193,02-01-2025,organic,,,,0
500194,02-01-2025,paid_search,brand_search,,,0
500195,02-01-2025,organic,,,,0
500196,02-01-2025,paid_social,prospecting_video,,,0
500197,02-01-2025,paid_social,prospecting_video,,,0
500198,02-01-2025,paid_social,prospecting_video,,,0
500199,02-01-2025,paid_search,brand_search,02-01-2025,annual,79.99
500200,02-01-2025,paid_social,prospecting_video,,,0
500201,02-01-2025,paid_social,prospecting_video,,,0
500202,02-01-2025,organic,,,,0
500203,02-01-2025,affiliate,finance_blogs,,,0
500204,02-01-2025,paid_search,brand_search,,,0
500205,02-01-2025,paid_social,retargeting,,,0
500206,03-01-2025,display,display_network,,,0
500207,03-01-2025,paid_social,prospecting_video,,,0
500208,03-01-2025,paid_social,retargeting,,,0
500209,03-01-2025,paid_social,prospecting_video,,,0
500210,03-01-2025,paid_social,prospecting_video,,,0
500211,03-01-2025,paid_social,retargeting,,,0
500212,03-01-2025,organic,,,,0
500213,03-01-2025,organic,,,,0
500214,03-01-2025,paid_social,prospecting_video,,,0
500215,03-01-2025,paid_search,generic_search,,,0
500216,03-01-2025,organic,,,,0
500217,03-01-2025,paid_search,generic_search,,,0
500218,03-01-2025,organic,,,,0
500219,03-01-2025,paid_social,prospecting_video,,,0
500220,03-01-2025,paid_social,retargeting,,,0
500221,03-01-2025,referral,,,,0
500222,03-01-2025,paid_social,retargeting,,,0
500223,03-01-2025,paid_social,prospecting_video,,,0
500224,03-01-2025,paid_search,brand_search,,,0
500225,03-01-2025,paid_social,prospecting_video,,,0
500226,03-01-2025,paid_social,retargeting,,,0
500227,03-01-2025,paid_social,prospecting_video,,,0
500228,03-01-2025,organic,,09-01-2025,monthly,29.97
500229,03-01-2025,referral,,05-01-2025,monthly,29.97
500230,03-01-2025,paid_social,prospecting_video,,,0
500231,03-01-2025,paid_social,prospecting_video,,,0
500232,03-01-2025,paid_social,retargeting,,,0
500233,03-01-2025,paid_search,brand_search,,,0
500234,03-01-2025,organic,,,,0
500235,03-01-2025,paid_social,prospecting_video,,,0
500236,03-01-2025,paid_social,prospecting_video,,,0
500237,03-01-2025,paid_social,prospecting_video,,,0
500238,03-01-2025,paid_search,generic_search,,,0
500239,03-01-2025,paid_social,prospecting_video,,,0
500240,03-01-2025,referral,,,,0
500241,03-01-2025,paid_social,prospecting_video,,,0
500242,03-01-2025,paid_social,prospecting_video,,,0
500243,03-01-2025,paid_social,prospecting_video,,,0
500244,03-01-2025,paid_social,prospecting_video,,,0
500245,03-01-2025,paid_search,brand_search,,,0
500246,03-01-2025,paid_social,prospecting_video,,,0
500247,03-01-2025,paid_search,generic_search,,,0
500248,03-01-2025,paid_social,prospecting_video,,,0
500249,03-01-2025,paid_search,generic_search,03-01-2025,monthly,29.97
500250,03-01-2025,paid_social,prospecting_video,,,0
500251,03-01-2025,paid_search,generic_search,06-01-2025,monthly,29.97
500252,03-01-2025,paid_search,brand_search,,,0
500253,03-01-2025,paid_search,generic_search,08-01-2025,monthly,29.97
500254,03-01-2025,paid_social,prospecting_video,,,0
500255,03-01-2025,paid_social,prospecting_video,,,0
500256,03-01-2025,paid_search,brand_search,,,0
500257,03-01-2025,paid_social,prospecting_video,,,0
500258,03-01-2025,paid_social,retargeting,,,0
500259,03-01-2025,paid_social,prospecting_video,,,0
500260,03-01-2025,paid_search,generic_search,,,0
500261,03-01-2025,paid_search,brand_search,,,0
500262,03-01-2025,paid_social,prospecting_video,,,0
500263,03-01-2025,affiliate,finance_blogs,,,0
500264,03-01-2025,paid_social,prospecting_video,,,0
500265,03-01-2025,paid_search,generic_search,,,0
500266,03-01-2025,organic,,,,0
500267,03-01-2025,referral,,,,0
500268,03-01-2025,paid_search,generic_search,,,0
500269,03-01-2025,paid_search,generic_search,,,0
500270,03-01-2025,paid_social,prospecting_video,,,0
500271,03-01-2025,paid_social,prospecting_video,,,0
500272,03-01-2025,paid_social,prospecting_video,,,0
500273,03-01-2025,paid_search,brand_search,07-01-2025,annual,79.99
500274,03-01-2025,organic,,,,0
500275,03-01-2025,organic,,,,0
500276,03-01-2025,paid_social,retargeting,,,0
500277,03-01-2025,referral,,,,0
500278,03-01-2025,paid_search,generic_search,,,0
500279,03-01-2025,paid_social,prospecting_video,,,0
500280,03-01-2025,paid_social,retargeting,,,0
500281,03-01-2025,organic,,,,0
500282,03-01-2025,paid_search,brand_search,,,0
500283,03-01-2025,paid_social,retargeting,12-01-2025,monthly,29.97
500284,03-01-2025,paid_social,retargeting,,,0
500285,03-01-2025,paid_search,brand_search,,,0
500286,03-01-2025,affiliate,finance_blogs,,,0
500287,03-01-2025,paid_search,brand_search,,,0
500288,03-01-2025,paid_social,retargeting,,,0
500289,03-01-2025,referral,,,,0
500290,04-01-2025,referral,,,,0
500291,04-01-2025,paid_search,brand_search,,,0
500292,04-01-2025,organic,,,,0
500293,04-01-2025,organic,,,,0
500294,04-01-2025,paid_social,prospecting_video,,,0
500295,04-01-2025,organic,,,,0
500296,04-01-2025,affiliate,finance_blogs,,,0
500297,04-01-2025,paid_search,brand_search,,,0
500298,04-01-2025,affiliate,finance_blogs,,,0
500299,04-01-2025,referral,,,,0
500300,04-01-2025,paid_social,prospecting_video,,,0
500301,04-01-2025,organic,,,,0
500302,04-01-2025,paid_social,retargeting,,,0
500303,04-01-2025,paid_social,prospecting_video,,,0
500304,04-01-2025,paid_social,prospecting_video,,,0
500305,04-01-2025,display,display_network,,,0
500306,04-01-2025,organic,,,,0
500307,04-01-2025,paid_search,brand_search,,,0
500308,04-01-2025,paid_social,retargeting,,,0
500309,04-01-2025,paid_social,retargeting,,,0
500310,04-01-2025,organic,,,,0
500311,04-01-2025,paid_social,prospecting_video,,,0
500312,04-01-2025,organic,,,,0
500313,04-01-2025,paid_social,retargeting,,,0
500314,04-01-2025,paid_social,retargeting,,,0
500315,04-01-2025,paid_social,prospecting_video,,,0
500316,04-01-2025,paid_social,prospecting_video,,,0
500317,04-01-2025,organic,,,,0
500318,04-01-2025,paid_search,brand_search,,,0
500319,04-01-2025,organic,,,,0
500320,04-01-2025,paid_search,generic_search,04-01-2025,monthly,29.97
500321,04-01-2025,paid_social,prospecting_video,,,0
500322,04-01-2025,paid_search,generic_search,,,0
500323,04-01-2025,organic,,,,0
500324,04-01-2025,paid_search,brand_search,,,0
500325,04-01-2025,paid_social,retargeting,,,0
500326,04-01-2025,organic,,17-01-2025,monthly,19.98
500327,04-01-2025,paid_social,retargeting,,,0
500328,04-01-2025,organic,,,,0
500329,04-01-2025,referral,,,,0
500330,04-01-2025,paid_social,retargeting,,,0
500331,04-01-2025,referral,,,,0
500332,04-01-2025,paid_social,prospecting_video,,,0
500333,04-01-2025,paid_social,prospecting_video,,,0
500334,04-01-2025,paid_social,retargeting,,,0
500335,04-01-2025,paid_search,brand_search,06-01-2025,monthly,29.97
500336,04-01-2025,referral,,,,0
500337,04-01-2025,organic,,,,0
500338,04-01-2025,organic,,04-01-2025,annual,79.99
500339,04-01-2025,paid_search,brand_search,,,0
500340,04-01-2025,paid_social,prospecting_video,,,0
500341,04-01-2025,paid_search,brand_search,,,0
500342,04-01-2025,paid_search,brand_search,,,0
500343,04-01-2025,paid_search,brand_search,06-01-2025,monthly,29.97
500344,04-01-2025,paid_social,prospecting_video,,,0
500345,04-01-2025,paid_social,prospecting_video,,,0
500346,04-01-2025,paid_search,brand_search,,,0
500347,04-01-2025,affiliate,finance_blogs,,,0
500348,04-01-2025,organic,,,,0
500349,04-01-2025,organic,,,,0
500350,04-01-2025,paid_social,prospecting_video,,,0
500351,04-01-2025,paid_social,prospecting_video,,,0
500352,04-01-2025,paid_social,prospecting_video,,,0
500353,04-01-2025,organic,,,,0
500354,04-01-2025,paid_social,prospecting_video,,,0
500355,04-01-2025,paid_social,prospecting_video,,,0
500356,04-01-2025,referral,,,,0
500357,04-01-2025,paid_social,prospecting_video,,,0
500358,04-01-2025,paid_social,retargeting,,,0
500359,04-01-2025,paid_search,brand_search,,,0
500360,04-01-2025,affiliate,finance_blogs,,,0
500361,04-01-2025,organic,,07-01-2025,monthly,29.97
500362,04-01-2025,paid_social,retargeting,,,0
500363,04-01-2025,paid_social,prospecting_video,,,0
500364,04-01-2025,paid_social,retargeting,09-01-2025,monthly,9.99
500365,04-01-2025,display,display_network,,,0
500366,04-01-2025,organic,,,,0
500367,04-01-2025,paid_social,prospecting_video,,,0
500368,04-01-2025,organic,,,,0
500369,04-01-2025,paid_social,prospecting_video,,,0
500370,04-01-2025,paid_search,generic_search,04-01-2025,monthly,29.97
500371,04-01-2025,paid_social,retargeting,,,0
500372,04-01-2025,paid_social,prospecting_video,,,0
500373,04-01-2025,paid_search,generic_search,,,0
500374,04-01-2025,organic,,,,0
500375,04-01-2025,paid_social,prospecting_video,,,0
500376,04-01-2025,paid_social,prospecting_video,,,0
500377,04-01-2025,organic,,,,0
500378,04-01-2025,paid_social,prospecting_video,,,0
500379,04-01-2025,paid_social,prospecting_video,,,0
500380,04-01-2025,organic,,,,0
500381,04-01-2025,organic,,,,0
500382,04-01-2025,paid_social,prospecting_video,,,0
500383,05-01-2025,referral,,,,0
500384,05-01-2025,paid_social,prospecting_video,,,0
500385,05-01-2025,paid_social,prospecting_video,,,0
500386,05-01-2025,paid_social,prospecting_video,,,0
500387,05-01-2025,organic,,,,0
500388,05-01-2025,organic,,,,0
500389,05-01-2025,paid_social,prospecting_video,,,0
500390,05-01-2025,paid_search,generic_search,,,0
500391,05-01-2025,paid_social,prospecting_video,,,0
500392,05-01-2025,paid_social,prospecting_video,,,0
500393,05-01-2025,paid_search,generic_search,,,0
500394,05-01-2025,paid_search,generic_search,,,0
500395,05-01-2025,paid_social,prospecting_video,,,0
500396,05-01-2025,paid_search,generic_search,,,0
500397,05-01-2025,paid_social,prospecting_video,,,0
500398,05-01-2025,paid_social,prospecting_video,,,0
500399,05-01-2025,paid_search,generic_search,,,0
500400,05-01-2025,paid_search,brand_search,,,0
500401,05-01-2025,paid_social,prospecting_video,,,0
500402,05-01-2025,referral,,,,0
500403,05-01-2025,paid_search,generic_search,,,0
500404,05-01-2025,referral,,,,0
500405,05-01-2025,paid_social,prospecting_video,,,0
500406,05-01-2025,paid_social,retargeting,,,0
500407,05-01-2025,paid_search,brand_search,,,0
500408,05-01-2025,paid_search,brand_search,06-01-2025,monthly,29.97
500409,05-01-2025,paid_social,prospecting_video,,,0
500410,05-01-2025,referral,,,,0
500411,05-01-2025,organic,,,,0
500412,05-01-2025,organic,,,,0
500413,05-01-2025,paid_social,retargeting,,,0
500414,05-01-2025,organic,,,,0
500415,05-01-2025,paid_social,retargeting,,,0
500416,05-01-2025,referral,,,,0
500417,05-01-2025,paid_search,brand_search,,,0
500418,05-01-2025,paid_social,prospecting_video,,,0
500419,05-01-2025,referral,,09-01-2025,monthly,19.98
500420,05-01-2025,paid_social,prospecting_video,,,0
500421,05-01-2025,paid_social,prospecting_video,,,0
500422,05-01-2025,paid_social,prospecting_video,,,0
500423,05-01-2025,organic,,,,0
500424,05-01-2025,paid_social,prospecting_video,,,0
500425,05-01-2025,paid_search,generic_search,,,0
500426,05-01-2025,affiliate,finance_blogs,,,0
500427,05-01-2025,organic,,07-01-2025,monthly,29.97
500428,05-01-2025,paid_social,prospecting_video,,,0
500429,05-01-2025,organic,,,,0
500430,05-01-2025,paid_social,prospecting_video,,,0
500431,05-01-2025,paid_social,retargeting,,,0
500432,05-01-2025,organic,,,,0
500433,05-01-2025,paid_social,retargeting,05-01-2025,annual,79.99
500434,05-01-2025,paid_search,generic_search,,,0
500435,05-01-2025,referral,,,,0
500436,05-01-2025,paid_social,prospecting_video,,,0
500437,05-01-2025,organic,,,,0
500438,05-01-2025,paid_search,generic_search,,,0
500439,05-01-2025,paid_social,prospecting_video,07-01-2025,monthly,29.97
500440,05-01-2025,paid_search,brand_search,,,0
500441,05-01-2025,organic,,,,0
500442,05-01-2025,paid_social,prospecting_video,,,0
500443,05-01-2025,paid_search,generic_search,,,0
500444,05-01-2025,organic,,,,0
500445,05-01-2025,paid_social,prospecting_video,,,0
500446,05-01-2025,paid_social,retargeting,08-01-2025,monthly,9.99
500447,05-01-2025,paid_search,generic_search,,,0
500448,05-01-2025,paid_search,brand_search,,,0
500449,05-01-2025,paid_social,prospecting_video,,,0
500450,05-01-2025,referral,,,,0
500451,05-01-2025,paid_social,prospecting_video,,,0
500452,05-01-2025,paid_social,prospecting_video,,,0
500453,05-01-2025,referral,,,,0
500454,05-01-2025,organic,,,,0
500455,05-01-2025,affiliate,finance_blogs,,,0
500456,05-01-2025,paid_social,prospecting_video,,,0
500457,05-01-2025,affiliate,finance_blogs,,,0
500458,05-01-2025,paid_search,brand_search,,,0
500459,05-01-2025,referral,,,,0
500460,05-01-2025,paid_search,generic_search,,,0
500461,05-01-2025,paid_social,prospecting_video,,,0
500462,05-01-2025,paid_social,prospecting_video,,,0
500463,05-01-2025,paid_search,brand_search,,,0
500464,05-01-2025,paid_social,prospecting_video,,,0
500465,05-01-2025,paid_search,brand_search,,,0
500466,06-01-2025,organic,,,,0
500467,06-01-2025,paid_social,retargeting,,,0
500468,06-01-2025,paid_search,brand_search,,,0
500469,06-01-2025,display,display_network,,,0
500470,06-01-2025,organic,,,,0
500471,06-01-2025,paid_social,retargeting,,,0
500472,06-01-2025,paid_social,retargeting,,,0
500473,06-01-2025,referral,,,,0
500474,06-01-2025,organic,,,,0
500475,06-01-2025,paid_search,brand_search,,,0
500476,06-01-2025,paid_social,prospecting_video,,,0
500477,06-01-2025,paid_search,brand_search,,,0
500478,06-01-2025,paid_search,generic_search,,,0
500479,06-01-2025,paid_search,generic_search,08-01-2025,annual,79.99
500480,06-01-2025,paid_social,prospecting_video,,,0
500481,06-01-2025,affiliate,finance_blogs,,,0
500482,06-01-2025,organic,,,,0
500483,06-01-2025,paid_social,prospecting_video,,,0
500484,06-01-2025,paid_search,generic_search,,,0
500485,06-01-2025,paid_social,prospecting_video,,,0
500486,06-01-2025,paid_search,generic_search,,,0
500487,06-01-2025,paid_search,generic_search,,,0
500488,06-01-2025,paid_search,brand_search,19-01-2025,monthly,29.97
500489,06-01-2025,paid_social,prospecting_video,,,0
500490,06-01-2025,affiliate,finance_blogs,,,0
500491,06-01-2025,paid_search,generic_search,08-01-2025,monthly,29.97
500492,06-01-2025,organic,,,,0
500493,06-01-2025,paid_social,retargeting,,,0
500494,06-01-2025,referral,,,,0
500495,06-01-2025,organic,,,,0
500496,06-01-2025,organic,,,,0
500497,06-01-2025,paid_social,prospecting_video,,,0
500498,06-01-2025,organic,,,,0
500499,06-01-2025,paid_social,retargeting,07-01-2025,monthly,29.97
500500,06-01-2025,referral,,,,0
500501,06-01-2025,organic,,,,0
500502,06-01-2025,paid_social,prospecting_video,,,0
500503,06-01-2025,paid_search,generic_search,,,0
500504,06-01-2025,paid_social,retargeting,07-01-2025,annual,79.99
500505,06-01-2025,paid_social,prospecting_video,,,0
500506,06-01-2025,paid_social,retargeting,,,0
500507,06-01-2025,paid_search,generic_search,,,0
500508,06-01-2025,organic,,,,0
500509,06-01-2025,paid_social,prospecting_video,,,0
500510,06-01-2025,paid_social,retargeting,,,0
500511,06-01-2025,paid_search,generic_search,,,0
500512,06-01-2025,paid_search,generic_search,,,0
500513,06-01-2025,affiliate,finance_blogs,,,0
500514,06-01-2025,display,display_network,,,0
500515,06-01-2025,paid_search,generic_search,,,0
500516,06-01-2025,paid_social,prospecting_video,,,0
500517,06-01-2025,paid_search,generic_search,,,0
500518,06-01-2025,paid_social,prospecting_video,,,0
500519,06-01-2025,paid_search,generic_search,,,0
500520,06-01-2025,paid_search,generic_search,,,0
500521,06-01-2025,paid_social,prospecting_video,,,0
500522,06-01-2025,paid_search,brand_search,08-01-2025,monthly,29.97
500523,06-01-2025,paid_social,retargeting,,,0
500524,06-01-2025,paid_social,prospecting_video,,,0
500525,06-01-2025,organic,,,,0
500526,06-01-2025,paid_search,generic_search,,,0
500527,06-01-2025,referral,,,,0
500528,06-01-2025,paid_search,brand_search,,,0
500529,06-01-2025,organic,,,,0
500530,06-01-2025,paid_search,brand_search,,,0
500531,06-01-2025,paid_search,brand_search,,,0
500532,06-01-2025,paid_social,retargeting,,,0
500533,06-01-2025,paid_social,prospecting_video,,,0
500534,06-01-2025,paid_search,brand_search,10-01-2025,annual,79.99
500535,06-01-2025,paid_social,retargeting,,,0
500536,06-01-2025,affiliate,finance_blogs,,,0
500537,06-01-2025,paid_search,brand_search,,,0
500538,06-01-2025,paid_social,prospecting_video,,,0
500539,06-01-2025,paid_social,prospecting_video,,,0
500540,06-01-2025,paid_search,generic_search,,,0
500541,06-01-2025,organic,,,,0
500542,06-01-2025,paid_search,brand_search,,,0
500543,06-01-2025,organic,,,,0
500544,06-01-2025,paid_social,prospecting_video,,,0
500545,06-01-2025,paid_social,prospecting_video,,,0
500546,06-01-2025,organic,,,,0
500547,06-01-2025,paid_social,prospecting_video,,,0
500548,06-01-2025,paid_search,generic_search,,,0
500549,06-01-2025,paid_search,brand_search,,,0
500550,06-01-2025,organic,,,,0
500551,06-01-2025,paid_social,retargeting,06-01-2025,annual,79.99
500552,06-01-2025,organic,,,,0
500553,06-01-2025,organic,,,,0
500554,06-01-2025,paid_search,brand_search,,,0
500555,06-01-2025,referral,,,,0
500556,06-01-2025,display,display_network,,,0
500557,06-01-2025,paid_search,generic_search,,,0
500558,06-01-2025,organic,,,,0
500559,06-01-2025,paid_social,prospecting_video,,,0
500560,06-01-2025,organic,,,,0
500561,06-01-2025,organic,,,,0
500562,06-01-2025,paid_social,prospecting_video,06-01-2025,monthly,29.97
500563,06-01-2025,paid_social,prospecting_video,,,0
500564,06-01-2025,paid_social,prospecting_video,,,0
500565,06-01-2025,paid_search,generic_search,,,0
500566,06-01-2025,organic,,,,0
500567,06-01-2025,organic,,,,0
500568,06-01-2025,affiliate,finance_blogs,,,0
500569,06-01-2025,paid_social,prospecting_video,,,0
500570,06-01-2025,paid_social,prospecting_video,,,0
500571,06-01-2025,referral,,,,0
500572,07-01-2025,paid_social,prospecting_video,,,0
500573,07-01-2025,organic,,,,0
500574,07-01-2025,organic,,,,0
500575,07-01-2025,paid_social,prospecting_video,,,0
500576,07-01-2025,paid_search,brand_search,,,0
500577,07-01-2025,referral,,,,0
500578,07-01-2025,organic,,07-01-2025,annual,79.99
500579,07-01-2025,paid_social,retargeting,,,0
500580,07-01-2025,organic,,07-01-2025,monthly,29.97
500581,07-01-2025,paid_social,prospecting_video,,,0
500582,07-01-2025,paid_social,prospecting_video,,,0
500583,07-01-2025,affiliate,finance_blogs,,,0
500584,07-01-2025,paid_search,generic_search,,,0
500585,07-01-2025,paid_social,prospecting_video,,,0
500586,07-01-2025,paid_search,generic_search,,,0
500587,07-01-2025,paid_search,generic_search,07-01-2025,annual,79.99
500588,07-01-2025,organic,,,,0
500589,07-01-2025,paid_social,prospecting_video,,,0
500590,07-01-2025,paid_social,retargeting,11-01-2025,monthly,29.97
500591,07-01-2025,paid_search,brand_search,,,0
500592,07-01-2025,affiliate,finance_blogs,,,0
500593,07-01-2025,referral,,,,0
500594,07-01-2025,organic,,,,0
500595,07-01-2025,paid_social,prospecting_video,,,0
500596,07-01-2025,paid_social,retargeting,,,0
500597,07-01-2025,paid_social,prospecting_video,,,0
500598,07-01-2025,paid_social,retargeting,,,0
500599,07-01-2025,organic,,,,0
500600,07-01-2025,paid_search,generic_search,,,0
500601,07-01-2025,paid_social,prospecting_video,,,0
500602,07-01-2025,paid_search,generic_search,,,0
500603,07-01-2025,paid_social,prospecting_video,,,0
500604,07-01-2025,paid_search,brand_search,09-01-2025,annual,79.99
500605,07-01-2025,paid_search,brand_search,,,0
500606,07-01-2025,paid_social,retargeting,,,0
500607,07-01-2025,paid_social,prospecting_video,11-01-2025,monthly,29.97
500608,07-01-2025,referral,,07-01-2025,monthly,29.97
500609,07-01-2025,paid_social,prospecting_video,,,0
500610,07-01-2025,paid_social,retargeting,09-01-2025,monthly,29.97
500611,07-01-2025,paid_social,prospecting_video,,,0
500612,07-01-2025,paid_search,brand_search,,,0
500613,07-01-2025,paid_social,retargeting,,,0
500614,07-01-2025,paid_social,prospecting_video,,,0
500615,07-01-2025,organic,,,,0
500616,07-01-2025,paid_search,brand_search,,,0
500617,07-01-2025,paid_search,brand_search,09-01-2025,monthly,29.97
500618,07-01-2025,organic,,,,0
500619,07-01-2025,organic,,,,0
500620,07-01-2025,paid_search,brand_search,,,0
500621,07-01-2025,referral,,,,0
500622,07-01-2025,affiliate,finance_blogs,08-01-2025,monthly,29.97
500623,07-01-2025,organic,,,,0
500624,07-01-2025,paid_social,prospecting_video,,,0
500625,07-01-2025,paid_search,brand_search,,,0
500626,07-01-2025,paid_search,generic_search,,,0
500627,07-01-2025,paid_social,retargeting,07-01-2025,annual,79.99
500628,07-01-2025,organic,,,,0
500629,07-01-2025,paid_social,prospecting_video,,,0
500630,07-01-2025,paid_search,brand_search,,,0
500631,07-01-2025,affiliate,finance_blogs,,,0
500632,07-01-2025,paid_search,brand_search,,,0
500633,07-01-2025,paid_social,prospecting_video,,,0
500634,07-01-2025,paid_social,retargeting,,,0
500635,07-01-2025,organic,,,,0
500636,07-01-2025,paid_social,retargeting,,,0
500637,07-01-2025,organic,,11-01-2025,annual,79.99
500638,07-01-2025,organic,,,,0
500639,07-01-2025,organic,,,,0
500640,07-01-2025,display,display_network,,,0
500641,07-01-2025,paid_search,generic_search,,,0
500642,07-01-2025,paid_social,prospecting_video,,,0
500643,07-01-2025,paid_social,retargeting,,,0
500644,07-01-2025,paid_social,retargeting,,,0
500645,07-01-2025,paid_social,retargeting,,,0
500646,07-01-2025,paid_search,brand_search,18-01-2025,monthly,19.98
500647,07-01-2025,paid_social,prospecting_video,,,0
500648,07-01-2025,referral,,,,0
500649,07-01-2025,organic,,,,0
500650,07-01-2025,paid_search,brand_search,,,0
500651,07-01-2025,paid_social,prospecting_video,,,0
500652,07-01-2025,paid_social,retargeting,,,0
500653,07-01-2025,paid_social,prospecting_video,,,0
500654,07-01-2025,paid_search,brand_search,,,0
500655,07-01-2025,paid_search,generic_search,08-01-2025,monthly,29.97
500656,07-01-2025,paid_social,prospecting_video,,,0
500657,07-01-2025,paid_social,retargeting,08-01-2025,monthly,29.97
500658,07-01-2025,referral,,,,0
500659,07-01-2025,paid_search,brand_search,,,0
500660,07-01-2025,paid_social,prospecting_video,,,0
500661,07-01-2025,paid_social,retargeting,,,0
500662,07-01-2025,organic,,,,0
500663,07-01-2025,paid_search,generic_search,,,0
500664,07-01-2025,paid_search,brand_search,,,0
500665,07-01-2025,affiliate,finance_blogs,08-01-2025,monthly,29.97
500666,07-01-2025,paid_search,generic_search,,,0
500667,07-01-2025,affiliate,finance_blogs,,,0
500668,07-01-2025,paid_search,generic_search,,,0
500669,07-01-2025,referral,,,,0
500670,08-01-2025,paid_search,brand_search,,,0
500671,08-01-2025,referral,,,,0
500672,08-01-2025,paid_search,brand_search,,,0
500673,08-01-2025,paid_search,generic_search,,,0
500674,08-01-2025,paid_search,generic_search,,,0
500675,08-01-2025,paid_search,brand_search,,,0
500676,08-01-2025,referral,,12-01-2025,annual,79.99
500677,08-01-2025,paid_search,brand_search,,,0
500678,08-01-2025,affiliate,finance_blogs,,,0
500679,08-01-2025,paid_social,retargeting,,,0
500680,08-01-2025,paid_social,prospecting_video,,,0
500681,08-01-2025,paid_social,retargeting,,,0
500682,08-01-2025,paid_social,prospecting_video,,,0
500683,08-01-2025,paid_social,prospecting_video,,,0
500684,08-01-2025,organic,,08-01-2025,annual,79.99
500685,08-01-2025,referral,,,,0
500686,08-01-2025,paid_social,prospecting_video,,,0
500687,08-01-2025,organic,,,,0
500688,08-01-2025,organic,,,,0
500689,08-01-2025,paid_social,prospecting_video,,,0
500690,08-01-2025,paid_search,generic_search,,,0
500691,08-01-2025,paid_social,prospecting_video,,,0
500692,08-01-2025,paid_search,generic_search,,,0
500693,08-01-2025,paid_search,brand_search,,,0
500694,08-01-2025,paid_search,brand_search,,,0
500695,08-01-2025,paid_social,prospecting_video,,,0
500696,08-01-2025,paid_social,retargeting,,,0
500697,08-01-2025,paid_social,prospecting_video,,,0
500698,08-01-2025,paid_social,prospecting_video,,,0
500699,08-01-2025,paid_social,retargeting,,,0
500700,08-01-2025,paid_social,retargeting,11-01-2025,monthly,29.97
500701,08-01-2025,paid_search,brand_search,,,0
500702,08-01-2025,organic,,,,0
500703,08-01-2025,paid_social,prospecting_video,,,0
500704,08-01-2025,paid_social,prospecting_video,,,0
500705,08-01-2025,paid_social,retargeting,,,0
500706,08-01-2025,organic,,,,0
500707,08-01-2025,paid_social,retargeting,,,0
500708,08-01-2025,organic,,,,0
500709,08-01-2025,paid_search,generic_search,,,0
500710,08-01-2025,paid_search,generic_search,,,0
500711,08-01-2025,paid_social,prospecting_video,,,0
500712,08-01-2025,paid_search,generic_search,,,0
500713,08-01-2025,paid_social,prospecting_video,,,0
500714,08-01-2025,paid_search,brand_search,,,0
500715,08-01-2025,organic,,,,0
500716,08-01-2025,paid_search,brand_search,,,0
500717,08-01-2025,paid_social,retargeting,,,0
500718,08-01-2025,paid_search,generic_search,15-01-2025,monthly,29.97
500719,08-01-2025,referral,,,,0
500720,08-01-2025,paid_social,prospecting_video,,,0
500721,08-01-2025,paid_social,prospecting_video,,,0
500722,08-01-2025,affiliate,finance_blogs,,,0
500723,08-01-2025,paid_social,prospecting_video,,,0
500724,08-01-2025,paid_social,prospecting_video,,,0
500725,08-01-2025,organic,,,,0
500726,08-01-2025,paid_search,generic_search,,,0
500727,08-01-2025,paid_social,retargeting,13-01-2025,monthly,29.97
500728,08-01-2025,paid_search,generic_search,11-01-2025,annual,79.99
500729,08-01-2025,paid_social,prospecting_video,,,0
500730,08-01-2025,paid_social,prospecting_video,,,0
500731,08-01-2025,organic,,08-01-2025,monthly,29.97
500732,08-01-2025,paid_search,generic_search,,,0
500733,08-01-2025,paid_social,prospecting_video,,,0
500734,08-01-2025,paid_social,prospecting_video,,,0
500735,08-01-2025,paid_social,prospecting_video,,,0
500736,08-01-2025,paid_social,prospecting_video,,,0
500737,08-01-2025,affiliate,finance_blogs,,,0
500738,08-01-2025,paid_social,prospecting_video,,,0
500739,08-01-2025,paid_search,generic_search,,,0
500740,08-01-2025,paid_social,retargeting,14-01-2025,monthly,29.97
500741,08-01-2025,paid_social,prospecting_video,,,0
500742,08-01-2025,paid_search,generic_search,11-01-2025,monthly,29.97
500743,08-01-2025,organic,,,,0
500744,08-01-2025,organic,,,,0
500745,08-01-2025,paid_social,prospecting_video,,,0
500746,08-01-2025,paid_social,retargeting,,,0
500747,08-01-2025,organic,,10-01-2025,monthly,29.97
500748,08-01-2025,paid_search,generic_search,,,0
500749,08-01-2025,organic,,,,0
500750,08-01-2025,paid_social,prospecting_video,,,0
500751,08-01-2025,paid_social,retargeting,,,0
500752,08-01-2025,paid_social,prospecting_video,,,0
500753,08-01-2025,paid_social,prospecting_video,,,0
500754,08-01-2025,paid_social,retargeting,,,0
500755,08-01-2025,paid_social,prospecting_video,,,0
500756,08-01-2025,paid_search,brand_search,,,0
500757,08-01-2025,paid_social,prospecting_video,,,0
500758,08-01-2025,referral,,,,0
500759,08-01-2025,organic,,,,0
500760,08-01-2025,organic,,,,0
500761,09-01-2025,paid_social,retargeting,22-01-2025,monthly,29.97
500762,09-01-2025,paid_social,prospecting_video,,,0
500763,09-01-2025,organic,,,,0
500764,09-01-2025,paid_search,generic_search,,,0
500765,09-01-2025,referral,,,,0
500766,09-01-2025,organic,,,,0
500767,09-01-2025,paid_social,prospecting_video,,,0
500768,09-01-2025,paid_social,prospecting_video,,,0
500769,09-01-2025,paid_social,prospecting_video,,,0
500770,09-01-2025,organic,,,,0
500771,09-01-2025,paid_social,prospecting_video,,,0
500772,09-01-2025,paid_social,retargeting,,,0
500773,09-01-2025,paid_social,prospecting_video,,,0
500774,09-01-2025,paid_social,retargeting,,,0
500775,09-01-2025,paid_social,prospecting_video,,,0
500776,09-01-2025,paid_social,prospecting_video,,,0
500777,09-01-2025,paid_search,generic_search,,,0
500778,09-01-2025,paid_search,brand_search,,,0
500779,09-01-2025,display,display_network,,,0
500780,09-01-2025,paid_search,generic_search,11-01-2025,monthly,29.97
500781,09-01-2025,paid_social,prospecting_video,,,0
500782,09-01-2025,paid_social,retargeting,,,0
500783,09-01-2025,referral,,,,0
500784,09-01-2025,display,display_network,,,0
500785,09-01-2025,paid_social,prospecting_video,,,0
500786,09-01-2025,paid_social,prospecting_video,,,0
500787,09-01-2025,affiliate,finance_blogs,,,0
500788,09-01-2025,paid_social,prospecting_video,,,0
500789,09-01-2025,paid_social,prospecting_video,,,0
500790,09-01-2025,paid_social,prospecting_video,,,0
500791,09-01-2025,paid_social,retargeting,,,0
500792,09-01-2025,paid_search,generic_search,,,0
500793,09-01-2025,paid_search,brand_search,,,0
500794,09-01-2025,paid_search,generic_search,,,0
500795,09-01-2025,paid_social,prospecting_video,,,0
500796,09-01-2025,referral,,14-01-2025,annual,79.99
500797,09-01-2025,paid_search,generic_search,,,0
500798,09-01-2025,paid_search,brand_search,16-01-2025,annual,79.99
500799,09-01-2025,organic,,,,0
500800,09-01-2025,paid_search,brand_search,09-01-2025,monthly,29.97
500801,09-01-2025,organic,,,,0
500802,09-01-2025,paid_social,prospecting_video,,,0
500803,09-01-2025,paid_social,retargeting,,,0
500804,09-01-2025,display,display_network,,,0
500805,09-01-2025,paid_search,brand_search,,,0
500806,09-01-2025,organic,,,,0
500807,09-01-2025,paid_search,generic_search,,,0
500808,09-01-2025,paid_search,brand_search,,,0
500809,09-01-2025,paid_search,generic_search,,,0
500810,09-01-2025,paid_social,retargeting,,,0
500811,09-01-2025,paid_social,prospecting_video,,,0
500812,09-01-2025,paid_search,brand_search,,,0
500813,09-01-2025,affiliate,finance_blogs,14-01-2025,monthly,29.97
500814,09-01-2025,display,display_network,,,0
500815,09-01-2025,paid_search,generic_search,,,0
500816,09-01-2025,paid_social,prospecting_video,,,0
500817,09-01-2025,paid_search,generic_search,,,0
500818,09-01-2025,affiliate,finance_blogs,,,0
500819,09-01-2025,organic,,,,0
500820,09-01-2025,paid_search,generic_search,,,0
500821,09-01-2025,paid_social,prospecting_video,,,0
500822,09-01-2025,paid_social,prospecting_video,,,0
500823,09-01-2025,organic,,,,0
500824,09-01-2025,paid_social,prospecting_video,,,0
500825,09-01-2025,paid_social,retargeting,,,0
500826,09-01-2025,paid_social,prospecting_video,,,0
500827,09-01-2025,paid_social,prospecting_video,,,0
500828,09-01-2025,paid_social,prospecting_video,,,0
500829,09-01-2025,paid_search,brand_search,,,0
500830,09-01-2025,paid_social,prospecting_video,,,0
500831,09-01-2025,paid_social,prospecting_video,,,0
500832,09-01-2025,paid_search,brand_search,,,0
500833,09-01-2025,paid_search,brand_search,09-01-2025,monthly,29.97
500834,09-01-2025,paid_social,prospecting_video,,,0
500835,09-01-2025,paid_social,prospecting_video,,,0
500836,09-01-2025,paid_social,prospecting_video,,,0
500837,09-01-2025,organic,,,,0
500838,09-01-2025,paid_social,retargeting,,,0
500839,09-01-2025,paid_social,prospecting_video,,,0
500840,09-01-2025,paid_social,prospecting_video,,,0
500841,09-01-2025,paid_social,prospecting_video,,,0
500842,09-01-2025,paid_social,prospecting_video,,,0
500843,09-01-2025,paid_social,retargeting,,,0
500844,09-01-2025,paid_search,generic_search,,,0
500845,09-01-2025,paid_social,retargeting,,,0
500846,09-01-2025,organic,,,,0
500847,09-01-2025,paid_social,prospecting_video,,,0
500848,09-01-2025,paid_search,brand_search,,,0
500849,09-01-2025,organic,,,,0
500850,09-01-2025,paid_search,generic_search,,,0
500851,09-01-2025,display,display_network,,,0
500852,09-01-2025,organic,,,,0
500853,09-01-2025,paid_social,prospecting_video,,,0
500854,09-01-2025,paid_social,prospecting_video,,,0
500855,09-01-2025,affiliate,finance_blogs,,,0
500856,09-01-2025,referral,,,,0
500857,09-01-2025,paid_social,prospecting_video,,,0
500858,09-01-2025,paid_social,prospecting_video,,,0
500859,09-01-2025,paid_social,prospecting_video,,,0
500860,09-01-2025,paid_social,prospecting_video,,,0
500861,09-01-2025,organic,,,,0
500862,09-01-2025,affiliate,finance_blogs,10-01-2025,monthly,29.97
500863,09-01-2025,paid_search,generic_search,,,0
500864,09-01-2025,paid_social,retargeting,09-01-2025,monthly,29.97
500865,09-01-2025,paid_social,prospecting_video,,,0
500866,09-01-2025,paid_search,generic_search,10-01-2025,monthly,29.97
500867,09-01-2025,paid_search,brand_search,,,0
500868,09-01-2025,affiliate,finance_blogs,,,0
500869,09-01-2025,organic,,,,0
500870,09-01-2025,referral,,,,0
500871,09-01-2025,paid_social,prospecting_video,,,0
500872,09-01-2025,organic,,,,0
500873,09-01-2025,paid_search,generic_search,,,0
500874,10-01-2025,paid_social,retargeting,,,0
500875,10-01-2025,referral,,,,0
500876,10-01-2025,organic,,,,0
500877,10-01-2025,referral,,,,0
500878,10-01-2025,paid_social,retargeting,,,0
500879,10-01-2025,paid_social,prospecting_video,,,0
500880,10-01-2025,paid_search,generic_search,,,0
500881,10-01-2025,paid_social,retargeting,,,0
500882,10-01-2025,paid_social,prospecting_video,,,0
500883,10-01-2025,paid_search,generic_search,11-01-2025,monthly,29.97
500884,10-01-2025,paid_social,prospecting_video,,,0
500885,10-01-2025,paid_search,brand_search,10-01-2025,monthly,29.97
500886,10-01-2025,paid_social,prospecting_video,12-01-2025,monthly,29.97
500887,10-01-2025,paid_search,brand_search,,,0
500888,10-01-2025,organic,,,,0
500889,10-01-2025,paid_social,prospecting_video,,,0
500890,10-01-2025,paid_search,brand_search,,,0
500891,10-01-2025,paid_social,prospecting_video,,,0
500892,10-01-2025,referral,,13-01-2025,monthly,9.99
500893,10-01-2025,paid_search,generic_search,,,0
500894,10-01-2025,paid_social,prospecting_video,,,0
500895,10-01-2025,paid_social,retargeting,,,0
500896,10-01-2025,affiliate,finance_blogs,,,0
500897,10-01-2025,paid_search,generic_search,11-01-2025,monthly,9.99
500898,10-01-2025,paid_social,prospecting_video,,,0
500899,10-01-2025,paid_social,prospecting_video,22-01-2025,monthly,29.97
500900,10-01-2025,paid_social,prospecting_video,,,0
500901,10-01-2025,referral,,,,0
500902,10-01-2025,paid_search,brand_search,14-01-2025,monthly,29.97
500903,10-01-2025,paid_social,prospecting_video,,,0
500904,10-01-2025,affiliate,finance_blogs,,,0
500905,10-01-2025,organic,,,,0
500906,10-01-2025,paid_search,generic_search,,,0
500907,10-01-2025,affiliate,finance_blogs,,,0
500908,10-01-2025,organic,,,,0
500909,10-01-2025,affiliate,finance_blogs,,,0
500910,10-01-2025,organic,,,,0
500911,10-01-2025,paid_social,prospecting_video,,,0
500912,10-01-2025,paid_search,brand_search,,,0
500913,10-01-2025,paid_social,prospecting_video,,,0
500914,10-01-2025,paid_search,generic_search,,,0
500915,10-01-2025,paid_search,generic_search,10-01-2025,monthly,29.97
500916,10-01-2025,paid_social,retargeting,,,0
500917,10-01-2025,paid_social,retargeting,16-01-2025,monthly,29.97
500918,10-01-2025,paid_social,prospecting_video,,,0
500919,10-01-2025,paid_social,prospecting_video,,,0
500920,10-01-2025,organic,,,,0
500921,10-01-2025,referral,,,,0
500922,10-01-2025,paid_search,generic_search,,,0
500923,10-01-2025,paid_social,prospecting_video,,,0
500924,10-01-2025,organic,,,,0
500925,10-01-2025,paid_social,prospecting_video,,,0
500926,10-01-2025,paid_social,prospecting_video,,,0
500927,10-01-2025,paid_social,prospecting_video,,,0
500928,10-01-2025,paid_search,brand_search,,,0
500929,10-01-2025,organic,,,,0
500930,10-01-2025,paid_social,prospecting_video,,,0
500931,10-01-2025,paid_search,brand_search,,,0
500932,10-01-2025,paid_social,prospecting_video,,,0
500933,10-01-2025,paid_social,prospecting_video,,,0
500934,10-01-2025,referral,,,,0
500935,10-01-2025,paid_social,prospecting_video,,,0
500936,10-01-2025,paid_social,prospecting_video,,,0
500937,10-01-2025,paid_social,retargeting,11-01-2025,annual,79.99
500938,10-01-2025,paid_search,brand_search,,,0
500939,10-01-2025,paid_social,prospecting_video,,,0
500940,10-01-2025,organic,,,,0
500941,10-01-2025,paid_social,retargeting,,,0
500942,10-01-2025,organic,,,,0
500943,10-01-2025,paid_social,prospecting_video,,,0
500944,10-01-2025,paid_search,generic_search,,,0
500945,10-01-2025,paid_social,prospecting_video,,,0
500946,10-01-2025,paid_search,generic_search,,,0
500947,10-01-2025,paid_search,generic_search,11-01-2025,monthly,29.97
500948,10-01-2025,paid_search,brand_search,,,0
500949,10-01-2025,affiliate,finance_blogs,,,0
500950,10-01-2025,paid_social,prospecting_video,,,0
500951,10-01-2025,paid_social,prospecting_video,,,0
500952,10-01-2025,paid_social,prospecting_video,,,0
500953,10-01-2025,organic,,,,0
500954,10-01-2025,paid_social,prospecting_video,,,0
500955,10-01-2025,paid_social,prospecting_video,,,0
500956,10-01-2025,paid_social,retargeting,,,0
500957,10-01-2025,paid_social,retargeting,16-01-2025,monthly,9.99
500958,10-01-2025,organic,,,,0
500959,10-01-2025,paid_search,brand_search,,,0
500960,10-01-2025,paid_search,generic_search,,,0
500961,10-01-2025,paid_social,retargeting,,,0
500962,10-01-2025,paid_social,prospecting_video,,,0
500963,10-01-2025,paid_search,generic_search,12-01-2025,annual,79.99
500964,10-01-2025,paid_social,prospecting_video,,,0
500965,10-01-2025,paid_search,generic_search,,,0
500966,10-01-2025,paid_search,brand_search,,,0
500967,11-01-2025,paid_social,prospecting_video,,,0
500968,11-01-2025,organic,,,,0
500969,11-01-2025,paid_social,retargeting,,,0
500970,11-01-2025,paid_social,retargeting,,,0
500971,11-01-2025,organic,,,,0
500972,11-01-2025,paid_social,prospecting_video,,,0
500973,11-01-2025,paid_social,prospecting_video,,,0
500974,11-01-2025,organic,,,,0
500975,11-01-2025,paid_social,prospecting_video,,,0
500976,11-01-2025,paid_social,prospecting_video,11-01-2025,monthly,29.97
500977,11-01-2025,paid_social,prospecting_video,,,0
500978,11-01-2025,paid_social,prospecting_video,,,0
500979,11-01-2025,affiliate,finance_blogs,21-01-2025,monthly,29.97
500980,11-01-2025,paid_social,prospecting_video,,,0
500981,11-01-2025,paid_social,retargeting,12-01-2025,monthly,29.97
500982,11-01-2025,organic,,,,0
500983,11-01-2025,paid_search,brand_search,,,0
500984,11-01-2025,organic,,,,0
500985,11-01-2025,organic,,15-01-2025,monthly,29.97
500986,11-01-2025,paid_social,retargeting,,,0
500987,11-01-2025,referral,,,,0
500988,11-01-2025,paid_social,prospecting_video,,,0
500989,11-01-2025,organic,,,,0
500990,11-01-2025,organic,,,,0
500991,11-01-2025,organic,,,,0
500992,11-01-2025,paid_social,prospecting_video,,,0
500993,11-01-2025,paid_search,generic_search,,,0
500994,11-01-2025,paid_social,retargeting,,,0
500995,11-01-2025,paid_search,brand_search,,,0
500996,11-01-2025,organic,,,,0
500997,11-01-2025,paid_social,retargeting,,,0
500998,11-01-2025,paid_search,generic_search,,,0
500999,11-01-2025,organic,,,,0
501000,11-01-2025,paid_search,brand_search,,,0
501001,11-01-2025,paid_social,prospecting_video,,,0
501002,11-01-2025,referral,,,,0
501003,11-01-2025,organic,,,,0
501004,11-01-2025,organic,,,,0
501005,11-01-2025,referral,,,,0
501006,11-01-2025,paid_social,retargeting,,,0
501007,11-01-2025,organic,,,,0
501008,11-01-2025,paid_search,generic_search,,,0
501009,11-01-2025,paid_search,brand_search,,,0
501010,11-01-2025,organic,,,,0
501011,11-01-2025,paid_social,prospecting_video,,,0
501012,11-01-2025,paid_social,prospecting_video,,,0
501013,11-01-2025,organic,,,,0
501014,11-01-2025,paid_social,retargeting,18-01-2025,annual,79.99
501015,11-01-2025,referral,,,,0
501016,11-01-2025,organic,,,,0
501017,11-01-2025,paid_social,prospecting_video,,,0
501018,11-01-2025,paid_social,prospecting_video,,,0
501019,11-01-2025,referral,,,,0
501020,11-01-2025,referral,,12-01-2025,monthly,29.97
501021,11-01-2025,paid_social,prospecting_video,,,0
501022,11-01-2025,paid_social,prospecting_video,,,0
501023,11-01-2025,paid_search,generic_search,,,0
501024,11-01-2025,paid_social,prospecting_video,,,0
501025,11-01-2025,paid_social,prospecting_video,,,0
501026,11-01-2025,paid_search,brand_search,13-01-2025,monthly,29.97
501027,11-01-2025,paid_social,retargeting,,,0
501028,11-01-2025,paid_social,retargeting,,,0
501029,11-01-2025,organic,,,,0
501030,11-01-2025,paid_search,brand_search,13-01-2025,monthly,29.97
501031,11-01-2025,paid_social,prospecting_video,,,0
501032,11-01-2025,paid_search,brand_search,,,0
501033,11-01-2025,paid_social,prospecting_video,,,0
501034,11-01-2025,paid_social,retargeting,,,0
501035,11-01-2025,paid_search,brand_search,,,0
501036,11-01-2025,paid_search,generic_search,,,0
501037,11-01-2025,affiliate,finance_blogs,,,0
501038,11-01-2025,paid_social,retargeting,,,0
501039,11-01-2025,organic,,,,0
501040,11-01-2025,paid_social,retargeting,,,0
501041,11-01-2025,display,display_network,15-01-2025,annual,79.99
501042,11-01-2025,paid_social,prospecting_video,17-01-2025,monthly,9.99
501043,11-01-2025,paid_social,retargeting,12-01-2025,monthly,29.97
501044,11-01-2025,paid_search,brand_search,,,0
501045,11-01-2025,paid_social,retargeting,,,0
501046,11-01-2025,paid_social,retargeting,,,0
501047,11-01-2025,referral,,13-01-2025,monthly,19.98
501048,11-01-2025,organic,,,,0
501049,11-01-2025,organic,,,,0
501050,11-01-2025,paid_social,prospecting_video,,,0
501051,11-01-2025,paid_social,prospecting_video,,,0
501052,11-01-2025,affiliate,finance_blogs,,,0
501053,11-01-2025,paid_search,brand_search,14-01-2025,monthly,29.97
501054,11-01-2025,paid_search,generic_search,,,0
501055,11-01-2025,paid_social,prospecting_video,,,0
501056,11-01-2025,paid_social,prospecting_video,,,0
501057,11-01-2025,paid_social,prospecting_video,,,0
501058,11-01-2025,paid_social,prospecting_video,,,0
501059,11-01-2025,organic,,16-01-2025,monthly,29.97
501060,11-01-2025,paid_social,prospecting_video,,,0
501061,11-01-2025,affiliate,finance_blogs,,,0
501062,11-01-2025,paid_social,prospecting_video,,,0
501063,11-01-2025,paid_social,prospecting_video,,,0
501064,11-01-2025,paid_search,generic_search,,,0
501065,11-01-2025,paid_search,generic_search,,,0
501066,11-01-2025,paid_search,brand_search,,,0
501067,11-01-2025,organic,,,,0
501068,12-01-2025,organic,,,,0
501069,12-01-2025,paid_search,brand_search,,,0
501070,12-01-2025,paid_social,prospecting_video,,,0
501071,12-01-2025,organic,,21-01-2025,monthly,29.97
501072,12-01-2025,paid_search,generic_search,,,0
501073,12-01-2025,affiliate,finance_blogs,,,0
501074,12-01-2025,paid_social,prospecting_video,,,0
501075,12-01-2025,affiliate,finance_blogs,,,0
501076,12-01-2025,paid_social,prospecting_video,,,0
501077,12-01-2025,paid_search,brand_search,,,0
501078,12-01-2025,organic,,,,0
501079,12-01-2025,paid_social,prospecting_video,,,0
501080,12-01-2025,display,display_network,,,0
501081,12-01-2025,paid_search,brand_search,,,0
501082,12-01-2025,paid_search,generic_search,13-01-2025,monthly,29.97
501083,12-01-2025,paid_social,prospecting_video,,,0
501084,12-01-2025,paid_social,prospecting_video,,,0
501085,12-01-2025,paid_social,retargeting,,,0
501086,12-01-2025,paid_social,retargeting,,,0
501087,12-01-2025,paid_search,generic_search,22-01-2025,monthly,29.97
501088,12-01-2025,organic,,,,0
501089,12-01-2025,paid_search,generic_search,,,0
501090,12-01-2025,paid_social,prospecting_video,,,0
501091,12-01-2025,paid_social,prospecting_video,,,0
501092,12-01-2025,paid_social,retargeting,,,0
501093,12-01-2025,paid_social,prospecting_video,,,0
501094,12-01-2025,organic,,,,0
501095,12-01-2025,organic,,,,0
501096,12-01-2025,paid_search,generic_search,15-01-2025,monthly,29.97
501097,12-01-2025,paid_social,prospecting_video,,,0
501098,12-01-2025,paid_search,brand_search,,,0
501099,12-01-2025,organic,,,,0
501100,12-01-2025,paid_search,brand_search,,,0
501101,12-01-2025,paid_search,generic_search,,,0
501102,12-01-2025,paid_social,prospecting_video,,,0
501103,12-01-2025,affiliate,finance_blogs,,,0
501104,12-01-2025,paid_search,brand_search,17-01-2025,annual,79.99
501105,12-01-2025,organic,,,,0
501106,12-01-2025,organic,,,,0
501107,12-01-2025,referral,,12-01-2025,monthly,29.97
501108,12-01-2025,organic,,,,0
501109,12-01-2025,paid_social,retargeting,18-01-2025,monthly,29.97
501110,12-01-2025,paid_social,prospecting_video,,,0
501111,12-01-2025,paid_social,prospecting_video,,,0
501112,12-01-2025,paid_social,prospecting_video,,,0
501113,12-01-2025,affiliate,finance_blogs,,,0
501114,12-01-2025,paid_social,prospecting_video,,,0
501115,12-01-2025,referral,,,,0
501116,12-01-2025,referral,,,,0
501117,12-01-2025,paid_social,prospecting_video,,,0
501118,12-01-2025,organic,,,,0
501119,12-01-2025,organic,,12-01-2025,monthly,29.97
501120,12-01-2025,paid_social,prospecting_video,,,0
501121,12-01-2025,organic,,13-01-2025,monthly,29.97
501122,12-01-2025,organic,,,,0
501123,12-01-2025,paid_social,retargeting,,,0
501124,12-01-2025,paid_search,brand_search,,,0
501125,12-01-2025,paid_search,brand_search,,,0
501126,12-01-2025,organic,,,,0
501127,12-01-2025,display,display_network,,,0
501128,12-01-2025,paid_social,retargeting,,,0
501129,12-01-2025,paid_social,retargeting,,,0
501130,12-01-2025,paid_search,generic_search,12-01-2025,annual,79.99
501131,12-01-2025,paid_social,prospecting_video,,,0
501132,12-01-2025,organic,,,,0
501133,12-01-2025,paid_search,generic_search,,,0
501134,12-01-2025,paid_social,retargeting,,,0
501135,12-01-2025,paid_social,prospecting_video,,,0
501136,12-01-2025,organic,,,,0
501137,12-01-2025,paid_social,prospecting_video,,,0
501138,12-01-2025,organic,,,,0
501139,12-01-2025,paid_search,generic_search,,,0
501140,12-01-2025,paid_search,brand_search,12-01-2025,annual,79.99
501141,12-01-2025,paid_social,retargeting,,,0
501142,12-01-2025,organic,,,,0
501143,12-01-2025,paid_search,brand_search,,,0
501144,12-01-2025,organic,,,,0
501145,12-01-2025,paid_social,retargeting,13-01-2025,monthly,29.97
501146,12-01-2025,paid_search,brand_search,,,0
501147,12-01-2025,paid_search,brand_search,19-01-2025,monthly,19.98
501148,12-01-2025,organic,,,,0
501149,12-01-2025,paid_social,prospecting_video,,,0
501150,12-01-2025,paid_social,retargeting,,,0
501151,12-01-2025,organic,,12-01-2025,monthly,19.98
501152,12-01-2025,paid_social,prospecting_video,,,0
501153,13-01-2025,paid_social,retargeting,14-01-2025,monthly,19.98
501154,13-01-2025,organic,,,,0
501155,13-01-2025,paid_social,prospecting_video,,,0
501156,13-01-2025,paid_social,prospecting_video,,,0
501157,13-01-2025,paid_social,prospecting_video,,,0
501158,13-01-2025,paid_social,prospecting_video,,,0
501159,13-01-2025,paid_social,prospecting_video,,,0
501160,13-01-2025,paid_search,brand_search,18-01-2025,annual,79.99
501161,13-01-2025,organic,,,,0
501162,13-01-2025,referral,,,,0
501163,13-01-2025,paid_social,retargeting,,,0
501164,13-01-2025,paid_search,brand_search,,,0
501165,13-01-2025,paid_search,generic_search,,,0
501166,13-01-2025,paid_social,prospecting_video,,,0
501167,13-01-2025,paid_social,prospecting_video,,,0
501168,13-01-2025,paid_search,generic_search,,,0
501169,13-01-2025,paid_social,prospecting_video,,,0
501170,13-01-2025,paid_social,prospecting_video,,,0
501171,13-01-2025,paid_social,retargeting,14-01-2025,monthly,19.98
501172,13-01-2025,paid_search,brand_search,,,0
501173,13-01-2025,paid_search,brand_search,18-01-2025,monthly,19.98
501174,13-01-2025,paid_social,prospecting_video,,,0
501175,13-01-2025,paid_search,generic_search,17-01-2025,annual,79.99
501176,13-01-2025,paid_social,prospecting_video,,,0
501177,13-01-2025,paid_search,generic_search,,,0
501178,13-01-2025,paid_search,brand_search,,,0
501179,13-01-2025,paid_social,prospecting_video,,,0
501180,13-01-2025,paid_social,prospecting_video,,,0
501181,13-01-2025,paid_search,generic_search,20-01-2025,monthly,9.99
501182,13-01-2025,paid_social,prospecting_video,,,0
501183,13-01-2025,paid_search,brand_search,,,0
501184,13-01-2025,paid_social,prospecting_video,,,0
501185,13-01-2025,affiliate,finance_blogs,,,0
501186,13-01-2025,paid_social,prospecting_video,,,0
501187,13-01-2025,paid_social,prospecting_video,,,0
501188,13-01-2025,paid_social,prospecting_video,,,0
501189,13-01-2025,referral,,,,0
501190,13-01-2025,paid_social,prospecting_video,,,0
501191,13-01-2025,paid_social,prospecting_video,,,0
501192,13-01-2025,paid_social,retargeting,,,0
501193,13-01-2025,paid_social,retargeting,,,0
501194,13-01-2025,paid_social,prospecting_video,,,0
501195,13-01-2025,organic,,14-01-2025,annual,79.99
501196,13-01-2025,affiliate,finance_blogs,,,0
501197,13-01-2025,paid_social,prospecting_video,,,0
501198,13-01-2025,affiliate,finance_blogs,,,0
501199,13-01-2025,paid_search,brand_search,15-01-2025,annual,79.99
501200,13-01-2025,paid_social,prospecting_video,,,0
501201,13-01-2025,paid_social,prospecting_video,,,0
501202,13-01-2025,paid_social,prospecting_video,,,0
501203,13-01-2025,paid_social,prospecting_video,,,0
501204,13-01-2025,paid_social,retargeting,,,0
501205,13-01-2025,paid_search,generic_search,,,0
501206,13-01-2025,affiliate,finance_blogs,,,0
501207,13-01-2025,organic,,,,0
501208,13-01-2025,paid_social,prospecting_video,,,0
501209,13-01-2025,paid_search,brand_search,,,0
501210,13-01-2025,paid_search,generic_search,,,0
501211,13-01-2025,organic,,,,0
501212,13-01-2025,paid_social,prospecting_video,,,0
501213,13-01-2025,paid_social,prospecting_video,,,0
501214,13-01-2025,paid_social,prospecting_video,,,0
501215,13-01-2025,organic,,,,0
501216,13-01-2025,paid_social,prospecting_video,,,0
501217,13-01-2025,organic,,,,0
501218,13-01-2025,organic,,,,0
501219,13-01-2025,paid_search,generic_search,,,0
501220,13-01-2025,paid_social,prospecting_video,,,0
501221,13-01-2025,referral,,,,0
501222,13-01-2025,paid_social,retargeting,,,0
501223,13-01-2025,paid_social,prospecting_video,,,0
501224,13-01-2025,display,display_network,,,0
501225,13-01-2025,paid_search,generic_search,13-01-2025,monthly,29.97
501226,13-01-2025,organic,,16-01-2025,monthly,29.97
501227,13-01-2025,referral,,,,0
501228,13-01-2025,affiliate,finance_blogs,,,0
501229,13-01-2025,paid_social,prospecting_video,,,0
501230,13-01-2025,paid_search,generic_search,,,0
501231,13-01-2025,paid_social,prospecting_video,,,0
501232,13-01-2025,organic,,,,0
501233,13-01-2025,referral,,,,0
501234,13-01-2025,paid_search,brand_search,,,0
501235,13-01-2025,paid_social,prospecting_video,,,0
501236,13-01-2025,organic,,,,0
501237,13-01-2025,paid_search,brand_search,17-01-2025,monthly,29.97
501238,13-01-2025,paid_search,brand_search,,,0
501239,13-01-2025,paid_social,prospecting_video,,,0
501240,13-01-2025,paid_social,prospecting_video,,,0
501241,13-01-2025,referral,,,,0
501242,13-01-2025,paid_social,retargeting,,,0
501243,13-01-2025,paid_social,prospecting_video,,,0
501244,13-01-2025,paid_social,prospecting_video,,,0
501245,13-01-2025,paid_social,prospecting_video,,,0
501246,13-01-2025,paid_social,prospecting_video,,,0
501247,13-01-2025,paid_search,generic_search,22-01-2025,monthly,29.97
501248,13-01-2025,paid_social,prospecting_video,,,0
501249,13-01-2025,paid_social,prospecting_video,,,0
501250,13-01-2025,paid_social,prospecting_video,,,0
501251,13-01-2025,referral,,,,0
501252,13-01-2025,paid_social,retargeting,,,0
501253,13-01-2025,paid_social,prospecting_video,,,0
501254,13-01-2025,paid_social,prospecting_video,,,0
501255,13-01-2025,paid_search,brand_search,,,0
501256,13-01-2025,paid_social,retargeting,,,0
501257,13-01-2025,organic,,,,0
501258,13-01-2025,referral,,,,0
501259,13-01-2025,paid_social,prospecting_video,,,0
501260,13-01-2025,organic,,15-01-2025,annual,79.99
501261,13-01-2025,paid_social,prospecting_video,,,0
501262,13-01-2025,paid_social,prospecting_video,,,0
501263,13-01-2025,paid_social,prospecting_video,,,0
501264,13-01-2025,paid_social,prospecting_video,,,0
501265,13-01-2025,paid_social,prospecting_video,,,0
501266,13-01-2025,paid_social,prospecting_video,,,0
501267,13-01-2025,paid_social,prospecting_video,,,0
501268,13-01-2025,paid_social,prospecting_video,,,0
501269,13-01-2025,paid_social,retargeting,,,0
501270,13-01-2025,paid_search,brand_search,,,0
501271,13-01-2025,paid_social,prospecting_video,,,0
501272,13-01-2025,display,display_network,,,0
501273,13-01-2025,paid_social,prospecting_video,,,0
501274,13-01-2025,paid_social,prospecting_video,,,0
501275,13-01-2025,paid_social,retargeting,,,0
501276,13-01-2025,paid_social,prospecting_video,,,0
501277,13-01-2025,organic,,,,0
501278,13-01-2025,paid_social,retargeting,,,0
501279,13-01-2025,paid_social,prospecting_video,,,0
501280,13-01-2025,paid_social,retargeting,,,0
501281,13-01-2025,paid_social,retargeting,,,0
501282,14-01-2025,paid_social,prospecting_video,,,0
501283,14-01-2025,paid_social,prospecting_video,,,0
501284,14-01-2025,paid_social,prospecting_video,,,0
501285,14-01-2025,paid_social,prospecting_video,,,0
501286,14-01-2025,organic,,,,0
501287,14-01-2025,display,display_network,,,0
501288,14-01-2025,paid_search,brand_search,,,0
501289,14-01-2025,referral,,,,0
501290,14-01-2025,organic,,,,0
501291,14-01-2025,paid_social,retargeting,,,0
501292,14-01-2025,paid_social,prospecting_video,,,0
501293,14-01-2025,paid_social,prospecting_video,,,0
501294,14-01-2025,organic,,,,0
501295,14-01-2025,organic,,,,0
501296,14-01-2025,paid_search,generic_search,,,0
501297,14-01-2025,affiliate,finance_blogs,,,0
501298,14-01-2025,organic,,17-01-2025,monthly,29.97
501299,14-01-2025,paid_social,retargeting,,,0
501300,14-01-2025,paid_search,generic_search,,,0
501301,14-01-2025,paid_social,retargeting,,,0
501302,14-01-2025,paid_social,prospecting_video,,,0
501303,14-01-2025,paid_social,prospecting_video,,,0
501304,14-01-2025,paid_social,prospecting_video,,,0
501305,14-01-2025,paid_social,retargeting,,,0
501306,14-01-2025,affiliate,finance_blogs,,,0
501307,14-01-2025,organic,,,,0
501308,14-01-2025,paid_social,prospecting_video,,,0
501309,14-01-2025,paid_search,brand_search,,,0
501310,14-01-2025,paid_search,brand_search,,,0
501311,14-01-2025,paid_search,brand_search,,,0
501312,14-01-2025,paid_search,generic_search,,,0
501313,14-01-2025,paid_social,prospecting_video,,,0
501314,14-01-2025,organic,,,,0
501315,14-01-2025,display,display_network,,,0
501316,14-01-2025,affiliate,finance_blogs,,,0
501317,14-01-2025,paid_social,retargeting,,,0
501318,14-01-2025,organic,,,,0
501319,14-01-2025,paid_search,brand_search,,,0
501320,14-01-2025,paid_search,generic_search,,,0
501321,14-01-2025,paid_search,generic_search,17-01-2025,annual,79.99
501322,14-01-2025,display,display_network,,,0
501323,14-01-2025,organic,,,,0
501324,14-01-2025,paid_social,retargeting,,,0
501325,14-01-2025,paid_social,retargeting,,,0
501326,14-01-2025,paid_social,retargeting,,,0
501327,14-01-2025,paid_search,brand_search,,,0
501328,14-01-2025,paid_social,prospecting_video,,,0
501329,14-01-2025,referral,,14-01-2025,monthly,29.97
501330,14-01-2025,paid_social,prospecting_video,,,0
501331,14-01-2025,paid_search,generic_search,,,0
501332,14-01-2025,paid_social,prospecting_video,,,0
501333,14-01-2025,organic,,,,0
501334,14-01-2025,paid_social,retargeting,,,0
501335,14-01-2025,paid_social,prospecting_video,,,0
501336,14-01-2025,paid_social,prospecting_video,,,0
501337,14-01-2025,organic,,,,0
501338,14-01-2025,paid_social,prospecting_video,,,0
501339,14-01-2025,paid_search,generic_search,,,0
501340,14-01-2025,paid_search,generic_search,16-01-2025,monthly,29.97
501341,14-01-2025,organic,,,,0
501342,14-01-2025,paid_social,prospecting_video,,,0
501343,14-01-2025,paid_social,prospecting_video,,,0
501344,14-01-2025,paid_search,generic_search,15-01-2025,monthly,19.98
501345,14-01-2025,paid_search,brand_search,,,0
501346,14-01-2025,paid_social,prospecting_video,,,0
501347,14-01-2025,paid_search,generic_search,,,0
501348,14-01-2025,paid_social,prospecting_video,,,0
501349,14-01-2025,paid_social,retargeting,17-01-2025,monthly,9.99
501350,14-01-2025,paid_search,generic_search,,,0
501351,14-01-2025,organic,,,,0
501352,14-01-2025,paid_social,prospecting_video,,,0
501353,14-01-2025,paid_social,prospecting_video,,,0
501354,14-01-2025,paid_social,prospecting_video,,,0
501355,14-01-2025,referral,,,,0
501356,14-01-2025,paid_social,retargeting,,,0
501357,14-01-2025,paid_social,prospecting_video,,,0
501358,14-01-2025,paid_search,generic_search,,,0
501359,14-01-2025,paid_search,brand_search,,,0
501360,14-01-2025,paid_social,retargeting,,,0
501361,14-01-2025,organic,,,,0
501362,14-01-2025,display,display_network,,,0
501363,14-01-2025,referral,,,,0
501364,14-01-2025,paid_social,prospecting_video,,,0
501365,14-01-2025,paid_search,brand_search,,,0
501366,14-01-2025,paid_search,generic_search,,,0
501367,14-01-2025,organic,,,,0
501368,14-01-2025,paid_social,prospecting_video,,,0
501369,14-01-2025,organic,,,,0
501370,14-01-2025,paid_search,brand_search,,,0
501371,14-01-2025,paid_social,prospecting_video,,,0
501372,14-01-2025,paid_social,retargeting,,,0
501373,14-01-2025,paid_social,retargeting,,,0
501374,14-01-2025,paid_social,prospecting_video,,,0
501375,14-01-2025,paid_social,prospecting_video,,,0
501376,14-01-2025,paid_social,prospecting_video,,,0
501377,14-01-2025,paid_social,retargeting,,,0
501378,14-01-2025,paid_social,retargeting,,,0
501379,14-01-2025,paid_social,prospecting_video,,,0
501380,14-01-2025,paid_social,prospecting_video,,,0
501381,14-01-2025,paid_social,prospecting_video,,,0
501382,14-01-2025,paid_search,brand_search,,,0
501383,14-01-2025,paid_search,generic_search,,,0
501384,14-01-2025,paid_search,brand_search,,,0
501385,14-01-2025,paid_social,prospecting_video,,,0
501386,14-01-2025,paid_social,prospecting_video,,,0
501387,14-01-2025,organic,,,,0
501388,14-01-2025,paid_social,prospecting_video,,,0
501389,14-01-2025,paid_search,brand_search,,,0
501390,14-01-2025,display,display_network,,,0
501391,14-01-2025,paid_social,retargeting,22-01-2025,annual,79.99
501392,14-01-2025,paid_social,prospecting_video,,,0
501393,14-01-2025,organic,,20-01-2025,monthly,19.98
501394,15-01-2025,paid_social,retargeting,18-01-2025,monthly,29.97
501395,15-01-2025,affiliate,finance_blogs,17-01-2025,monthly,29.97
501396,15-01-2025,paid_social,prospecting_video,,,0
501397,15-01-2025,paid_social,prospecting_video,,,0
501398,15-01-2025,paid_social,retargeting,,,0
501399,15-01-2025,organic,,,,0
501400,15-01-2025,paid_search,brand_search,,,0
501401,15-01-2025,paid_search,brand_search,,,0
501402,15-01-2025,paid_search,brand_search,,,0
501403,15-01-2025,organic,,,,0
501404,15-01-2025,paid_social,retargeting,,,0
501405,15-01-2025,paid_search,generic_search,,,0
501406,15-01-2025,paid_search,generic_search,,,0
501407,15-01-2025,paid_social,retargeting,,,0
501408,15-01-2025,paid_social,prospecting_video,,,0
501409,15-01-2025,paid_social,retargeting,,,0
501410,15-01-2025,paid_social,prospecting_video,,,0
501411,15-01-2025,organic,,,,0
501412,15-01-2025,organic,,,,0
501413,15-01-2025,paid_social,prospecting_video,,,0
501414,15-01-2025,paid_social,prospecting_video,,,0
501415,15-01-2025,display,display_network,,,0
501416,15-01-2025,paid_social,prospecting_video,,,0
501417,15-01-2025,paid_search,generic_search,19-01-2025,monthly,29.97
501418,15-01-2025,paid_social,retargeting,,,0
501419,15-01-2025,paid_social,prospecting_video,,,0
501420,15-01-2025,affiliate,finance_blogs,18-01-2025,monthly,29.97
501421,15-01-2025,affiliate,finance_blogs,,,0
501422,15-01-2025,display,display_network,,,0
501423,15-01-2025,paid_social,retargeting,,,0
501424,15-01-2025,paid_search,generic_search,,,0
501425,15-01-2025,affiliate,finance_blogs,16-01-2025,annual,79.99
501426,15-01-2025,paid_social,retargeting,,,0
501427,15-01-2025,paid_social,retargeting,,,0
501428,15-01-2025,organic,,,,0
501429,15-01-2025,paid_search,brand_search,28-01-2025,monthly,29.97
501430,15-01-2025,paid_social,prospecting_video,,,0
501431,15-01-2025,paid_social,retargeting,,,0
501432,15-01-2025,paid_social,prospecting_video,,,0
501433,15-01-2025,paid_social,prospecting_video,,,0
501434,15-01-2025,organic,,,,0
501435,15-01-2025,organic,,,,0
501436,15-01-2025,paid_search,generic_search,17-01-2025,monthly,29.97
501437,15-01-2025,paid_social,prospecting_video,,,0
501438,15-01-2025,organic,,,,0
501439,15-01-2025,paid_search,generic_search,15-01-2025,monthly,29.97
501440,15-01-2025,organic,,,,0
501441,15-01-2025,paid_social,prospecting_video,,,0
501442,15-01-2025,paid_social,retargeting,16-01-2025,annual,79.99
501443,15-01-2025,paid_search,generic_search,,,0
501444,15-01-2025,paid_search,brand_search,,,0
501445,15-01-2025,paid_search,generic_search,,,0
501446,15-01-2025,affiliate,finance_blogs,,,0
501447,15-01-2025,paid_social,prospecting_video,,,0
501448,15-01-2025,referral,,,,0
501449,15-01-2025,organic,,,,0
501450,15-01-2025,organic,,,,0
501451,15-01-2025,organic,,,,0
501452,15-01-2025,paid_social,prospecting_video,,,0
501453,15-01-2025,paid_search,generic_search,,,0
501454,15-01-2025,paid_social,prospecting_video,,,0
501455,15-01-2025,paid_search,generic_search,,,0
501456,15-01-2025,paid_social,retargeting,,,0
501457,15-01-2025,paid_social,retargeting,,,0
501458,15-01-2025,paid_social,retargeting,,,0
501459,15-01-2025,referral,,,,0
501460,15-01-2025,paid_social,retargeting,,,0
501461,15-01-2025,paid_search,brand_search,,,0
501462,15-01-2025,affiliate,finance_blogs,,,0
501463,15-01-2025,paid_search,generic_search,,,0
501464,15-01-2025,paid_search,generic_search,,,0
501465,15-01-2025,paid_search,brand_search,,,0
501466,15-01-2025,paid_social,prospecting_video,,,0
501467,15-01-2025,organic,,,,0
501468,15-01-2025,paid_social,retargeting,,,0
501469,15-01-2025,paid_search,generic_search,,,0
501470,15-01-2025,referral,,15-01-2025,monthly,29.97
501471,15-01-2025,paid_social,retargeting,16-01-2025,monthly,29.97
501472,15-01-2025,affiliate,finance_blogs,15-01-2025,annual,79.99
501473,15-01-2025,affiliate,finance_blogs,,,0
501474,15-01-2025,organic,,,,0
501475,15-01-2025,organic,,,,0
501476,15-01-2025,paid_search,generic_search,,,0
501477,15-01-2025,paid_social,prospecting_video,,,0
501478,15-01-2025,paid_social,prospecting_video,,,0
501479,15-01-2025,paid_social,prospecting_video,,,0
501480,15-01-2025,paid_social,prospecting_video,,,0
501481,15-01-2025,paid_search,generic_search,19-01-2025,monthly,19.98
501482,15-01-2025,paid_social,prospecting_video,,,0
501483,16-01-2025,display,display_network,,,0
501484,16-01-2025,organic,,,,0
501485,16-01-2025,organic,,,,0
501486,16-01-2025,paid_search,generic_search,,,0
501487,16-01-2025,organic,,,,0
501488,16-01-2025,paid_social,retargeting,,,0
501489,16-01-2025,organic,,,,0
501490,16-01-2025,organic,,22-01-2025,annual,79.99
501491,16-01-2025,paid_social,retargeting,,,0
501492,16-01-2025,paid_social,retargeting,,,0
501493,16-01-2025,organic,,,,0
501494,16-01-2025,paid_search,brand_search,,,0
501495,16-01-2025,paid_social,prospecting_video,,,0
501496,16-01-2025,paid_social,prospecting_video,,,0
501497,16-01-2025,display,display_network,,,0
501498,16-01-2025,paid_social,prospecting_video,,,0
501499,16-01-2025,paid_social,prospecting_video,,,0
501500,16-01-2025,paid_search,brand_search,,,0
501501,16-01-2025,paid_social,prospecting_video,,,0
501502,16-01-2025,paid_search,brand_search,,,0
501503,16-01-2025,paid_search,generic_search,,,0
501504,16-01-2025,paid_social,prospecting_video,,,0
501505,16-01-2025,paid_social,prospecting_video,,,0
501506,16-01-2025,paid_social,prospecting_video,,,0
501507,16-01-2025,paid_social,prospecting_video,,,0
501508,16-01-2025,affiliate,finance_blogs,,,0
501509,16-01-2025,referral,,,,0
501510,16-01-2025,paid_social,prospecting_video,,,0
501511,16-01-2025,paid_search,brand_search,,,0
501512,16-01-2025,paid_search,brand_search,,,0
501513,16-01-2025,organic,,,,0
501514,16-01-2025,paid_social,retargeting,,,0
501515,16-01-2025,paid_social,prospecting_video,,,0
501516,16-01-2025,referral,,18-01-2025,annual,79.99
501517,16-01-2025,organic,,,,0
501518,16-01-2025,organic,,,,0
501519,16-01-2025,paid_social,prospecting_video,,,0
501520,16-01-2025,organic,,29-01-2025,monthly,29.97
501521,16-01-2025,display,display_network,22-01-2025,annual,79.99
501522,16-01-2025,paid_social,prospecting_video,,,0
501523,16-01-2025,paid_search,brand_search,,,0
501524,16-01-2025,referral,,,,0
501525,16-01-2025,paid_social,prospecting_video,,,0
501526,16-01-2025,paid_social,prospecting_video,,,0
501527,16-01-2025,organic,,,,0
501528,16-01-2025,paid_social,prospecting_video,,,0
501529,16-01-2025,paid_search,generic_search,,,0
501530,16-01-2025,paid_social,retargeting,,,0
501531,16-01-2025,paid_social,prospecting_video,,,0
501532,16-01-2025,affiliate,finance_blogs,,,0
501533,16-01-2025,paid_search,brand_search,17-01-2025,monthly,29.97
501534,16-01-2025,organic,,,,0
501535,16-01-2025,paid_search,generic_search,,,0
501536,16-01-2025,paid_social,prospecting_video,,,0
501537,16-01-2025,paid_social,prospecting_video,,,0
501538,16-01-2025,organic,,,,0
501539,16-01-2025,paid_social,prospecting_video,,,0
501540,16-01-2025,referral,,,,0
501541,16-01-2025,paid_social,retargeting,,,0
501542,16-01-2025,organic,,,,0
501543,16-01-2025,paid_social,prospecting_video,,,0
501544,16-01-2025,paid_social,retargeting,,,0
501545,16-01-2025,paid_social,retargeting,,,0
501546,16-01-2025,paid_search,generic_search,,,0
501547,16-01-2025,paid_search,generic_search,19-01-2025,monthly,19.98
501548,16-01-2025,paid_social,prospecting_video,,,0
501549,16-01-2025,paid_social,prospecting_video,,,0
501550,16-01-2025,paid_social,prospecting_video,,,0
501551,16-01-2025,paid_search,generic_search,17-01-2025,monthly,19.98
501552,16-01-2025,paid_social,prospecting_video,,,0
501553,16-01-2025,organic,,17-01-2025,annual,79.99
501554,16-01-2025,organic,,,,0
501555,16-01-2025,paid_social,prospecting_video,,,0
501556,16-01-2025,display,display_network,,,0
501557,16-01-2025,paid_search,brand_search,,,0
501558,16-01-2025,paid_social,retargeting,,,0
501559,16-01-2025,paid_search,generic_search,,,0
501560,16-01-2025,paid_social,retargeting,,,0
501561,16-01-2025,referral,,,,0
501562,16-01-2025,organic,,,,0
501563,16-01-2025,organic,,,,0
501564,16-01-2025,paid_search,generic_search,,,0
501565,16-01-2025,referral,,28-01-2025,monthly,19.98
501566,16-01-2025,paid_search,brand_search,,,0
501567,16-01-2025,paid_search,brand_search,17-01-2025,annual,79.99
501568,16-01-2025,affiliate,finance_blogs,20-01-2025,monthly,29.97
501569,16-01-2025,paid_social,prospecting_video,,,0
501570,16-01-2025,paid_search,generic_search,,,0
501571,16-01-2025,paid_social,retargeting,,,0
501572,16-01-2025,paid_social,retargeting,,,0
501573,16-01-2025,paid_search,generic_search,,,0
501574,16-01-2025,paid_search,generic_search,,,0
501575,16-01-2025,paid_social,prospecting_video,,,0
501576,16-01-2025,paid_search,brand_search,,,0
501577,16-01-2025,organic,,,,0
501578,16-01-2025,paid_social,retargeting,,,0
501579,16-01-2025,paid_social,prospecting_video,,,0
501580,16-01-2025,paid_social,prospecting_video,,,0
501581,16-01-2025,paid_search,brand_search,,,0
501582,16-01-2025,paid_search,brand_search,,,0
501583,16-01-2025,paid_social,prospecting_video,,,0
501584,16-01-2025,display,display_network,,,0
501585,16-01-2025,paid_search,generic_search,,,0
501586,16-01-2025,paid_social,retargeting,21-01-2025,annual,79.99
501587,16-01-2025,paid_social,retargeting,,,0
501588,16-01-2025,paid_social,retargeting,,,0
501589,16-01-2025,paid_social,retargeting,17-01-2025,annual,79.99
501590,16-01-2025,paid_social,prospecting_video,,,0
501591,16-01-2025,paid_search,generic_search,,,0
501592,17-01-2025,paid_search,brand_search,,,0
501593,17-01-2025,paid_social,prospecting_video,,,0
501594,17-01-2025,paid_search,generic_search,,,0
501595,17-01-2025,paid_search,brand_search,,,0
501596,17-01-2025,paid_search,brand_search,17-01-2025,monthly,29.97
501597,17-01-2025,paid_search,brand_search,,,0
501598,17-01-2025,paid_social,prospecting_video,,,0
501599,17-01-2025,paid_social,prospecting_video,,,0
501600,17-01-2025,organic,,,,0
501601,17-01-2025,affiliate,finance_blogs,,,0
501602,17-01-2025,affiliate,finance_blogs,,,0
501603,17-01-2025,paid_social,prospecting_video,,,0
501604,17-01-2025,paid_search,generic_search,,,0
501605,17-01-2025,paid_social,prospecting_video,19-01-2025,annual,79.99
501606,17-01-2025,paid_search,brand_search,22-01-2025,annual,79.99
501607,17-01-2025,paid_social,prospecting_video,,,0
501608,17-01-2025,paid_search,generic_search,,,0
501609,17-01-2025,referral,,,,0
501610,17-01-2025,paid_social,prospecting_video,,,0
501611,17-01-2025,paid_social,prospecting_video,,,0
501612,17-01-2025,paid_search,brand_search,,,0
501613,17-01-2025,paid_social,retargeting,,,0
501614,17-01-2025,paid_social,prospecting_video,,,0
501615,17-01-2025,paid_search,brand_search,,,0
501616,17-01-2025,organic,,17-01-2025,monthly,29.97
501617,17-01-2025,paid_search,brand_search,,,0
501618,17-01-2025,organic,,,,0
501619,17-01-2025,paid_social,prospecting_video,,,0
501620,17-01-2025,organic,,,,0
501621,17-01-2025,paid_search,brand_search,,,0
501622,17-01-2025,affiliate,finance_blogs,,,0
501623,17-01-2025,paid_search,generic_search,,,0
501624,17-01-2025,paid_social,prospecting_video,,,0
501625,17-01-2025,paid_social,prospecting_video,,,0
501626,17-01-2025,paid_social,prospecting_video,,,0
501627,17-01-2025,paid_social,retargeting,,,0
501628,17-01-2025,paid_search,generic_search,17-01-2025,annual,79.99
501629,17-01-2025,paid_social,prospecting_video,,,0
501630,17-01-2025,organic,,,,0
501631,17-01-2025,paid_social,retargeting,,,0
501632,17-01-2025,organic,,,,0
501633,17-01-2025,paid_social,prospecting_video,,,0
501634,17-01-2025,paid_social,prospecting_video,,,0
501635,17-01-2025,organic,,,,0
501636,17-01-2025,paid_social,prospecting_video,,,0
501637,17-01-2025,paid_search,generic_search,,,0
501638,17-01-2025,paid_search,generic_search,,,0
501639,17-01-2025,paid_social,prospecting_video,,,0
501640,17-01-2025,paid_search,generic_search,,,0
501641,17-01-2025,paid_social,retargeting,,,0
501642,17-01-2025,paid_social,prospecting_video,,,0
501643,17-01-2025,paid_social,retargeting,17-01-2025,monthly,19.98
501644,17-01-2025,paid_social,prospecting_video,,,0
501645,17-01-2025,paid_search,brand_search,,,0
501646,17-01-2025,organic,,,,0
501647,17-01-2025,organic,,,,0
501648,17-01-2025,paid_social,retargeting,17-01-2025,monthly,9.99
501649,17-01-2025,display,display_network,,,0
501650,17-01-2025,paid_search,brand_search,24-01-2025,annual,79.99
501651,17-01-2025,paid_social,prospecting_video,,,0
501652,17-01-2025,referral,,,,0
501653,17-01-2025,organic,,,,0
501654,17-01-2025,paid_social,prospecting_video,,,0
501655,17-01-2025,paid_social,prospecting_video,,,0
501656,17-01-2025,paid_social,prospecting_video,,,0
501657,17-01-2025,paid_search,brand_search,,,0
501658,17-01-2025,affiliate,finance_blogs,24-01-2025,monthly,29.97
501659,17-01-2025,paid_search,brand_search,,,0
501660,17-01-2025,organic,,,,0
501661,17-01-2025,referral,,,,0
501662,17-01-2025,paid_search,brand_search,17-01-2025,annual,79.99
501663,17-01-2025,paid_social,prospecting_video,,,0
501664,17-01-2025,paid_social,prospecting_video,,,0
501665,17-01-2025,paid_social,prospecting_video,,,0
501666,17-01-2025,paid_social,prospecting_video,,,0
501667,17-01-2025,paid_social,prospecting_video,,,0
501668,17-01-2025,paid_social,prospecting_video,,,0
501669,17-01-2025,referral,,,,0
501670,17-01-2025,affiliate,finance_blogs,,,0
501671,17-01-2025,paid_search,brand_search,,,0
501672,17-01-2025,paid_search,generic_search,,,0
501673,17-01-2025,paid_social,prospecting_video,,,0
501674,17-01-2025,referral,,,,0
501675,17-01-2025,referral,,18-01-2025,annual,79.99
501676,17-01-2025,paid_social,prospecting_video,,,0
501677,17-01-2025,paid_social,retargeting,,,0
501678,17-01-2025,paid_social,retargeting,,,0
501679,17-01-2025,paid_search,brand_search,,,0
501680,17-01-2025,organic,,,,0
501681,17-01-2025,referral,,30-01-2025,monthly,19.98
501682,17-01-2025,paid_social,retargeting,,,0
501683,17-01-2025,display,display_network,,,0
501684,17-01-2025,paid_social,prospecting_video,,,0
501685,17-01-2025,paid_social,retargeting,,,0
501686,17-01-2025,paid_search,brand_search,,,0
501687,17-01-2025,paid_social,prospecting_video,,,0
501688,17-01-2025,paid_social,prospecting_video,,,0
501689,17-01-2025,paid_social,retargeting,,,0
501690,17-01-2025,display,display_network,,,0
501691,17-01-2025,affiliate,finance_blogs,,,0
501692,17-01-2025,affiliate,finance_blogs,,,0
501693,17-01-2025,organic,,,,0
501694,17-01-2025,paid_search,generic_search,,,0
501695,17-01-2025,organic,,,,0
501696,17-01-2025,paid_search,generic_search,17-01-2025,annual,79.99
501697,17-01-2025,paid_social,prospecting_video,,,0
501698,17-01-2025,affiliate,finance_blogs,,,0
501699,17-01-2025,paid_search,brand_search,,,0
501700,17-01-2025,paid_social,prospecting_video,,,0
501701,17-01-2025,paid_search,generic_search,,,0
501702,17-01-2025,display,display_network,,,0
501703,17-01-2025,paid_social,prospecting_video,,,0
501704,17-01-2025,paid_social,prospecting_video,,,0
501705,17-01-2025,paid_social,prospecting_video,,,0
501706,17-01-2025,affiliate,finance_blogs,20-01-2025,monthly,29.97
501707,17-01-2025,organic,,,,0
501708,17-01-2025,organic,,,,0
501709,18-01-2025,paid_social,prospecting_video,,,0
501710,18-01-2025,referral,,,,0
501711,18-01-2025,paid_search,brand_search,,,0
501712,18-01-2025,paid_social,retargeting,24-01-2025,monthly,19.98
501713,18-01-2025,paid_social,prospecting_video,,,0
501714,18-01-2025,paid_social,retargeting,,,0
501715,18-01-2025,paid_social,prospecting_video,,,0
501716,18-01-2025,organic,,,,0
501717,18-01-2025,referral,,23-01-2025,monthly,9.99
501718,18-01-2025,organic,,,,0
501719,18-01-2025,paid_social,retargeting,,,0
501720,18-01-2025,paid_social,prospecting_video,,,0
501721,18-01-2025,organic,,,,0
501722,18-01-2025,paid_social,prospecting_video,,,0
501723,18-01-2025,paid_social,prospecting_video,,,0
501724,18-01-2025,paid_social,prospecting_video,,,0
501725,18-01-2025,paid_social,prospecting_video,,,0
501726,18-01-2025,display,display_network,,,0
501727,18-01-2025,paid_social,prospecting_video,,,0
501728,18-01-2025,paid_search,generic_search,,,0
501729,18-01-2025,organic,,,,0
501730,18-01-2025,affiliate,finance_blogs,,,0
501731,18-01-2025,paid_social,prospecting_video,,,0
501732,18-01-2025,organic,,,,0
501733,18-01-2025,paid_social,retargeting,,,0
501734,18-01-2025,affiliate,finance_blogs,,,0
501735,18-01-2025,paid_social,prospecting_video,,,0
501736,18-01-2025,organic,,,,0
501737,18-01-2025,paid_social,prospecting_video,,,0
501738,18-01-2025,paid_social,prospecting_video,,,0
501739,18-01-2025,paid_social,prospecting_video,,,0
501740,18-01-2025,paid_social,retargeting,20-01-2025,annual,79.99
501741,18-01-2025,organic,,,,0
501742,18-01-2025,affiliate,finance_blogs,,,0
501743,18-01-2025,paid_search,generic_search,,,0
501744,18-01-2025,display,display_network,,,0
501745,18-01-2025,paid_search,brand_search,,,0
501746,18-01-2025,paid_search,generic_search,20-01-2025,monthly,19.98
501747,18-01-2025,paid_search,brand_search,,,0
501748,18-01-2025,paid_social,prospecting_video,,,0
501749,18-01-2025,paid_search,generic_search,,,0
501750,18-01-2025,paid_social,prospecting_video,,,0
501751,18-01-2025,organic,,,,0
501752,18-01-2025,paid_search,brand_search,19-01-2025,annual,79.99
501753,18-01-2025,paid_search,brand_search,,,0
501754,18-01-2025,paid_search,brand_search,,,0
501755,18-01-2025,paid_social,prospecting_video,,,0
501756,18-01-2025,organic,,,,0
501757,18-01-2025,paid_social,retargeting,,,0
501758,18-01-2025,paid_social,prospecting_video,,,0
501759,18-01-2025,paid_social,retargeting,,,0
501760,18-01-2025,referral,,,,0
501761,18-01-2025,paid_search,generic_search,18-01-2025,annual,79.99
501762,18-01-2025,paid_search,brand_search,,,0
501763,18-01-2025,organic,,,,0
501764,18-01-2025,paid_social,retargeting,,,0
501765,18-01-2025,organic,,,,0
501766,18-01-2025,paid_social,retargeting,,,0
501767,18-01-2025,paid_social,retargeting,19-01-2025,monthly,29.97
501768,18-01-2025,organic,,,,0
501769,18-01-2025,paid_social,retargeting,18-01-2025,monthly,29.97
501770,18-01-2025,paid_social,prospecting_video,,,0
501771,18-01-2025,referral,,,,0
501772,18-01-2025,display,display_network,,,0
501773,18-01-2025,organic,,,,0
501774,18-01-2025,paid_social,retargeting,,,0
501775,18-01-2025,paid_search,generic_search,20-01-2025,monthly,29.97
501776,18-01-2025,paid_search,generic_search,,,0
501777,18-01-2025,paid_social,retargeting,,,0
501778,18-01-2025,paid_social,prospecting_video,,,0
501779,18-01-2025,paid_social,prospecting_video,,,0
501780,18-01-2025,paid_social,prospecting_video,,,0
501781,18-01-2025,paid_social,prospecting_video,,,0
501782,18-01-2025,paid_social,retargeting,,,0
501783,18-01-2025,paid_search,brand_search,,,0
501784,18-01-2025,paid_social,prospecting_video,,,0
501785,18-01-2025,organic,,19-01-2025,annual,79.99
501786,18-01-2025,organic,,,,0
501787,19-01-2025,paid_social,prospecting_video,,,0
501788,19-01-2025,referral,,23-01-2025,monthly,9.99
501789,19-01-2025,paid_social,prospecting_video,,,0
501790,19-01-2025,paid_search,brand_search,22-01-2025,monthly,9.99
501791,19-01-2025,paid_social,retargeting,,,0
501792,19-01-2025,paid_social,prospecting_video,,,0
501793,19-01-2025,paid_social,prospecting_video,,,0
501794,19-01-2025,paid_social,retargeting,,,0
501795,19-01-2025,paid_search,generic_search,,,0
501796,19-01-2025,display,display_network,,,0
501797,19-01-2025,paid_search,brand_search,,,0
501798,19-01-2025,organic,,,,0
501799,19-01-2025,organic,,,,0
501800,19-01-2025,paid_social,prospecting_video,,,0
501801,19-01-2025,paid_search,brand_search,,,0
501802,19-01-2025,paid_social,prospecting_video,,,0
501803,19-01-2025,affiliate,finance_blogs,,,0
501804,19-01-2025,paid_social,prospecting_video,,,0
501805,19-01-2025,display,display_network,,,0
501806,19-01-2025,referral,,,,0
501807,19-01-2025,organic,,,,0
501808,19-01-2025,paid_search,brand_search,,,0
501809,19-01-2025,paid_social,retargeting,,,0
501810,19-01-2025,paid_social,prospecting_video,,,0
501811,19-01-2025,paid_social,prospecting_video,,,0
501812,19-01-2025,affiliate,finance_blogs,29-01-2025,annual,79.99
501813,19-01-2025,paid_social,prospecting_video,,,0
501814,19-01-2025,paid_social,prospecting_video,,,0
501815,19-01-2025,organic,,,,0
501816,19-01-2025,paid_search,brand_search,,,0
501817,19-01-2025,paid_social,prospecting_video,,,0
501818,19-01-2025,paid_social,prospecting_video,,,0
501819,19-01-2025,paid_social,prospecting_video,,,0
501820,19-01-2025,paid_social,prospecting_video,,,0
501821,19-01-2025,paid_social,retargeting,,,0
501822,19-01-2025,organic,,,,0
501823,19-01-2025,paid_search,generic_search,22-01-2025,monthly,19.98
501824,19-01-2025,paid_social,prospecting_video,,,0
501825,19-01-2025,paid_search,generic_search,,,0
501826,19-01-2025,paid_search,brand_search,,,0
501827,19-01-2025,organic,,,,0
501828,19-01-2025,organic,,,,0
501829,19-01-2025,paid_search,brand_search,,,0
501830,19-01-2025,paid_social,prospecting_video,,,0
501831,19-01-2025,paid_social,retargeting,,,0
501832,19-01-2025,paid_social,prospecting_video,,,0
501833,19-01-2025,paid_social,prospecting_video,,,0
501834,19-01-2025,paid_social,prospecting_video,,,0
501835,19-01-2025,organic,,,,0
501836,19-01-2025,organic,,21-01-2025,monthly,29.97
501837,19-01-2025,paid_search,brand_search,,,0
501838,19-01-2025,organic,,,,0
501839,19-01-2025,paid_social,prospecting_video,,,0
501840,19-01-2025,organic,,,,0
501841,19-01-2025,paid_social,prospecting_video,,,0
501842,19-01-2025,paid_social,prospecting_video,,,0
501843,19-01-2025,paid_social,prospecting_video,,,0
501844,19-01-2025,paid_social,prospecting_video,,,0
501845,19-01-2025,paid_social,prospecting_video,,,0
501846,19-01-2025,paid_social,retargeting,,,0
501847,19-01-2025,paid_search,brand_search,,,0
501848,19-01-2025,referral,,,,0
501849,19-01-2025,paid_social,prospecting_video,,,0
501850,19-01-2025,paid_social,retargeting,,,0
501851,19-01-2025,paid_social,prospecting_video,,,0
501852,19-01-2025,organic,,,,0
501853,19-01-2025,affiliate,finance_blogs,,,0
501854,19-01-2025,paid_social,prospecting_video,,,0
501855,19-01-2025,organic,,,,0
501856,19-01-2025,paid_search,generic_search,22-01-2025,monthly,29.97
501857,19-01-2025,organic,,19-01-2025,monthly,29.97
501858,19-01-2025,paid_social,retargeting,,,0
501859,19-01-2025,paid_social,retargeting,,,0
501860,19-01-2025,organic,,19-01-2025,monthly,29.97
501861,19-01-2025,paid_social,prospecting_video,,,0
501862,19-01-2025,paid_social,prospecting_video,,,0
501863,19-01-2025,paid_social,prospecting_video,,,0
501864,19-01-2025,paid_social,prospecting_video,,,0
501865,19-01-2025,paid_social,retargeting,,,0
501866,19-01-2025,paid_social,prospecting_video,,,0
501867,19-01-2025,paid_search,generic_search,,,0
501868,19-01-2025,affiliate,finance_blogs,,,0
501869,19-01-2025,paid_search,brand_search,22-01-2025,annual,79.99
501870,19-01-2025,paid_social,prospecting_video,,,0
501871,19-01-2025,organic,,,,0
501872,19-01-2025,display,display_network,,,0
501873,19-01-2025,paid_search,brand_search,,,0
501874,19-01-2025,paid_social,prospecting_video,,,0
501875,19-01-2025,paid_social,prospecting_video,,,0
501876,19-01-2025,paid_social,prospecting_video,,,0
501877,19-01-2025,paid_social,prospecting_video,,,0
501878,19-01-2025,affiliate,finance_blogs,,,0
501879,19-01-2025,paid_social,prospecting_video,,,0
501880,19-01-2025,paid_social,prospecting_video,,,0
501881,19-01-2025,referral,,,,0
501882,19-01-2025,affiliate,finance_blogs,21-01-2025,monthly,29.97
501883,19-01-2025,organic,,,,0
501884,19-01-2025,referral,,,,0
501885,19-01-2025,organic,,,,0
501886,19-01-2025,display,display_network,,,0
501887,19-01-2025,organic,,,,0
501888,19-01-2025,paid_social,prospecting_video,,,0
501889,19-01-2025,paid_search,generic_search,19-01-2025,annual,79.99
501890,19-01-2025,paid_social,retargeting,,,0
501891,19-01-2025,organic,,,,0
501892,19-01-2025,paid_search,generic_search,,,0
501893,20-01-2025,affiliate,finance_blogs,,,0
501894,20-01-2025,affiliate,finance_blogs,,,0
501895,20-01-2025,paid_social,prospecting_video,,,0
501896,20-01-2025,paid_social,retargeting,,,0
501897,20-01-2025,paid_search,brand_search,20-01-2025,monthly,29.97
501898,20-01-2025,paid_social,prospecting_video,,,0
501899,20-01-2025,paid_social,prospecting_video,,,0
501900,20-01-2025,paid_social,prospecting_video,,,0
501901,20-01-2025,referral,,,,0
501902,20-01-2025,organic,,,,0
501903,20-01-2025,paid_social,prospecting_video,,,0
501904,20-01-2025,paid_search,brand_search,,,0
501905,20-01-2025,paid_search,brand_search,27-01-2025,monthly,9.99
501906,20-01-2025,paid_social,prospecting_video,,,0
501907,20-01-2025,paid_search,brand_search,,,0
501908,20-01-2025,paid_search,generic_search,,,0
501909,20-01-2025,paid_social,prospecting_video,,,0
501910,20-01-2025,paid_social,prospecting_video,,,0
501911,20-01-2025,referral,,,,0
501912,20-01-2025,paid_social,prospecting_video,,,0
501913,20-01-2025,paid_social,prospecting_video,21-01-2025,monthly,19.98
501914,20-01-2025,paid_social,prospecting_video,,,0
501915,20-01-2025,paid_social,prospecting_video,,,0
501916,20-01-2025,paid_social,prospecting_video,,,0
501917,20-01-2025,paid_social,retargeting,,,0
501918,20-01-2025,paid_social,retargeting,,,0
501919,20-01-2025,organic,,,,0
501920,20-01-2025,paid_social,retargeting,,,0
501921,20-01-2025,paid_search,generic_search,,,0
501922,20-01-2025,referral,,,,0
501923,20-01-2025,paid_search,generic_search,22-01-2025,annual,79.99
501924,20-01-2025,paid_social,retargeting,,,0
501925,20-01-2025,organic,,,,0
501926,20-01-2025,paid_social,prospecting_video,,,0
501927,20-01-2025,paid_search,generic_search,,,0
501928,20-01-2025,paid_social,prospecting_video,,,0
501929,20-01-2025,display,display_network,,,0
501930,20-01-2025,organic,,,,0
501931,20-01-2025,paid_search,brand_search,,,0
501932,20-01-2025,paid_social,prospecting_video,,,0
501933,20-01-2025,paid_social,prospecting_video,,,0
501934,20-01-2025,organic,,,,0
501935,20-01-2025,paid_social,retargeting,,,0
501936,20-01-2025,paid_social,prospecting_video,,,0
501937,20-01-2025,paid_social,prospecting_video,,,0
501938,20-01-2025,paid_search,generic_search,,,0
501939,20-01-2025,organic,,,,0
501940,20-01-2025,paid_social,retargeting,,,0
501941,20-01-2025,organic,,,,0
501942,20-01-2025,paid_social,prospecting_video,,,0
501943,20-01-2025,paid_social,prospecting_video,20-01-2025,monthly,29.97
501944,20-01-2025,paid_social,retargeting,,,0
501945,20-01-2025,paid_social,retargeting,24-01-2025,annual,79.99
501946,20-01-2025,organic,,,,0
501947,20-01-2025,organic,,,,0
501948,20-01-2025,organic,,,,0
501949,20-01-2025,organic,,,,0
501950,20-01-2025,paid_search,brand_search,,,0
501951,20-01-2025,paid_social,retargeting,,,0
501952,20-01-2025,paid_social,prospecting_video,,,0
501953,20-01-2025,paid_social,prospecting_video,,,0
501954,20-01-2025,paid_social,retargeting,,,0
501955,20-01-2025,paid_social,retargeting,22-01-2025,monthly,19.98
501956,20-01-2025,organic,,,,0
501957,20-01-2025,organic,,,,0
501958,20-01-2025,paid_social,prospecting_video,,,0
501959,20-01-2025,affiliate,finance_blogs,,,0
501960,20-01-2025,organic,,,,0
501961,20-01-2025,paid_social,prospecting_video,,,0
501962,20-01-2025,paid_social,prospecting_video,,,0
501963,20-01-2025,paid_social,retargeting,,,0
501964,20-01-2025,paid_social,prospecting_video,22-01-2025,monthly,29.97
501965,20-01-2025,organic,,,,0
501966,20-01-2025,paid_social,prospecting_video,,,0
501967,20-01-2025,organic,,,,0
501968,20-01-2025,paid_social,prospecting_video,,,0
501969,20-01-2025,referral,,,,0
501970,20-01-2025,paid_social,prospecting_video,,,0
501971,20-01-2025,referral,,,,0
501972,20-01-2025,paid_social,prospecting_video,,,0
501973,20-01-2025,paid_social,retargeting,,,0
501974,20-01-2025,paid_social,prospecting_video,,,0
501975,20-01-2025,paid_social,retargeting,,,0
501976,20-01-2025,paid_social,prospecting_video,,,0
501977,20-01-2025,organic,,,,0
501978,20-01-2025,paid_search,brand_search,01-02-2025,monthly,19.98
501979,20-01-2025,referral,,,,0
501980,20-01-2025,paid_social,retargeting,,,0
501981,20-01-2025,paid_social,retargeting,,,0
501982,20-01-2025,organic,,,,0
501983,20-01-2025,paid_social,prospecting_video,,,0
501984,20-01-2025,paid_social,retargeting,,,0
501985,20-01-2025,paid_social,prospecting_video,,,0
501986,20-01-2025,paid_social,retargeting,23-01-2025,monthly,29.97
501987,20-01-2025,paid_social,prospecting_video,,,0
501988,20-01-2025,paid_social,retargeting,,,0
501989,20-01-2025,paid_social,retargeting,,,0
501990,20-01-2025,organic,,,,0
501991,20-01-2025,paid_social,prospecting_video,,,0
501992,20-01-2025,paid_social,prospecting_video,,,0
501993,20-01-2025,organic,,,,0
501994,20-01-2025,affiliate,finance_blogs,,,0
501995,20-01-2025,paid_social,prospecting_video,,,0
501996,20-01-2025,display,display_network,,,0
501997,20-01-2025,referral,,,,0
501998,20-01-2025,paid_social,prospecting_video,,,0
501999,20-01-2025,paid_social,prospecting_video,,,0
502000,20-01-2025,paid_social,prospecting_video,,,0
502001,20-01-2025,paid_search,generic_search,,,0
502002,20-01-2025,affiliate,finance_blogs,20-01-2025,monthly,29.97
502003,20-01-2025,paid_social,prospecting_video,,,0
502004,20-01-2025,paid_search,generic_search,,,0
502005,20-01-2025,affiliate,finance_blogs,21-01-2025,monthly,19.98
502006,20-01-2025,paid_social,prospecting_video,,,0
502007,20-01-2025,paid_social,retargeting,,,0
502008,20-01-2025,paid_search,brand_search,,,0
502009,20-01-2025,paid_social,retargeting,23-01-2025,monthly,29.97
502010,20-01-2025,paid_social,retargeting,,,0
502011,20-01-2025,paid_social,prospecting_video,,,0
502012,20-01-2025,organic,,,,0
502013,20-01-2025,paid_search,generic_search,21-01-2025,monthly,29.97
502014,20-01-2025,paid_search,brand_search,,,0
502015,20-01-2025,paid_social,prospecting_video,,,0
502016,20-01-2025,paid_social,retargeting,21-01-2025,monthly,29.97
502017,20-01-2025,paid_search,brand_search,20-01-2025,monthly,29.97
502018,20-01-2025,paid_social,retargeting,,,0
502019,21-01-2025,paid_social,retargeting,,,0
502020,21-01-2025,paid_search,brand_search,,,0
502021,21-01-2025,paid_search,generic_search,,,0
502022,21-01-2025,affiliate,finance_blogs,,,0
502023,21-01-2025,referral,,,,0
502024,21-01-2025,paid_social,prospecting_video,03-02-2025,annual,79.99
502025,21-01-2025,organic,,,,0
502026,21-01-2025,paid_social,prospecting_video,,,0
502027,21-01-2025,organic,,,,0
502028,21-01-2025,paid_search,brand_search,21-01-2025,monthly,29.97
502029,21-01-2025,paid_social,prospecting_video,,,0
502030,21-01-2025,paid_social,retargeting,,,0
502031,21-01-2025,paid_social,prospecting_video,,,0
502032,21-01-2025,paid_social,prospecting_video,,,0
502033,21-01-2025,paid_social,prospecting_video,,,0
502034,21-01-2025,paid_social,prospecting_video,,,0
502035,21-01-2025,paid_social,retargeting,,,0
502036,21-01-2025,paid_search,brand_search,,,0
502037,21-01-2025,paid_search,brand_search,,,0
502038,21-01-2025,organic,,,,0
502039,21-01-2025,paid_social,prospecting_video,,,0
502040,21-01-2025,paid_social,retargeting,,,0
502041,21-01-2025,paid_social,prospecting_video,,,0
502042,21-01-2025,referral,,,,0
502043,21-01-2025,organic,,,,0
502044,21-01-2025,organic,,,,0
502045,21-01-2025,paid_search,generic_search,,,0
502046,21-01-2025,affiliate,finance_blogs,21-01-2025,monthly,29.97
502047,21-01-2025,paid_social,prospecting_video,,,0
502048,21-01-2025,referral,,,,0
502049,21-01-2025,paid_social,prospecting_video,,,0
502050,21-01-2025,paid_search,generic_search,,,0
502051,21-01-2025,paid_social,prospecting_video,,,0
502052,21-01-2025,paid_search,generic_search,23-01-2025,annual,79.99
502053,21-01-2025,paid_search,generic_search,,,0
502054,21-01-2025,paid_search,brand_search,21-01-2025,monthly,19.98
502055,21-01-2025,paid_social,prospecting_video,,,0
502056,21-01-2025,display,display_network,,,0
502057,21-01-2025,paid_social,retargeting,,,0
502058,21-01-2025,organic,,,,0
502059,21-01-2025,paid_social,prospecting_video,,,0
502060,21-01-2025,referral,,,,0
502061,21-01-2025,paid_search,brand_search,,,0
502062,21-01-2025,paid_social,prospecting_video,,,0
502063,21-01-2025,paid_social,prospecting_video,,,0
502064,21-01-2025,affiliate,finance_blogs,,,0
502065,21-01-2025,paid_search,generic_search,26-01-2025,monthly,19.98
502066,21-01-2025,paid_social,retargeting,,,0
502067,21-01-2025,referral,,,,0
502068,21-01-2025,paid_search,generic_search,,,0
502069,21-01-2025,paid_social,prospecting_video,,,0
502070,21-01-2025,paid_social,prospecting_video,,,0
502071,21-01-2025,paid_social,prospecting_video,,,0
502072,21-01-2025,paid_search,generic_search,,,0
502073,21-01-2025,affiliate,finance_blogs,29-01-2025,monthly,19.98
502074,21-01-2025,paid_social,prospecting_video,,,0
502075,21-01-2025,paid_social,retargeting,22-01-2025,monthly,19.98
502076,21-01-2025,organic,,22-01-2025,monthly,19.98
502077,21-01-2025,paid_social,prospecting_video,,,0
502078,21-01-2025,paid_social,prospecting_video,,,0
502079,21-01-2025,organic,,,,0
502080,21-01-2025,paid_social,prospecting_video,,,0
502081,21-01-2025,organic,,,,0
502082,21-01-2025,paid_search,generic_search,,,0
502083,21-01-2025,affiliate,finance_blogs,21-01-2025,annual,79.99
502084,21-01-2025,paid_social,prospecting_video,,,0
502085,21-01-2025,paid_social,retargeting,,,0
502086,21-01-2025,organic,,,,0
502087,21-01-2025,organic,,,,0
502088,21-01-2025,paid_social,prospecting_video,,,0
502089,21-01-2025,paid_social,prospecting_video,,,0
502090,21-01-2025,organic,,,,0
502091,21-01-2025,organic,,,,0
502092,21-01-2025,referral,,,,0
502093,21-01-2025,organic,,,,0
502094,21-01-2025,referral,,,,0
502095,21-01-2025,organic,,,,0
502096,21-01-2025,paid_search,brand_search,,,0
502097,21-01-2025,paid_search,generic_search,25-01-2025,monthly,29.97
502098,21-01-2025,organic,,,,0
502099,21-01-2025,organic,,,,0
502100,21-01-2025,referral,,21-01-2025,monthly,29.97
502101,21-01-2025,paid_search,generic_search,,,0
502102,21-01-2025,affiliate,finance_blogs,27-01-2025,monthly,19.98
502103,21-01-2025,paid_social,retargeting,,,0
502104,21-01-2025,paid_social,prospecting_video,,,0
502105,21-01-2025,paid_search,generic_search,,,0
502106,21-01-2025,organic,,,,0
502107,21-01-2025,paid_social,retargeting,,,0
502108,21-01-2025,paid_social,prospecting_video,,,0
502109,21-01-2025,paid_search,generic_search,,,0
502110,21-01-2025,paid_social,prospecting_video,,,0
502111,21-01-2025,referral,,,,0
502112,21-01-2025,paid_social,prospecting_video,,,0
502113,21-01-2025,paid_search,generic_search,21-01-2025,monthly,29.97
502114,21-01-2025,paid_social,retargeting,,,0
502115,21-01-2025,paid_social,retargeting,,,0
502116,21-01-2025,paid_social,retargeting,,,0
502117,21-01-2025,organic,,,,0
502118,21-01-2025,paid_social,prospecting_video,,,0
502119,21-01-2025,paid_social,prospecting_video,,,0
502120,21-01-2025,organic,,,,0
502121,21-01-2025,paid_social,prospecting_video,,,0
502122,21-01-2025,paid_social,prospecting_video,,,0
502123,21-01-2025,paid_social,prospecting_video,,,0
502124,21-01-2025,referral,,,,0
502125,21-01-2025,paid_social,prospecting_video,,,0
502126,22-01-2025,display,display_network,,,0
502127,22-01-2025,paid_search,brand_search,,,0
502128,22-01-2025,paid_search,brand_search,,,0
502129,22-01-2025,paid_search,generic_search,,,0
502130,22-01-2025,paid_search,generic_search,,,0
502131,22-01-2025,paid_social,retargeting,,,0
502132,22-01-2025,paid_search,generic_search,,,0
502133,22-01-2025,paid_social,retargeting,24-01-2025,annual,79.99
502134,22-01-2025,organic,,,,0
502135,22-01-2025,paid_search,brand_search,,,0
502136,22-01-2025,paid_search,generic_search,,,0
502137,22-01-2025,paid_social,prospecting_video,,,0
502138,22-01-2025,organic,,,,0
502139,22-01-2025,paid_social,prospecting_video,22-01-2025,monthly,29.97
502140,22-01-2025,paid_social,prospecting_video,,,0
502141,22-01-2025,affiliate,finance_blogs,29-01-2025,monthly,29.97
502142,22-01-2025,paid_social,prospecting_video,,,0
502143,22-01-2025,paid_social,retargeting,,,0
502144,22-01-2025,organic,,,,0
502145,22-01-2025,paid_search,generic_search,,,0
502146,22-01-2025,paid_social,prospecting_video,,,0
502147,22-01-2025,paid_social,prospecting_video,,,0
502148,22-01-2025,paid_search,generic_search,,,0
502149,22-01-2025,paid_search,generic_search,,,0
502150,22-01-2025,paid_social,retargeting,,,0
502151,22-01-2025,referral,,,,0
502152,22-01-2025,paid_search,generic_search,,,0
502153,22-01-2025,paid_social,prospecting_video,,,0
502154,22-01-2025,paid_social,retargeting,,,0
502155,22-01-2025,organic,,,,0
502156,22-01-2025,paid_social,prospecting_video,,,0
502157,22-01-2025,organic,,24-01-2025,monthly,29.97
502158,22-01-2025,paid_search,generic_search,25-01-2025,annual,79.99
502159,22-01-2025,paid_search,generic_search,23-01-2025,monthly,29.97
502160,22-01-2025,paid_social,prospecting_video,,,0
502161,22-01-2025,organic,,,,0
502162,22-01-2025,paid_social,retargeting,,,0
502163,22-01-2025,paid_social,prospecting_video,,,0
502164,22-01-2025,paid_search,generic_search,,,0
502165,22-01-2025,referral,,,,0
502166,22-01-2025,organic,,,,0
502167,22-01-2025,paid_social,prospecting_video,,,0
502168,22-01-2025,paid_social,prospecting_video,,,0
502169,22-01-2025,paid_search,generic_search,,,0
502170,22-01-2025,paid_social,prospecting_video,,,0
502171,22-01-2025,paid_social,prospecting_video,,,0
502172,22-01-2025,paid_search,brand_search,,,0
502173,22-01-2025,paid_social,prospecting_video,,,0
502174,22-01-2025,paid_social,prospecting_video,,,0
502175,22-01-2025,paid_social,prospecting_video,,,0
502176,22-01-2025,paid_social,prospecting_video,,,0
502177,22-01-2025,paid_social,prospecting_video,,,0
502178,22-01-2025,paid_search,generic_search,22-01-2025,monthly,9.99
502179,22-01-2025,display,display_network,,,0
502180,22-01-2025,organic,,,,0
502181,22-01-2025,referral,,24-01-2025,monthly,19.98
502182,22-01-2025,paid_search,brand_search,,,0
502183,22-01-2025,paid_social,prospecting_video,,,0
502184,22-01-2025,paid_social,prospecting_video,,,0
502185,22-01-2025,paid_social,prospecting_video,,,0
502186,22-01-2025,organic,,,,0
502187,22-01-2025,organic,,,,0
502188,22-01-2025,paid_search,generic_search,,,0
502189,22-01-2025,paid_social,retargeting,,,0
502190,22-01-2025,organic,,,,0
502191,22-01-2025,paid_social,retargeting,,,0
502192,22-01-2025,paid_search,generic_search,,,0
502193,22-01-2025,paid_social,prospecting_video,,,0
502194,22-01-2025,paid_search,brand_search,,,0
502195,22-01-2025,organic,,,,0
502196,22-01-2025,paid_search,generic_search,,,0
502197,22-01-2025,paid_social,prospecting_video,,,0
502198,22-01-2025,referral,,,,0
502199,22-01-2025,paid_search,generic_search,,,0
502200,22-01-2025,paid_social,prospecting_video,,,0
502201,22-01-2025,paid_social,prospecting_video,,,0
502202,22-01-2025,referral,,,,0
502203,22-01-2025,paid_social,retargeting,,,0
502204,22-01-2025,paid_social,prospecting_video,,,0
502205,22-01-2025,affiliate,finance_blogs,,,0
502206,22-01-2025,paid_search,generic_search,,,0
502207,22-01-2025,organic,,,,0
502208,22-01-2025,paid_search,brand_search,24-01-2025,monthly,29.97
502209,22-01-2025,affiliate,finance_blogs,,,0
502210,22-01-2025,paid_social,retargeting,,,0
502211,22-01-2025,paid_search,brand_search,,,0
502212,22-01-2025,paid_social,prospecting_video,,,0
502213,22-01-2025,organic,,,,0
502214,22-01-2025,paid_search,brand_search,,,0
502215,22-01-2025,paid_social,prospecting_video,,,0
502216,22-01-2025,paid_search,brand_search,,,0
502217,22-01-2025,referral,,22-01-2025,monthly,19.98
502218,22-01-2025,paid_social,prospecting_video,,,0
502219,22-01-2025,paid_social,prospecting_video,,,0
502220,22-01-2025,affiliate,finance_blogs,,,0
502221,22-01-2025,paid_search,generic_search,,,0
502222,22-01-2025,organic,,,,0
502223,22-01-2025,affiliate,finance_blogs,,,0
502224,22-01-2025,organic,,,,0
502225,22-01-2025,paid_search,generic_search,,,0
502226,22-01-2025,affiliate,finance_blogs,,,0
502227,22-01-2025,affiliate,finance_blogs,,,0
502228,22-01-2025,paid_search,generic_search,,,0
502229,22-01-2025,paid_social,prospecting_video,,,0
502230,22-01-2025,paid_social,retargeting,,,0
502231,22-01-2025,paid_social,prospecting_video,,,0
502232,22-01-2025,organic,,23-01-2025,annual,79.99
502233,22-01-2025,paid_social,prospecting_video,,,0
502234,22-01-2025,paid_search,generic_search,30-01-2025,monthly,9.99
502235,22-01-2025,paid_social,prospecting_video,,,0
502236,22-01-2025,organic,,,,0
502237,22-01-2025,paid_search,brand_search,,,0
502238,22-01-2025,organic,,,,0
502239,22-01-2025,paid_social,prospecting_video,,,0
502240,22-01-2025,paid_social,retargeting,,,0
502241,22-01-2025,display,display_network,,,0
502242,22-01-2025,organic,,,,0
502243,22-01-2025,paid_social,prospecting_video,,,0
502244,22-01-2025,organic,,,,0
502245,22-01-2025,paid_social,retargeting,,,0
502246,22-01-2025,organic,,,,0
502247,22-01-2025,paid_social,retargeting,,,0
502248,22-01-2025,organic,,,,0
502249,22-01-2025,paid_social,prospecting_video,,,0
502250,22-01-2025,referral,,,,0
502251,22-01-2025,organic,,,,0
502252,22-01-2025,affiliate,finance_blogs,,,0
502253,22-01-2025,paid_social,retargeting,,,0
502254,22-01-2025,paid_social,prospecting_video,,,0
502255,23-01-2025,paid_social,retargeting,,,0
502256,23-01-2025,paid_search,generic_search,,,0
502257,23-01-2025,paid_search,generic_search,,,0
502258,23-01-2025,affiliate,finance_blogs,,,0
502259,23-01-2025,organic,,,,0
502260,23-01-2025,paid_social,prospecting_video,,,0
502261,23-01-2025,paid_social,prospecting_video,,,0
502262,23-01-2025,referral,,24-01-2025,monthly,29.97
502263,23-01-2025,paid_social,prospecting_video,,,0
502264,23-01-2025,paid_social,retargeting,,,0
502265,23-01-2025,paid_search,generic_search,,,0
502266,23-01-2025,organic,,,,0
502267,23-01-2025,affiliate,finance_blogs,,,0
502268,23-01-2025,paid_social,prospecting_video,,,0
502269,23-01-2025,paid_social,prospecting_video,,,0
502270,23-01-2025,referral,,25-01-2025,monthly,29.97
502271,23-01-2025,paid_search,generic_search,25-01-2025,monthly,29.97
502272,23-01-2025,paid_social,retargeting,,,0
502273,23-01-2025,paid_social,prospecting_video,,,0
502274,23-01-2025,paid_social,prospecting_video,,,0
502275,23-01-2025,paid_social,prospecting_video,,,0
502276,23-01-2025,organic,,,,0
502277,23-01-2025,referral,,,,0
502278,23-01-2025,paid_search,brand_search,,,0
502279,23-01-2025,organic,,,,0
502280,23-01-2025,paid_social,retargeting,24-01-2025,monthly,29.97
502281,23-01-2025,paid_search,generic_search,,,0
502282,23-01-2025,paid_social,prospecting_video,,,0
502283,23-01-2025,paid_search,generic_search,23-01-2025,monthly,29.97
502284,23-01-2025,display,display_network,,,0
502285,23-01-2025,paid_social,retargeting,,,0
502286,23-01-2025,paid_social,prospecting_video,,,0
502287,23-01-2025,affiliate,finance_blogs,,,0
502288,23-01-2025,paid_social,retargeting,23-01-2025,annual,79.99
502289,23-01-2025,paid_social,prospecting_video,,,0
502290,23-01-2025,affiliate,finance_blogs,,,0
502291,23-01-2025,organic,,25-01-2025,annual,79.99
502292,23-01-2025,paid_social,prospecting_video,,,0
502293,23-01-2025,paid_social,retargeting,24-01-2025,annual,79.99
502294,23-01-2025,referral,,,,0
502295,23-01-2025,paid_social,prospecting_video,,,0
502296,23-01-2025,paid_search,brand_search,23-01-2025,annual,79.99
502297,23-01-2025,organic,,,,0
502298,23-01-2025,paid_social,retargeting,,,0
502299,23-01-2025,paid_social,prospecting_video,,,0
502300,23-01-2025,paid_social,prospecting_video,23-01-2025,monthly,9.99
502301,23-01-2025,organic,,,,0
502302,23-01-2025,organic,,,,0
502303,23-01-2025,paid_search,generic_search,26-01-2025,monthly,29.97
502304,23-01-2025,referral,,,,0
502305,23-01-2025,paid_search,brand_search,24-01-2025,monthly,19.98
502306,23-01-2025,organic,,,,0
502307,23-01-2025,paid_social,prospecting_video,,,0
502308,23-01-2025,paid_social,retargeting,,,0
502309,23-01-2025,affiliate,finance_blogs,29-01-2025,monthly,29.97
502310,23-01-2025,paid_social,retargeting,,,0
502311,23-01-2025,paid_social,prospecting_video,,,0
502312,23-01-2025,paid_social,prospecting_video,,,0
502313,23-01-2025,paid_social,retargeting,,,0
502314,23-01-2025,organic,,,,0
502315,23-01-2025,referral,,,,0
502316,23-01-2025,paid_social,prospecting_video,,,0
502317,23-01-2025,organic,,,,0
502318,23-01-2025,paid_social,retargeting,,,0
502319,23-01-2025,paid_search,generic_search,27-01-2025,monthly,19.98
502320,23-01-2025,organic,,24-01-2025,monthly,29.97
502321,23-01-2025,paid_social,prospecting_video,,,0
502322,23-01-2025,paid_search,generic_search,,,0
502323,23-01-2025,organic,,,,0
502324,23-01-2025,affiliate,finance_blogs,,,0
502325,23-01-2025,paid_social,retargeting,,,0
502326,23-01-2025,paid_search,brand_search,,,0
502327,23-01-2025,paid_social,retargeting,,,0
502328,23-01-2025,affiliate,finance_blogs,,,0
502329,23-01-2025,affiliate,finance_blogs,,,0
502330,23-01-2025,paid_social,prospecting_video,,,0
502331,23-01-2025,paid_social,prospecting_video,,,0
502332,23-01-2025,paid_search,generic_search,,,0
502333,23-01-2025,paid_social,prospecting_video,,,0
502334,23-01-2025,organic,,,,0
502335,23-01-2025,paid_social,prospecting_video,,,0
502336,23-01-2025,paid_search,brand_search,,,0
502337,23-01-2025,referral,,,,0
502338,23-01-2025,paid_search,brand_search,,,0
502339,23-01-2025,paid_search,generic_search,24-01-2025,monthly,9.99
502340,23-01-2025,paid_social,prospecting_video,,,0
502341,23-01-2025,organic,,,,0
502342,23-01-2025,paid_social,retargeting,26-01-2025,monthly,29.97
502343,23-01-2025,paid_social,retargeting,26-01-2025,monthly,29.97
502344,23-01-2025,paid_social,prospecting_video,,,0
502345,23-01-2025,paid_social,retargeting,,,0
502346,23-01-2025,paid_social,retargeting,,,0
502347,23-01-2025,paid_social,prospecting_video,,,0
502348,23-01-2025,paid_social,prospecting_video,,,0
502349,23-01-2025,paid_social,prospecting_video,,,0
502350,23-01-2025,paid_search,generic_search,,,0
502351,23-01-2025,paid_social,prospecting_video,,,0
502352,23-01-2025,organic,,,,0
502353,23-01-2025,organic,,,,0
502354,23-01-2025,affiliate,finance_blogs,23-01-2025,monthly,29.97
502355,23-01-2025,organic,,,,0
502356,24-01-2025,paid_search,brand_search,03-02-2025,monthly,29.97
502357,24-01-2025,paid_social,retargeting,,,0
502358,24-01-2025,paid_search,brand_search,24-01-2025,monthly,19.98
502359,24-01-2025,organic,,,,0
502360,24-01-2025,paid_search,generic_search,03-02-2025,monthly,29.97
502361,24-01-2025,paid_search,brand_search,,,0
502362,24-01-2025,affiliate,finance_blogs,,,0
502363,24-01-2025,paid_social,prospecting_video,,,0
502364,24-01-2025,paid_social,prospecting_video,,,0
502365,24-01-2025,paid_search,generic_search,,,0
502366,24-01-2025,organic,,,,0
502367,24-01-2025,paid_social,prospecting_video,,,0
502368,24-01-2025,paid_social,prospecting_video,,,0
502369,24-01-2025,paid_social,prospecting_video,,,0
502370,24-01-2025,paid_search,brand_search,,,0
502371,24-01-2025,organic,,,,0
502372,24-01-2025,paid_social,prospecting_video,,,0
502373,24-01-2025,paid_social,prospecting_video,,,0
502374,24-01-2025,paid_social,retargeting,,,0
502375,24-01-2025,organic,,,,0
502376,24-01-2025,organic,,31-01-2025,monthly,29.97
502377,24-01-2025,paid_social,prospecting_video,,,0
502378,24-01-2025,paid_social,prospecting_video,,,0
502379,24-01-2025,paid_social,prospecting_video,,,0
502380,24-01-2025,paid_social,prospecting_video,,,0
502381,24-01-2025,affiliate,finance_blogs,,,0
502382,24-01-2025,paid_social,retargeting,,,0
502383,24-01-2025,paid_social,prospecting_video,,,0
502384,24-01-2025,paid_search,generic_search,,,0
502385,24-01-2025,paid_social,prospecting_video,,,0
502386,24-01-2025,affiliate,finance_blogs,,,0
502387,24-01-2025,display,display_network,,,0
502388,24-01-2025,paid_search,generic_search,,,0
502389,24-01-2025,paid_social,prospecting_video,,,0
502390,24-01-2025,paid_search,generic_search,,,0
502391,24-01-2025,paid_social,prospecting_video,,,0
502392,24-01-2025,paid_search,generic_search,29-01-2025,annual,79.99
502393,24-01-2025,paid_social,prospecting_video,,,0
502394,24-01-2025,paid_search,brand_search,,,0
502395,24-01-2025,paid_social,prospecting_video,,,0
502396,24-01-2025,paid_social,prospecting_video,,,0
502397,24-01-2025,paid_social,retargeting,,,0
502398,24-01-2025,organic,,,,0
502399,24-01-2025,paid_social,prospecting_video,,,0
502400,24-01-2025,paid_social,prospecting_video,,,0
502401,24-01-2025,display,display_network,,,0
502402,24-01-2025,paid_social,retargeting,,,0
502403,24-01-2025,paid_social,prospecting_video,,,0
502404,24-01-2025,paid_social,prospecting_video,,,0
502405,24-01-2025,organic,,,,0
502406,24-01-2025,paid_search,generic_search,,,0
502407,24-01-2025,referral,,,,0
502408,24-01-2025,paid_social,prospecting_video,25-01-2025,monthly,29.97
502409,24-01-2025,paid_social,prospecting_video,,,0
502410,24-01-2025,organic,,,,0
502411,24-01-2025,organic,,,,0
502412,24-01-2025,paid_social,prospecting_video,,,0
502413,24-01-2025,paid_social,prospecting_video,,,0
502414,24-01-2025,paid_social,retargeting,,,0
502415,24-01-2025,paid_search,brand_search,25-01-2025,annual,79.99
502416,24-01-2025,paid_social,retargeting,,,0
502417,24-01-2025,paid_social,prospecting_video,,,0
502418,24-01-2025,paid_social,prospecting_video,,,0
502419,24-01-2025,affiliate,finance_blogs,,,0
502420,24-01-2025,paid_social,retargeting,,,0
502421,24-01-2025,paid_search,generic_search,24-01-2025,monthly,29.97
502422,24-01-2025,paid_social,prospecting_video,,,0
502423,24-01-2025,paid_social,prospecting_video,,,0
502424,24-01-2025,paid_social,retargeting,,,0
502425,24-01-2025,paid_social,retargeting,,,0
502426,24-01-2025,organic,,,,0
502427,24-01-2025,display,display_network,,,0
502428,24-01-2025,paid_social,prospecting_video,,,0
502429,24-01-2025,paid_social,prospecting_video,,,0
502430,24-01-2025,paid_search,brand_search,,,0
502431,24-01-2025,paid_social,retargeting,,,0
502432,24-01-2025,affiliate,finance_blogs,,,0
502433,24-01-2025,paid_social,prospecting_video,,,0
502434,24-01-2025,organic,,,,0
502435,24-01-2025,affiliate,finance_blogs,,,0
502436,24-01-2025,paid_search,generic_search,,,0
502437,24-01-2025,paid_search,brand_search,,,0
502438,24-01-2025,paid_social,prospecting_video,,,0
502439,24-01-2025,paid_social,prospecting_video,,,0
502440,24-01-2025,paid_search,generic_search,25-01-2025,monthly,29.97
502441,24-01-2025,paid_social,prospecting_video,,,0
502442,24-01-2025,display,display_network,,,0
502443,24-01-2025,paid_search,brand_search,,,0
502444,24-01-2025,organic,,,,0
502445,24-01-2025,organic,,,,0
502446,24-01-2025,referral,,,,0
502447,24-01-2025,paid_social,retargeting,24-01-2025,monthly,29.97
502448,24-01-2025,organic,,,,0
502449,24-01-2025,paid_search,generic_search,,,0
502450,24-01-2025,organic,,,,0
502451,25-01-2025,referral,,,,0
502452,25-01-2025,paid_social,prospecting_video,,,0
502453,25-01-2025,paid_social,prospecting_video,,,0
502454,25-01-2025,paid_social,retargeting,,,0
502455,25-01-2025,referral,,25-01-2025,annual,79.99
502456,25-01-2025,paid_search,generic_search,,,0
502457,25-01-2025,organic,,,,0
502458,25-01-2025,organic,,,,0
502459,25-01-2025,paid_social,retargeting,,,0
502460,25-01-2025,paid_social,prospecting_video,,,0
502461,25-01-2025,referral,,,,0
502462,25-01-2025,paid_social,retargeting,02-02-2025,monthly,19.98
502463,25-01-2025,paid_social,prospecting_video,,,0
502464,25-01-2025,paid_search,brand_search,,,0
502465,25-01-2025,paid_social,retargeting,,,0
502466,25-01-2025,organic,,,,0
502467,25-01-2025,organic,,,,0
502468,25-01-2025,organic,,,,0
502469,25-01-2025,organic,,,,0
502470,25-01-2025,paid_search,generic_search,,,0
502471,25-01-2025,paid_search,brand_search,,,0
502472,25-01-2025,paid_social,retargeting,,,0
502473,25-01-2025,paid_social,retargeting,26-01-2025,monthly,29.97
502474,25-01-2025,organic,,,,0
502475,25-01-2025,paid_social,prospecting_video,,,0
502476,25-01-2025,paid_social,prospecting_video,,,0
502477,25-01-2025,paid_search,generic_search,,,0
502478,25-01-2025,paid_social,prospecting_video,,,0
502479,25-01-2025,paid_social,prospecting_video,,,0
502480,25-01-2025,organic,,,,0
502481,25-01-2025,organic,,25-01-2025,monthly,29.97
502482,25-01-2025,affiliate,finance_blogs,,,0
502483,25-01-2025,paid_search,generic_search,,,0
502484,25-01-2025,affiliate,finance_blogs,,,0
502485,25-01-2025,paid_search,brand_search,25-01-2025,monthly,29.97
502486,25-01-2025,paid_social,retargeting,25-01-2025,annual,79.99
502487,25-01-2025,referral,,,,0
502488,25-01-2025,paid_social,prospecting_video,,,0
502489,25-01-2025,paid_social,prospecting_video,,,0
502490,25-01-2025,organic,,,,0
502491,25-01-2025,organic,,,,0
502492,25-01-2025,paid_search,brand_search,,,0
502493,25-01-2025,paid_social,prospecting_video,,,0
502494,25-01-2025,paid_search,generic_search,,,0
502495,25-01-2025,paid_search,brand_search,,,0
502496,25-01-2025,paid_social,prospecting_video,,,0
502497,25-01-2025,referral,,,,0
502498,25-01-2025,organic,,,,0
502499,25-01-2025,paid_social,retargeting,,,0
502500,25-01-2025,affiliate,finance_blogs,,,0
502501,25-01-2025,display,display_network,,,0
502502,25-01-2025,paid_social,prospecting_video,,,0
502503,25-01-2025,organic,,,,0
502504,25-01-2025,paid_search,generic_search,,,0
502505,25-01-2025,organic,,,,0
502506,25-01-2025,organic,,,,0
502507,25-01-2025,organic,,,,0
502508,25-01-2025,paid_search,generic_search,,,0
502509,25-01-2025,paid_search,generic_search,,,0
502510,25-01-2025,affiliate,finance_blogs,,,0
502511,25-01-2025,paid_social,prospecting_video,,,0
502512,25-01-2025,paid_social,retargeting,,,0
502513,25-01-2025,paid_social,prospecting_video,,,0
502514,25-01-2025,organic,,,,0
502515,25-01-2025,paid_search,generic_search,31-01-2025,monthly,29.97
502516,25-01-2025,paid_social,retargeting,,,0
502517,25-01-2025,paid_search,brand_search,,,0
502518,25-01-2025,paid_social,prospecting_video,,,0
502519,25-01-2025,paid_social,retargeting,,,0
502520,25-01-2025,paid_social,prospecting_video,,,0
502521,25-01-2025,paid_search,brand_search,,,0
502522,25-01-2025,referral,,,,0
502523,25-01-2025,organic,,,,0
502524,25-01-2025,paid_search,brand_search,,,0
502525,25-01-2025,paid_search,generic_search,,,0
502526,25-01-2025,paid_search,brand_search,,,0
502527,25-01-2025,paid_social,retargeting,,,0
502528,25-01-2025,paid_search,generic_search,26-01-2025,monthly,29.97
502529,25-01-2025,paid_search,generic_search,,,0
502530,25-01-2025,paid_social,retargeting,,,0
502531,25-01-2025,organic,,,,0
502532,25-01-2025,organic,,,,0
502533,25-01-2025,paid_social,retargeting,,,0
502534,25-01-2025,paid_social,prospecting_video,,,0
502535,25-01-2025,paid_social,prospecting_video,,,0
502536,25-01-2025,affiliate,finance_blogs,25-01-2025,monthly,9.99
502537,25-01-2025,paid_search,brand_search,,,0
502538,25-01-2025,paid_social,prospecting_video,,,0
502539,25-01-2025,paid_search,brand_search,,,0
502540,25-01-2025,paid_social,retargeting,,,0
502541,25-01-2025,paid_search,brand_search,,,0
502542,25-01-2025,organic,,,,0
502543,25-01-2025,organic,,,,0
502544,25-01-2025,paid_social,prospecting_video,,,0
502545,25-01-2025,organic,,,,0
502546,25-01-2025,paid_social,prospecting_video,,,0
502547,25-01-2025,paid_social,prospecting_video,,,0
502548,26-01-2025,organic,,,,0
502549,26-01-2025,paid_social,retargeting,,,0
502550,26-01-2025,paid_social,prospecting_video,,,0
502551,26-01-2025,referral,,,,0
502552,26-01-2025,paid_search,generic_search,,,0
502553,26-01-2025,paid_social,prospecting_video,,,0
502554,26-01-2025,paid_social,prospecting_video,,,0
502555,26-01-2025,organic,,,,0
502556,26-01-2025,affiliate,finance_blogs,,,0
502557,26-01-2025,paid_social,retargeting,,,0
502558,26-01-2025,paid_social,prospecting_video,,,0
502559,26-01-2025,referral,,02-02-2025,annual,79.99
502560,26-01-2025,paid_search,brand_search,27-01-2025,annual,79.99
502561,26-01-2025,organic,,27-01-2025,monthly,9.99
502562,26-01-2025,paid_social,prospecting_video,,,0
502563,26-01-2025,paid_search,brand_search,,,0
502564,26-01-2025,paid_social,prospecting_video,,,0
502565,26-01-2025,paid_search,brand_search,31-01-2025,annual,79.99
502566,26-01-2025,paid_social,prospecting_video,,,0
502567,26-01-2025,affiliate,finance_blogs,,,0
502568,26-01-2025,organic,,,,0
502569,26-01-2025,paid_social,prospecting_video,,,0
502570,26-01-2025,paid_social,prospecting_video,26-01-2025,monthly,29.97
502571,26-01-2025,paid_social,prospecting_video,,,0
502572,26-01-2025,paid_search,generic_search,,,0
502573,26-01-2025,referral,,,,0
502574,26-01-2025,organic,,,,0
502575,26-01-2025,paid_social,prospecting_video,,,0
502576,26-01-2025,paid_social,retargeting,,,0
502577,26-01-2025,paid_social,prospecting_video,,,0
502578,26-01-2025,paid_social,retargeting,,,0
502579,26-01-2025,paid_social,prospecting_video,,,0
502580,26-01-2025,paid_social,retargeting,27-01-2025,annual,79.99
502581,26-01-2025,paid_social,prospecting_video,01-02-2025,annual,79.99
502582,26-01-2025,paid_search,generic_search,,,0
502583,26-01-2025,organic,,,,0
502584,26-01-2025,paid_search,generic_search,,,0
502585,26-01-2025,organic,,,,0
502586,26-01-2025,paid_social,retargeting,,,0
502587,26-01-2025,paid_social,prospecting_video,,,0
502588,26-01-2025,display,display_network,,,0
502589,26-01-2025,paid_social,retargeting,,,0
502590,26-01-2025,organic,,,,0
502591,26-01-2025,organic,,,,0
502592,26-01-2025,paid_social,prospecting_video,,,0
502593,26-01-2025,paid_social,prospecting_video,,,0
502594,26-01-2025,paid_social,prospecting_video,,,0
502595,26-01-2025,paid_search,generic_search,,,0
502596,26-01-2025,organic,,,,0
502597,26-01-2025,paid_social,retargeting,08-02-2025,monthly,9.99
502598,26-01-2025,paid_search,generic_search,,,0
502599,26-01-2025,organic,,,,0
502600,26-01-2025,paid_social,prospecting_video,,,0
502601,26-01-2025,paid_social,prospecting_video,,,0
502602,26-01-2025,organic,,,,0
502603,26-01-2025,paid_social,retargeting,,,0
502604,26-01-2025,organic,,,,0
502605,26-01-2025,paid_social,retargeting,,,0
502606,26-01-2025,affiliate,finance_blogs,,,0
502607,26-01-2025,referral,,,,0
502608,26-01-2025,paid_search,generic_search,,,0
502609,26-01-2025,paid_social,prospecting_video,,,0
502610,26-01-2025,paid_social,prospecting_video,,,0
502611,26-01-2025,paid_search,brand_search,,,0
502612,26-01-2025,paid_social,prospecting_video,28-01-2025,annual,79.99
502613,26-01-2025,paid_search,brand_search,,,0
502614,26-01-2025,paid_social,prospecting_video,,,0
502615,26-01-2025,paid_social,retargeting,,,0
502616,26-01-2025,affiliate,finance_blogs,26-01-2025,monthly,29.97
502617,26-01-2025,paid_social,retargeting,,,0
502618,26-01-2025,paid_social,retargeting,,,0
502619,26-01-2025,paid_search,brand_search,,,0
502620,26-01-2025,organic,,,,0
502621,26-01-2025,organic,,,,0
502622,26-01-2025,paid_social,prospecting_video,,,0
502623,26-01-2025,paid_social,prospecting_video,,,0
502624,26-01-2025,paid_social,retargeting,,,0
502625,26-01-2025,organic,,,,0
502626,26-01-2025,organic,,,,0
502627,26-01-2025,organic,,,,0
502628,26-01-2025,affiliate,finance_blogs,,,0
502629,26-01-2025,paid_social,prospecting_video,,,0
502630,26-01-2025,paid_search,brand_search,,,0
502631,26-01-2025,paid_search,brand_search,26-01-2025,monthly,29.97
502632,26-01-2025,organic,,27-01-2025,monthly,29.97
502633,26-01-2025,paid_social,prospecting_video,,,0
502634,26-01-2025,paid_social,prospecting_video,,,0
502635,26-01-2025,paid_search,generic_search,,,0
502636,26-01-2025,organic,,,,0
502637,26-01-2025,paid_social,prospecting_video,,,0
502638,26-01-2025,paid_social,prospecting_video,,,0
502639,26-01-2025,organic,,,,0
502640,26-01-2025,referral,,03-02-2025,annual,79.99
502641,26-01-2025,paid_search,generic_search,,,0
502642,26-01-2025,paid_search,brand_search,,,0
502643,26-01-2025,paid_social,retargeting,,,0
502644,26-01-2025,paid_social,prospecting_video,,,0
502645,26-01-2025,organic,,,,0
502646,26-01-2025,paid_search,generic_search,,,0
502647,26-01-2025,display,display_network,,,0
502648,26-01-2025,paid_social,prospecting_video,,,0
502649,26-01-2025,paid_social,prospecting_video,,,0
502650,26-01-2025,paid_search,brand_search,,,0
502651,26-01-2025,paid_search,brand_search,,,0
502652,26-01-2025,paid_social,prospecting_video,,,0
502653,26-01-2025,paid_social,prospecting_video,,,0
502654,26-01-2025,paid_social,prospecting_video,,,0
502655,27-01-2025,paid_social,prospecting_video,,,0
502656,27-01-2025,paid_social,prospecting_video,,,0
502657,27-01-2025,referral,,28-01-2025,annual,79.99
502658,27-01-2025,paid_social,retargeting,,,0
502659,27-01-2025,paid_social,prospecting_video,,,0
502660,27-01-2025,paid_search,brand_search,,,0
502661,27-01-2025,affiliate,finance_blogs,,,0
502662,27-01-2025,organic,,,,0
502663,27-01-2025,organic,,,,0
502664,27-01-2025,paid_social,prospecting_video,,,0
502665,27-01-2025,paid_social,prospecting_video,,,0
502666,27-01-2025,organic,,27-01-2025,monthly,9.99
502667,27-01-2025,paid_search,generic_search,,,0
502668,27-01-2025,paid_social,prospecting_video,,,0
502669,27-01-2025,organic,,,,0
502670,27-01-2025,paid_search,generic_search,,,0
502671,27-01-2025,paid_social,prospecting_video,,,0
502672,27-01-2025,organic,,,,0
502673,27-01-2025,paid_social,prospecting_video,,,0
502674,27-01-2025,paid_social,prospecting_video,,,0
502675,27-01-2025,paid_social,prospecting_video,,,0
502676,27-01-2025,paid_social,prospecting_video,,,0
502677,27-01-2025,paid_search,brand_search,03-02-2025,monthly,9.99
502678,27-01-2025,paid_search,brand_search,,,0
502679,27-01-2025,organic,,,,0
502680,27-01-2025,organic,,,,0
502681,27-01-2025,paid_search,brand_search,27-01-2025,monthly,29.97
502682,27-01-2025,paid_social,prospecting_video,,,0
502683,27-01-2025,organic,,,,0
502684,27-01-2025,paid_social,retargeting,,,0
502685,27-01-2025,paid_social,prospecting_video,,,0
502686,27-01-2025,paid_search,generic_search,01-02-2025,annual,79.99
502687,27-01-2025,referral,,,,0
502688,27-01-2025,referral,,,,0
502689,27-01-2025,display,display_network,,,0
502690,27-01-2025,paid_search,generic_search,01-02-2025,monthly,9.99
502691,27-01-2025,paid_search,brand_search,,,0
502692,27-01-2025,paid_social,prospecting_video,,,0
502693,27-01-2025,paid_search,generic_search,,,0
502694,27-01-2025,paid_social,prospecting_video,,,0
502695,27-01-2025,paid_social,prospecting_video,,,0
502696,27-01-2025,organic,,,,0
502697,27-01-2025,paid_social,prospecting_video,,,0
502698,27-01-2025,referral,,,,0
502699,27-01-2025,paid_social,prospecting_video,,,0
502700,27-01-2025,organic,,,,0
502701,27-01-2025,paid_search,generic_search,,,0
502702,27-01-2025,organic,,,,0
502703,27-01-2025,paid_social,prospecting_video,,,0
502704,27-01-2025,paid_search,brand_search,,,0
502705,27-01-2025,organic,,,,0
502706,27-01-2025,paid_social,prospecting_video,,,0
502707,27-01-2025,organic,,,,0
502708,27-01-2025,paid_search,brand_search,,,0
502709,27-01-2025,paid_social,prospecting_video,,,0
502710,27-01-2025,paid_social,prospecting_video,,,0
502711,27-01-2025,paid_social,retargeting,,,0
502712,27-01-2025,paid_social,retargeting,,,0
502713,27-01-2025,paid_social,prospecting_video,,,0
502714,27-01-2025,paid_social,prospecting_video,,,0
502715,27-01-2025,referral,,,,0
502716,27-01-2025,paid_social,prospecting_video,,,0
502717,27-01-2025,paid_social,retargeting,30-01-2025,monthly,19.98
502718,27-01-2025,paid_social,prospecting_video,27-01-2025,annual,79.99
502719,27-01-2025,organic,,,,0
502720,27-01-2025,referral,,,,0
502721,27-01-2025,paid_social,retargeting,,,0
502722,27-01-2025,paid_search,brand_search,05-02-2025,annual,79.99
502723,27-01-2025,affiliate,finance_blogs,,,0
502724,27-01-2025,affiliate,finance_blogs,29-01-2025,annual,79.99
502725,27-01-2025,paid_search,brand_search,,,0
502726,27-01-2025,paid_social,retargeting,,,0
502727,27-01-2025,paid_social,prospecting_video,,,0
502728,27-01-2025,organic,,,,0
502729,27-01-2025,organic,,,,0
502730,27-01-2025,paid_social,prospecting_video,,,0
502731,27-01-2025,paid_social,prospecting_video,,,0
502732,27-01-2025,paid_social,prospecting_video,,,0
502733,27-01-2025,paid_social,retargeting,,,0
502734,27-01-2025,paid_social,retargeting,,,0
502735,27-01-2025,paid_social,prospecting_video,,,0
502736,27-01-2025,paid_social,prospecting_video,,,0
502737,27-01-2025,paid_social,prospecting_video,,,0
502738,27-01-2025,referral,,,,0
502739,27-01-2025,paid_social,prospecting_video,,,0
502740,27-01-2025,paid_social,retargeting,,,0
502741,27-01-2025,paid_social,retargeting,,,0
502742,27-01-2025,paid_search,generic_search,,,0
502743,27-01-2025,paid_search,generic_search,,,0
502744,27-01-2025,paid_social,prospecting_video,,,0
502745,27-01-2025,paid_social,prospecting_video,,,0
502746,27-01-2025,organic,,,,0
502747,27-01-2025,paid_social,prospecting_video,,,0
502748,27-01-2025,paid_social,prospecting_video,,,0
502749,27-01-2025,paid_search,brand_search,,,0
502750,27-01-2025,affiliate,finance_blogs,01-02-2025,monthly,29.97
502751,27-01-2025,paid_social,prospecting_video,,,0
502752,27-01-2025,paid_social,prospecting_video,,,0
502753,27-01-2025,organic,,,,0
502754,27-01-2025,paid_social,prospecting_video,,,0
502755,27-01-2025,paid_social,prospecting_video,,,0
502756,27-01-2025,paid_search,brand_search,,,0
502757,27-01-2025,paid_search,generic_search,,,0
502758,27-01-2025,paid_social,prospecting_video,,,0
502759,27-01-2025,paid_social,prospecting_video,,,0
502760,27-01-2025,paid_social,prospecting_video,,,0
502761,27-01-2025,paid_social,prospecting_video,,,0
502762,27-01-2025,paid_social,prospecting_video,,,0
502763,27-01-2025,paid_social,prospecting_video,,,0
502764,28-01-2025,paid_social,retargeting,,,0
502765,28-01-2025,paid_social,prospecting_video,28-01-2025,monthly,29.97
502766,28-01-2025,paid_social,prospecting_video,,,0
502767,28-01-2025,organic,,,,0
502768,28-01-2025,affiliate,finance_blogs,,,0
502769,28-01-2025,paid_search,brand_search,29-01-2025,annual,79.99
502770,28-01-2025,paid_social,retargeting,,,0
502771,28-01-2025,paid_social,prospecting_video,,,0
502772,28-01-2025,paid_social,retargeting,,,0
502773,28-01-2025,organic,,,,0
502774,28-01-2025,paid_social,retargeting,,,0
502775,28-01-2025,paid_social,retargeting,,,0
502776,28-01-2025,paid_social,prospecting_video,,,0
502777,28-01-2025,affiliate,finance_blogs,,,0
502778,28-01-2025,organic,,,,0
502779,28-01-2025,paid_social,prospecting_video,,,0
502780,28-01-2025,paid_social,retargeting,,,0
502781,28-01-2025,affiliate,finance_blogs,,,0
502782,28-01-2025,paid_social,retargeting,09-02-2025,annual,79.99
502783,28-01-2025,paid_search,generic_search,08-02-2025,monthly,29.97
502784,28-01-2025,organic,,,,0
502785,28-01-2025,organic,,,,0
502786,28-01-2025,organic,,,,0
502787,28-01-2025,paid_social,retargeting,,,0
502788,28-01-2025,referral,,,,0
502789,28-01-2025,referral,,,,0
502790,28-01-2025,referral,,,,0
502791,28-01-2025,paid_search,generic_search,,,0
502792,28-01-2025,paid_social,prospecting_video,,,0
502793,28-01-2025,paid_social,retargeting,,,0
502794,28-01-2025,paid_search,generic_search,,,0
502795,28-01-2025,paid_social,retargeting,,,0
502796,28-01-2025,affiliate,finance_blogs,,,0
502797,28-01-2025,organic,,28-01-2025,monthly,29.97
502798,28-01-2025,paid_social,prospecting_video,,,0
502799,28-01-2025,paid_social,prospecting_video,,,0
502800,28-01-2025,paid_social,retargeting,,,0
502801,28-01-2025,display,display_network,,,0
502802,28-01-2025,paid_search,brand_search,,,0
502803,28-01-2025,paid_social,prospecting_video,,,0
502804,28-01-2025,display,display_network,,,0
502805,28-01-2025,paid_search,generic_search,,,0
502806,28-01-2025,paid_social,prospecting_video,,,0
502807,28-01-2025,paid_social,retargeting,,,0
502808,28-01-2025,paid_social,prospecting_video,,,0
502809,28-01-2025,paid_social,retargeting,,,0
502810,28-01-2025,organic,,,,0
502811,28-01-2025,referral,,,,0
502812,28-01-2025,paid_social,retargeting,31-01-2025,monthly,29.97
502813,28-01-2025,affiliate,finance_blogs,,,0
502814,28-01-2025,affiliate,finance_blogs,28-01-2025,annual,79.99
502815,28-01-2025,paid_search,generic_search,,,0
502816,28-01-2025,paid_social,prospecting_video,29-01-2025,monthly,29.97
502817,28-01-2025,paid_social,prospecting_video,,,0
502818,28-01-2025,paid_social,retargeting,,,0
502819,28-01-2025,paid_social,prospecting_video,,,0
502820,28-01-2025,paid_social,retargeting,,,0
502821,28-01-2025,paid_social,prospecting_video,,,0
502822,28-01-2025,paid_social,prospecting_video,,,0
502823,28-01-2025,referral,,,,0
502824,28-01-2025,paid_search,generic_search,,,0
502825,28-01-2025,paid_search,generic_search,29-01-2025,annual,79.99
502826,28-01-2025,affiliate,finance_blogs,,,0
502827,28-01-2025,paid_search,generic_search,,,0
502828,28-01-2025,paid_social,prospecting_video,,,0
502829,28-01-2025,paid_search,brand_search,,,0
502830,28-01-2025,organic,,,,0
502831,28-01-2025,paid_search,brand_search,,,0
502832,28-01-2025,paid_search,generic_search,01-02-2025,monthly,29.97
502833,28-01-2025,referral,,,,0
502834,28-01-2025,organic,,01-02-2025,monthly,29.97
502835,28-01-2025,paid_social,retargeting,,,0
502836,28-01-2025,display,display_network,,,0
502837,28-01-2025,affiliate,finance_blogs,,,0
502838,28-01-2025,paid_search,brand_search,,,0
502839,28-01-2025,paid_social,prospecting_video,,,0
502840,28-01-2025,paid_social,prospecting_video,,,0
502841,28-01-2025,paid_social,prospecting_video,,,0
502842,28-01-2025,paid_social,prospecting_video,,,0
502843,28-01-2025,paid_social,prospecting_video,,,0
502844,28-01-2025,paid_social,prospecting_video,,,0
502845,28-01-2025,paid_search,brand_search,28-01-2025,annual,79.99
502846,28-01-2025,paid_search,generic_search,,,0
502847,28-01-2025,organic,,,,0
502848,28-01-2025,paid_social,retargeting,,,0
502849,28-01-2025,paid_social,prospecting_video,,,0
502850,28-01-2025,paid_search,brand_search,,,0
502851,28-01-2025,paid_social,retargeting,,,0
502852,28-01-2025,paid_social,retargeting,,,0
502853,28-01-2025,paid_social,prospecting_video,,,0
502854,28-01-2025,paid_search,brand_search,,,0
502855,28-01-2025,paid_search,brand_search,28-01-2025,monthly,29.97
502856,29-01-2025,referral,,06-02-2025,annual,79.99
502857,29-01-2025,organic,,,,0
502858,29-01-2025,affiliate,finance_blogs,,,0
502859,29-01-2025,paid_search,generic_search,,,0
502860,29-01-2025,paid_social,retargeting,,,0
502861,29-01-2025,paid_search,brand_search,,,0
502862,29-01-2025,paid_social,prospecting_video,,,0
502863,29-01-2025,organic,,,,0
502864,29-01-2025,paid_search,brand_search,,,0
502865,29-01-2025,referral,,,,0
502866,29-01-2025,paid_social,retargeting,,,0
502867,29-01-2025,paid_social,prospecting_video,,,0
502868,29-01-2025,paid_search,generic_search,,,0
502869,29-01-2025,paid_social,prospecting_video,,,0
502870,29-01-2025,paid_social,prospecting_video,,,0
502871,29-01-2025,paid_social,prospecting_video,,,0
502872,29-01-2025,paid_search,generic_search,29-01-2025,monthly,29.97
502873,29-01-2025,paid_social,retargeting,,,0
502874,29-01-2025,paid_social,retargeting,,,0
502875,29-01-2025,organic,,,,0
502876,29-01-2025,paid_social,retargeting,08-02-2025,monthly,19.98
502877,29-01-2025,paid_social,prospecting_video,,,0
502878,29-01-2025,referral,,,,0
502879,29-01-2025,affiliate,finance_blogs,,,0
502880,29-01-2025,paid_social,prospecting_video,,,0
502881,29-01-2025,organic,,,,0
502882,29-01-2025,organic,,,,0
502883,29-01-2025,paid_social,prospecting_video,,,0
502884,29-01-2025,display,display_network,03-02-2025,annual,79.99
502885,29-01-2025,paid_search,brand_search,05-02-2025,annual,79.99
502886,29-01-2025,paid_social,retargeting,,,0
502887,29-01-2025,organic,,,,0
502888,29-01-2025,paid_search,generic_search,,,0
502889,29-01-2025,paid_search,brand_search,31-01-2025,annual,79.99
502890,29-01-2025,paid_search,brand_search,,,0
502891,29-01-2025,paid_social,prospecting_video,,,0
502892,29-01-2025,affiliate,finance_blogs,,,0
502893,29-01-2025,paid_social,prospecting_video,,,0
502894,29-01-2025,paid_social,prospecting_video,31-01-2025,monthly,29.97
502895,29-01-2025,paid_social,prospecting_video,,,0
502896,29-01-2025,paid_social,prospecting_video,,,0
502897,29-01-2025,paid_social,prospecting_video,,,0
502898,29-01-2025,paid_search,brand_search,30-01-2025,monthly,29.97
502899,29-01-2025,paid_social,prospecting_video,,,0
502900,29-01-2025,organic,,,,0
502901,29-01-2025,paid_social,prospecting_video,,,0
502902,29-01-2025,paid_social,prospecting_video,,,0
502903,29-01-2025,paid_search,generic_search,,,0
502904,29-01-2025,paid_social,prospecting_video,,,0
502905,29-01-2025,paid_social,prospecting_video,,,0
502906,29-01-2025,paid_social,prospecting_video,,,0
502907,29-01-2025,organic,,,,0
502908,29-01-2025,referral,,30-01-2025,monthly,29.97
502909,29-01-2025,referral,,01-02-2025,monthly,29.97
502910,29-01-2025,paid_social,prospecting_video,,,0
502911,29-01-2025,paid_social,prospecting_video,,,0
502912,29-01-2025,affiliate,finance_blogs,,,0
502913,29-01-2025,affiliate,finance_blogs,,,0
502914,29-01-2025,paid_social,prospecting_video,,,0
502915,29-01-2025,paid_social,prospecting_video,,,0
502916,29-01-2025,organic,,,,0
502917,29-01-2025,paid_social,prospecting_video,,,0
502918,29-01-2025,paid_social,prospecting_video,,,0
502919,29-01-2025,paid_search,generic_search,,,0
502920,29-01-2025,paid_social,prospecting_video,,,0
502921,29-01-2025,organic,,,,0
502922,29-01-2025,paid_social,prospecting_video,,,0
502923,29-01-2025,affiliate,finance_blogs,,,0
502924,29-01-2025,organic,,,,0
502925,29-01-2025,organic,,29-01-2025,annual,79.99
502926,29-01-2025,organic,,,,0
502927,29-01-2025,paid_social,retargeting,07-02-2025,annual,79.99
502928,29-01-2025,paid_social,prospecting_video,,,0
502929,29-01-2025,paid_search,brand_search,,,0
502930,29-01-2025,paid_search,generic_search,,,0
502931,29-01-2025,paid_search,brand_search,,,0
502932,29-01-2025,paid_social,retargeting,,,0
502933,29-01-2025,paid_search,generic_search,,,0
502934,29-01-2025,paid_social,prospecting_video,,,0
502935,29-01-2025,paid_social,retargeting,29-01-2025,annual,79.99
502936,29-01-2025,paid_search,brand_search,30-01-2025,monthly,29.97
502937,29-01-2025,paid_social,prospecting_video,,,0
502938,29-01-2025,paid_social,prospecting_video,,,0
502939,29-01-2025,paid_social,prospecting_video,,,0
502940,29-01-2025,paid_search,brand_search,,,0
502941,29-01-2025,paid_social,prospecting_video,,,0
502942,29-01-2025,paid_social,prospecting_video,,,0
502943,29-01-2025,paid_social,prospecting_video,,,0
502944,29-01-2025,paid_social,retargeting,,,0
502945,29-01-2025,paid_social,prospecting_video,,,0
502946,29-01-2025,referral,,,,0
502947,29-01-2025,paid_search,brand_search,,,0
502948,29-01-2025,paid_social,prospecting_video,,,0
502949,29-01-2025,organic,,,,0
502950,29-01-2025,paid_search,brand_search,,,0
502951,29-01-2025,paid_social,retargeting,,,0
502952,29-01-2025,paid_social,prospecting_video,,,0
502953,29-01-2025,paid_social,prospecting_video,,,0
502954,29-01-2025,paid_social,prospecting_video,,,0
502955,29-01-2025,referral,,,,0
502956,29-01-2025,paid_search,brand_search,31-01-2025,monthly,9.99
502957,29-01-2025,organic,,,,0
502958,29-01-2025,paid_search,generic_search,,,0
502959,29-01-2025,referral,,,,0
502960,29-01-2025,paid_search,brand_search,,,0
502961,29-01-2025,paid_social,retargeting,,,0
502962,29-01-2025,paid_social,prospecting_video,,,0
502963,29-01-2025,referral,,,,0
502964,29-01-2025,paid_search,generic_search,,,0
502965,29-01-2025,paid_social,prospecting_video,,,0
502966,29-01-2025,organic,,,,0
502967,29-01-2025,referral,,29-01-2025,monthly,29.97
502968,30-01-2025,paid_social,prospecting_video,,,0
502969,30-01-2025,referral,,,,0
502970,30-01-2025,paid_social,prospecting_video,,,0
502971,30-01-2025,organic,,,,0
502972,30-01-2025,paid_social,prospecting_video,,,0
502973,30-01-2025,paid_social,prospecting_video,,,0
502974,30-01-2025,paid_social,prospecting_video,,,0
502975,30-01-2025,organic,,,,0
502976,30-01-2025,paid_social,prospecting_video,,,0
502977,30-01-2025,paid_social,prospecting_video,,,0
502978,30-01-2025,paid_search,brand_search,,,0
502979,30-01-2025,paid_social,prospecting_video,,,0
502980,30-01-2025,paid_social,retargeting,,,0
502981,30-01-2025,paid_social,retargeting,,,0
502982,30-01-2025,paid_social,prospecting_video,,,0
502983,30-01-2025,paid_search,generic_search,,,0
502984,30-01-2025,organic,,,,0
502985,30-01-2025,referral,,,,0
502986,30-01-2025,paid_search,generic_search,,,0
502987,30-01-2025,paid_social,retargeting,,,0
502988,30-01-2025,paid_social,prospecting_video,,,0
502989,30-01-2025,paid_social,retargeting,,,0
502990,30-01-2025,display,display_network,,,0
502991,30-01-2025,paid_search,brand_search,,,0
502992,30-01-2025,paid_social,prospecting_video,,,0
502993,30-01-2025,organic,,,,0
502994,30-01-2025,paid_social,retargeting,30-01-2025,annual,79.99
502995,30-01-2025,paid_social,prospecting_video,,,0
502996,30-01-2025,paid_search,brand_search,,,0
502997,30-01-2025,paid_social,prospecting_video,,,0
502998,30-01-2025,paid_social,prospecting_video,,,0
502999,30-01-2025,paid_social,prospecting_video,,,0
503000,30-01-2025,referral,,,,0
503001,30-01-2025,paid_search,brand_search,,,0
503002,30-01-2025,paid_search,brand_search,,,0
503003,30-01-2025,paid_social,prospecting_video,,,0
503004,30-01-2025,paid_social,prospecting_video,,,0
503005,30-01-2025,paid_social,retargeting,,,0
503006,30-01-2025,referral,,,,0
503007,30-01-2025,paid_social,retargeting,,,0
503008,30-01-2025,referral,,01-02-2025,monthly,29.97
503009,30-01-2025,paid_search,brand_search,31-01-2025,monthly,29.97
503010,30-01-2025,organic,,,,0
503011,30-01-2025,paid_search,brand_search,,,0
503012,30-01-2025,paid_social,retargeting,,,0
503013,30-01-2025,paid_social,prospecting_video,,,0
503014,30-01-2025,paid_search,brand_search,,,0
503015,30-01-2025,paid_social,prospecting_video,,,0
503016,30-01-2025,paid_social,prospecting_video,,,0
503017,30-01-2025,paid_social,prospecting_video,,,0
503018,30-01-2025,paid_search,generic_search,,,0
503019,30-01-2025,paid_social,prospecting_video,,,0
503020,30-01-2025,paid_social,prospecting_video,,,0
503021,30-01-2025,paid_social,prospecting_video,,,0
503022,30-01-2025,organic,,,,0
503023,30-01-2025,paid_social,prospecting_video,,,0
503024,30-01-2025,organic,,,,0
503025,30-01-2025,paid_social,prospecting_video,,,0
503026,30-01-2025,paid_social,prospecting_video,,,0
503027,30-01-2025,paid_search,brand_search,31-01-2025,monthly,29.97
503028,30-01-2025,paid_search,brand_search,02-02-2025,monthly,19.98
503029,30-01-2025,paid_social,prospecting_video,,,0
503030,30-01-2025,organic,,,,0
503031,30-01-2025,paid_social,prospecting_video,,,0
503032,30-01-2025,paid_search,brand_search,,,0
503033,30-01-2025,paid_social,prospecting_video,,,0
503034,30-01-2025,paid_search,generic_search,,,0
503035,30-01-2025,paid_social,prospecting_video,,,0
503036,30-01-2025,paid_social,retargeting,,,0
503037,30-01-2025,affiliate,finance_blogs,31-01-2025,annual,79.99
503038,30-01-2025,affiliate,finance_blogs,05-02-2025,annual,79.99
503039,30-01-2025,paid_social,prospecting_video,,,0
503040,30-01-2025,paid_social,prospecting_video,,,0
503041,30-01-2025,paid_social,retargeting,,,0
503042,30-01-2025,paid_social,retargeting,,,0
503043,30-01-2025,paid_social,prospecting_video,,,0
503044,30-01-2025,organic,,,,0
503045,30-01-2025,paid_social,prospecting_video,,,0
503046,30-01-2025,paid_social,prospecting_video,,,0
503047,30-01-2025,paid_social,prospecting_video,30-01-2025,monthly,29.97
503048,30-01-2025,organic,,,,0
503049,30-01-2025,paid_search,brand_search,,,0
503050,30-01-2025,paid_social,prospecting_video,,,0
503051,30-01-2025,paid_social,prospecting_video,,,0
503052,30-01-2025,paid_social,prospecting_video,30-01-2025,monthly,29.97
503053,30-01-2025,paid_social,prospecting_video,,,0
503054,30-01-2025,paid_social,retargeting,,,0
503055,30-01-2025,paid_search,brand_search,,,0
503056,30-01-2025,organic,,,,0
503057,30-01-2025,affiliate,finance_blogs,,,0
503058,30-01-2025,paid_search,brand_search,,,0
503059,30-01-2025,organic,,,,0
503060,30-01-2025,paid_social,prospecting_video,,,0
503061,30-01-2025,paid_social,prospecting_video,,,0
503062,30-01-2025,paid_social,prospecting_video,,,0
503063,30-01-2025,referral,,,,0
503064,30-01-2025,paid_social,retargeting,,,0
503065,30-01-2025,paid_search,generic_search,01-02-2025,monthly,29.97
503066,30-01-2025,paid_search,brand_search,,,0
503067,30-01-2025,paid_social,prospecting_video,,,0
503068,31-01-2025,paid_social,prospecting_video,,,0
503069,31-01-2025,paid_social,prospecting_video,09-02-2025,monthly,29.97
503070,31-01-2025,organic,,,,0
503071,31-01-2025,paid_search,generic_search,,,0
503072,31-01-2025,paid_social,prospecting_video,,,0
503073,31-01-2025,paid_social,prospecting_video,,,0
503074,31-01-2025,paid_search,generic_search,,,0
503075,31-01-2025,paid_social,prospecting_video,,,0
503076,31-01-2025,paid_social,prospecting_video,,,0
503077,31-01-2025,paid_social,retargeting,,,0
503078,31-01-2025,paid_search,generic_search,,,0
503079,31-01-2025,paid_social,prospecting_video,,,0
503080,31-01-2025,paid_social,prospecting_video,,,0
503081,31-01-2025,paid_social,retargeting,,,0
503082,31-01-2025,referral,,,,0
503083,31-01-2025,paid_social,prospecting_video,,,0
503084,31-01-2025,organic,,,,0
503085,31-01-2025,organic,,,,0
503086,31-01-2025,paid_search,brand_search,,,0
503087,31-01-2025,paid_search,brand_search,,,0
503088,31-01-2025,display,display_network,,,0
503089,31-01-2025,paid_social,prospecting_video,,,0
503090,31-01-2025,paid_social,prospecting_video,,,0
503091,31-01-2025,paid_search,generic_search,,,0
503092,31-01-2025,paid_social,prospecting_video,,,0
503093,31-01-2025,paid_social,prospecting_video,,,0
503094,31-01-2025,organic,,,,0
503095,31-01-2025,organic,,,,0
503096,31-01-2025,paid_search,generic_search,,,0
503097,31-01-2025,paid_search,brand_search,,,0
503098,31-01-2025,paid_search,generic_search,,,0
503099,31-01-2025,referral,,10-02-2025,monthly,29.97
503100,31-01-2025,referral,,,,0
503101,31-01-2025,paid_social,prospecting_video,,,0
503102,31-01-2025,paid_social,prospecting_video,,,0
503103,31-01-2025,display,display_network,,,0
503104,31-01-2025,organic,,,,0
503105,31-01-2025,paid_social,retargeting,,,0
503106,31-01-2025,referral,,,,0
503107,31-01-2025,paid_social,prospecting_video,,,0
503108,31-01-2025,paid_social,retargeting,,,0
503109,31-01-2025,paid_search,brand_search,31-01-2025,monthly,29.97
503110,31-01-2025,paid_social,prospecting_video,,,0
503111,31-01-2025,organic,,,,0
503112,31-01-2025,paid_social,prospecting_video,,,0
503113,31-01-2025,paid_search,brand_search,,,0
503114,31-01-2025,paid_search,generic_search,03-02-2025,annual,79.99
503115,31-01-2025,paid_search,generic_search,,,0
503116,31-01-2025,paid_search,brand_search,,,0
503117,31-01-2025,paid_social,retargeting,,,0
503118,31-01-2025,paid_search,brand_search,,,0
503119,31-01-2025,paid_social,retargeting,,,0
503120,31-01-2025,affiliate,finance_blogs,,,0
503121,31-01-2025,paid_social,prospecting_video,,,0
503122,31-01-2025,paid_social,prospecting_video,,,0
503123,31-01-2025,paid_search,brand_search,03-02-2025,monthly,29.97
503124,31-01-2025,paid_search,generic_search,31-01-2025,annual,79.99
503125,31-01-2025,paid_social,prospecting_video,,,0
503126,31-01-2025,paid_search,brand_search,,,0
503127,31-01-2025,organic,,,,0
503128,31-01-2025,referral,,,,0
503129,31-01-2025,paid_social,retargeting,,,0
503130,31-01-2025,paid_social,retargeting,,,0
503131,31-01-2025,affiliate,finance_blogs,,,0
503132,31-01-2025,paid_social,prospecting_video,,,0
503133,31-01-2025,organic,,,,0
503134,31-01-2025,paid_social,prospecting_video,,,0
503135,31-01-2025,organic,,,,0
503136,31-01-2025,paid_social,retargeting,,,0
503137,31-01-2025,paid_social,prospecting_video,,,0
503138,31-01-2025,paid_social,prospecting_video,,,0
503139,31-01-2025,paid_search,brand_search,,,0
503140,31-01-2025,paid_social,prospecting_video,,,0
503141,31-01-2025,paid_social,retargeting,,,0
503142,31-01-2025,organic,,,,0
503143,31-01-2025,organic,,,,0
503144,31-01-2025,paid_social,prospecting_video,,,0
503145,31-01-2025,paid_social,prospecting_video,,,0
503146,31-01-2025,organic,,,,0
503147,31-01-2025,paid_social,retargeting,,,0
503148,31-01-2025,paid_search,brand_search,31-01-2025,monthly,29.97
503149,31-01-2025,organic,,01-02-2025,monthly,9.99
503150,31-01-2025,paid_search,brand_search,,,0
503151,31-01-2025,paid_social,prospecting_video,,,0
503152,31-01-2025,referral,,31-01-2025,monthly,29.97
503153,31-01-2025,affiliate,finance_blogs,03-02-2025,monthly,29.97
503154,31-01-2025,paid_search,brand_search,,,0
503155,31-01-2025,paid_social,retargeting,,,0
503156,31-01-2025,paid_social,prospecting_video,,,0
503157,31-01-2025,paid_social,prospecting_video,,,0
503158,31-01-2025,paid_search,generic_search,,,0
503159,31-01-2025,paid_social,retargeting,,,0
503160,31-01-2025,paid_social,prospecting_video,,,0
503161,31-01-2025,paid_social,prospecting_video,,,0
503162,31-01-2025,affiliate,finance_blogs,02-02-2025,monthly,29.97
503163,31-01-2025,display,display_network,,,0
503164,31-01-2025,paid_social,prospecting_video,,,0
503165,31-01-2025,referral,,04-02-2025,annual,79.99
503166,31-01-2025,paid_social,retargeting,,,0
503167,31-01-2025,paid_social,prospecting_video,,,0
503168,31-01-2025,paid_social,retargeting,,,0
503169,31-01-2025,display,display_network,,,0
503170,31-01-2025,paid_social,retargeting,,,0
503171,31-01-2025,paid_social,prospecting_video,,,0
503172,31-01-2025,referral,,,,0
503173,31-01-2025,paid_search,generic_search,,,0
503174,31-01-2025,paid_search,generic_search,,,0
503175,31-01-2025,paid_search,brand_search,05-02-2025,monthly,29.97
503176,31-01-2025,paid_search,generic_search,,,0
503177,31-01-2025,organic,,,,0
503178,31-01-2025,paid_social,prospecting_video,,,0
503179,31-01-2025,paid_social,prospecting_video,,,0
503180,31-01-2025,paid_social,retargeting,03-02-2025,monthly,29.97
503181,31-01-2025,paid_social,prospecting_video,,,0
503182,31-01-2025,paid_search,generic_search,,,0
503183,31-01-2025,paid_search,brand_search,,,0
503184,31-01-2025,display,display_network,,,0
503185,31-01-2025,paid_search,brand_search,03-02-2025,annual,79.99
503186,31-01-2025,paid_social,prospecting_video,,,0
503187,31-01-2025,paid_social,retargeting,,,0
503188,31-01-2025,paid_social,prospecting_video,,,0
503189,31-01-2025,paid_social,retargeting,,,0
503190,31-01-2025,paid_social,prospecting_video,,,0
503191,31-01-2025,paid_social,retargeting,,,0
503192,31-01-2025,paid_social,prospecting_video,,,0
503193,31-01-2025,organic,,,,0
503194,31-01-2025,paid_social,retargeting,,,0
503195,31-01-2025,paid_search,generic_search,,,0
503196,31-01-2025,paid_social,prospecting_video,,,0
503197,01-02-2025,paid_search,brand_search,,,0
503198,01-02-2025,paid_social,prospecting_video,,,0
503199,01-02-2025,organic,,03-02-2025,monthly,19.98
503200,01-02-2025,paid_social,prospecting_video,,,0
503201,01-02-2025,organic,,,,0
503202,01-02-2025,paid_search,generic_search,,,0
503203,01-02-2025,organic,,,,0
503204,01-02-2025,affiliate,finance_blogs,,,0
503205,01-02-2025,paid_search,brand_search,,,0
503206,01-02-2025,paid_social,retargeting,,,0
503207,01-02-2025,paid_social,prospecting_video,,,0
503208,01-02-2025,paid_search,brand_search,,,0
503209,01-02-2025,paid_social,retargeting,01-02-2025,monthly,29.97
503210,01-02-2025,organic,,,,0
503211,01-02-2025,paid_social,prospecting_video,,,0
503212,01-02-2025,display,display_network,,,0
503213,01-02-2025,paid_social,retargeting,,,0
503214,01-02-2025,paid_social,retargeting,,,0
503215,01-02-2025,paid_social,prospecting_video,,,0
503216,01-02-2025,paid_search,generic_search,04-02-2025,monthly,29.97
503217,01-02-2025,referral,,,,0
503218,01-02-2025,affiliate,finance_blogs,,,0
503219,01-02-2025,affiliate,finance_blogs,,,0
503220,01-02-2025,referral,,,,0
503221,01-02-2025,paid_search,brand_search,,,0
503222,01-02-2025,paid_social,retargeting,,,0
503223,01-02-2025,paid_social,prospecting_video,,,0
503224,01-02-2025,paid_social,retargeting,,,0
503225,01-02-2025,organic,,,,0
503226,01-02-2025,display,display_network,,,0
503227,01-02-2025,paid_social,prospecting_video,,,0
503228,01-02-2025,referral,,03-02-2025,monthly,29.97
503229,01-02-2025,organic,,,,0
503230,01-02-2025,organic,,08-02-2025,monthly,29.97
503231,01-02-2025,paid_social,prospecting_video,,,0
503232,01-02-2025,organic,,,,0
503233,01-02-2025,paid_social,prospecting_video,,,0
503234,01-02-2025,organic,,,,0
503235,01-02-2025,paid_social,prospecting_video,,,0
503236,01-02-2025,affiliate,finance_blogs,,,0
503237,01-02-2025,paid_social,prospecting_video,,,0
503238,01-02-2025,paid_search,brand_search,,,0
503239,01-02-2025,paid_social,prospecting_video,,,0
503240,01-02-2025,paid_social,prospecting_video,,,0
503241,01-02-2025,paid_social,prospecting_video,,,0
503242,01-02-2025,organic,,,,0
503243,01-02-2025,organic,,03-02-2025,monthly,29.97
503244,01-02-2025,paid_social,retargeting,,,0
503245,01-02-2025,paid_social,prospecting_video,,,0
503246,01-02-2025,paid_social,prospecting_video,,,0
503247,01-02-2025,paid_social,prospecting_video,,,0
503248,01-02-2025,organic,,,,0
503249,01-02-2025,paid_social,prospecting_video,,,0
503250,01-02-2025,paid_social,prospecting_video,,,0
503251,01-02-2025,organic,,,,0
503252,01-02-2025,paid_search,generic_search,,,0
503253,01-02-2025,organic,,,,0
503254,01-02-2025,organic,,,,0
503255,01-02-2025,organic,,,,0
503256,01-02-2025,paid_social,retargeting,,,0
503257,01-02-2025,paid_search,generic_search,,,0
503258,01-02-2025,paid_social,prospecting_video,,,0
503259,01-02-2025,paid_social,prospecting_video,,,0
503260,01-02-2025,paid_social,retargeting,02-02-2025,annual,79.99
503261,01-02-2025,paid_search,generic_search,,,0
503262,01-02-2025,paid_social,prospecting_video,,,0
503263,01-02-2025,paid_social,prospecting_video,,,0
503264,01-02-2025,organic,,05-02-2025,monthly,29.97
503265,01-02-2025,paid_social,prospecting_video,,,0
503266,01-02-2025,paid_social,prospecting_video,,,0
503267,01-02-2025,paid_search,generic_search,12-02-2025,annual,79.99
503268,01-02-2025,paid_social,prospecting_video,,,0
503269,01-02-2025,paid_search,generic_search,,,0
503270,01-02-2025,paid_social,prospecting_video,09-02-2025,annual,79.99
503271,01-02-2025,organic,,,,0
503272,01-02-2025,paid_search,brand_search,,,0
503273,01-02-2025,organic,,,,0
503274,01-02-2025,paid_social,prospecting_video,05-02-2025,annual,79.99
503275,01-02-2025,paid_social,prospecting_video,,,0
503276,01-02-2025,organic,,,,0
503277,01-02-2025,paid_social,prospecting_video,,,0
503278,01-02-2025,paid_search,brand_search,,,0
503279,01-02-2025,paid_search,brand_search,,,0
503280,01-02-2025,paid_social,retargeting,,,0
503281,01-02-2025,referral,,,,0
503282,01-02-2025,paid_search,generic_search,,,0
503283,01-02-2025,paid_social,retargeting,,,0
503284,01-02-2025,organic,,06-02-2025,annual,79.99
503285,01-02-2025,paid_search,brand_search,14-02-2025,monthly,29.97
503286,01-02-2025,paid_social,prospecting_video,,,0
503287,01-02-2025,paid_social,prospecting_video,,,0
503288,01-02-2025,paid_social,prospecting_video,,,0
503289,01-02-2025,referral,,02-02-2025,monthly,29.97
503290,01-02-2025,paid_social,prospecting_video,,,0
503291,01-02-2025,paid_social,prospecting_video,,,0
503292,01-02-2025,paid_social,prospecting_video,,,0
503293,01-02-2025,display,display_network,,,0
503294,01-02-2025,paid_social,prospecting_video,,,0
503295,01-02-2025,paid_social,retargeting,,,0
503296,01-02-2025,referral,,,,0
503297,01-02-2025,paid_social,prospecting_video,,,0
503298,01-02-2025,paid_social,prospecting_video,,,0
503299,01-02-2025,organic,,,,0
503300,01-02-2025,paid_search,generic_search,,,0
503301,02-02-2025,organic,,,,0
503302,02-02-2025,paid_search,brand_search,,,0
503303,02-02-2025,organic,,,,0
503304,02-02-2025,paid_search,generic_search,,,0
503305,02-02-2025,paid_social,prospecting_video,,,0
503306,02-02-2025,paid_social,prospecting_video,,,0
503307,02-02-2025,organic,,,,0
503308,02-02-2025,paid_social,prospecting_video,,,0
503309,02-02-2025,paid_social,prospecting_video,,,0
503310,02-02-2025,organic,,,,0
503311,02-02-2025,organic,,,,0
503312,02-02-2025,paid_search,generic_search,12-02-2025,monthly,29.97
503313,02-02-2025,organic,,,,0
503314,02-02-2025,paid_social,prospecting_video,,,0
503315,02-02-2025,paid_search,generic_search,,,0
503316,02-02-2025,organic,,,,0
503317,02-02-2025,paid_social,prospecting_video,,,0
503318,02-02-2025,paid_social,prospecting_video,,,0
503319,02-02-2025,paid_search,generic_search,,,0
503320,02-02-2025,paid_social,prospecting_video,,,0
503321,02-02-2025,paid_social,prospecting_video,,,0
503322,02-02-2025,organic,,05-02-2025,monthly,29.97
503323,02-02-2025,paid_social,prospecting_video,,,0
503324,02-02-2025,organic,,,,0
503325,02-02-2025,organic,,,,0
503326,02-02-2025,organic,,,,0
503327,02-02-2025,paid_search,brand_search,,,0
503328,02-02-2025,organic,,,,0
503329,02-02-2025,paid_search,generic_search,,,0
503330,02-02-2025,paid_search,generic_search,,,0
503331,02-02-2025,paid_search,brand_search,05-02-2025,monthly,19.98
503332,02-02-2025,organic,,,,0
503333,02-02-2025,organic,,,,0
503334,02-02-2025,organic,,,,0
503335,02-02-2025,referral,,,,0
503336,02-02-2025,organic,,,,0
503337,02-02-2025,organic,,06-02-2025,monthly,29.97
503338,02-02-2025,display,display_network,,,0
503339,02-02-2025,referral,,,,0
503340,02-02-2025,paid_social,prospecting_video,,,0
503341,02-02-2025,paid_social,prospecting_video,,,0
503342,02-02-2025,paid_social,retargeting,,,0
503343,02-02-2025,paid_search,generic_search,,,0
503344,02-02-2025,organic,,,,0
503345,02-02-2025,paid_social,retargeting,,,0
503346,02-02-2025,organic,,,,0
503347,02-02-2025,referral,,,,0
503348,02-02-2025,organic,,,,0
503349,02-02-2025,paid_social,prospecting_video,,,0
503350,02-02-2025,paid_social,retargeting,,,0
503351,02-02-2025,paid_social,retargeting,,,0
503352,02-02-2025,paid_search,generic_search,,,0
503353,02-02-2025,paid_social,prospecting_video,,,0
503354,02-02-2025,paid_search,brand_search,,,0
503355,02-02-2025,organic,,,,0
503356,02-02-2025,paid_social,prospecting_video,,,0
503357,02-02-2025,paid_social,prospecting_video,,,0
503358,02-02-2025,organic,,,,0
503359,02-02-2025,paid_search,brand_search,,,0
503360,02-02-2025,paid_search,brand_search,02-02-2025,monthly,29.97
503361,02-02-2025,paid_social,prospecting_video,,,0
503362,02-02-2025,paid_social,prospecting_video,,,0
503363,02-02-2025,paid_social,prospecting_video,,,0
503364,02-02-2025,paid_search,generic_search,,,0
503365,02-02-2025,display,display_network,,,0
503366,02-02-2025,paid_social,prospecting_video,,,0
503367,02-02-2025,paid_social,retargeting,,,0
503368,02-02-2025,paid_search,generic_search,,,0
503369,02-02-2025,paid_social,prospecting_video,,,0
503370,02-02-2025,paid_social,prospecting_video,,,0
503371,02-02-2025,organic,,,,0
503372,02-02-2025,paid_social,prospecting_video,,,0
503373,02-02-2025,organic,,,,0
503374,02-02-2025,paid_social,prospecting_video,,,0
503375,02-02-2025,paid_search,brand_search,07-02-2025,monthly,29.97
503376,02-02-2025,paid_social,prospecting_video,,,0
503377,02-02-2025,paid_social,prospecting_video,,,0
503378,02-02-2025,paid_social,prospecting_video,,,0
503379,02-02-2025,paid_search,generic_search,,,0
503380,02-02-2025,paid_social,prospecting_video,,,0
503381,02-02-2025,paid_social,prospecting_video,,,0
503382,02-02-2025,affiliate,finance_blogs,,,0
503383,03-02-2025,paid_social,prospecting_video,10-02-2025,monthly,29.97
503384,03-02-2025,paid_social,retargeting,,,0
503385,03-02-2025,paid_search,brand_search,,,0
503386,03-02-2025,paid_social,prospecting_video,,,0
503387,03-02-2025,affiliate,finance_blogs,,,0
503388,03-02-2025,paid_social,prospecting_video,,,0
503389,03-02-2025,paid_social,prospecting_video,,,0
503390,03-02-2025,paid_social,prospecting_video,,,0
503391,03-02-2025,referral,,,,0
503392,03-02-2025,organic,,,,0
503393,03-02-2025,organic,,,,0
503394,03-02-2025,paid_social,retargeting,04-02-2025,annual,79.99
503395,03-02-2025,organic,,,,0
503396,03-02-2025,affiliate,finance_blogs,03-02-2025,monthly,19.98
503397,03-02-2025,paid_social,retargeting,,,0
503398,03-02-2025,paid_social,prospecting_video,,,0
503399,03-02-2025,paid_search,brand_search,,,0
503400,03-02-2025,paid_social,prospecting_video,,,0
503401,03-02-2025,paid_search,brand_search,,,0
503402,03-02-2025,organic,,,,0
503403,03-02-2025,paid_social,prospecting_video,,,0
503404,03-02-2025,paid_social,prospecting_video,,,0
503405,03-02-2025,paid_social,prospecting_video,,,0
503406,03-02-2025,paid_social,prospecting_video,,,0
503407,03-02-2025,paid_search,generic_search,05-02-2025,monthly,29.97
503408,03-02-2025,affiliate,finance_blogs,,,0
503409,03-02-2025,paid_search,brand_search,,,0
503410,03-02-2025,paid_search,generic_search,,,0
503411,03-02-2025,paid_search,generic_search,,,0
503412,03-02-2025,organic,,,,0
503413,03-02-2025,paid_social,retargeting,,,0
503414,03-02-2025,paid_search,generic_search,06-02-2025,monthly,29.97
503415,03-02-2025,paid_social,prospecting_video,,,0
503416,03-02-2025,display,display_network,,,0
503417,03-02-2025,affiliate,finance_blogs,,,0
503418,03-02-2025,paid_social,prospecting_video,,,0
503419,03-02-2025,paid_search,brand_search,,,0
503420,03-02-2025,affiliate,finance_blogs,,,0
503421,03-02-2025,paid_social,prospecting_video,,,0
503422,03-02-2025,paid_search,generic_search,,,0
503423,03-02-2025,paid_search,brand_search,04-02-2025,monthly,29.97
503424,03-02-2025,referral,,,,0
503425,03-02-2025,affiliate,finance_blogs,05-02-2025,monthly,29.97
503426,03-02-2025,organic,,,,0
503427,03-02-2025,paid_search,brand_search,,,0
503428,03-02-2025,organic,,,,0
503429,03-02-2025,paid_search,generic_search,04-02-2025,monthly,29.97
503430,03-02-2025,paid_search,generic_search,10-02-2025,monthly,29.97
503431,03-02-2025,paid_social,prospecting_video,,,0
503432,03-02-2025,paid_social,prospecting_video,,,0
503433,03-02-2025,paid_social,retargeting,,,0
503434,03-02-2025,referral,,,,0
503435,03-02-2025,paid_social,prospecting_video,,,0
503436,03-02-2025,organic,,,,0
503437,03-02-2025,organic,,,,0
503438,03-02-2025,paid_search,brand_search,06-02-2025,monthly,29.97
503439,03-02-2025,paid_search,generic_search,16-02-2025,monthly,29.97
503440,03-02-2025,affiliate,finance_blogs,05-02-2025,annual,79.99
503441,03-02-2025,paid_search,brand_search,,,0
503442,03-02-2025,paid_social,prospecting_video,,,0
503443,03-02-2025,paid_social,prospecting_video,,,0
503444,03-02-2025,organic,,,,0
503445,03-02-2025,organic,,,,0
503446,03-02-2025,paid_search,brand_search,,,0
503447,03-02-2025,paid_social,retargeting,,,0
503448,03-02-2025,paid_social,prospecting_video,,,0
503449,03-02-2025,referral,,,,0
503450,03-02-2025,paid_social,prospecting_video,,,0
503451,03-02-2025,paid_search,generic_search,06-02-2025,monthly,9.99
503452,03-02-2025,paid_social,prospecting_video,,,0
503453,03-02-2025,paid_search,brand_search,,,0
503454,03-02-2025,paid_social,retargeting,,,0
503455,03-02-2025,paid_search,brand_search,,,0
503456,03-02-2025,paid_search,brand_search,,,0
503457,03-02-2025,paid_search,brand_search,,,0
503458,03-02-2025,paid_social,prospecting_video,,,0
503459,03-02-2025,organic,,,,0
503460,03-02-2025,organic,,07-02-2025,monthly,19.98
503461,03-02-2025,referral,,04-02-2025,monthly,19.98
503462,03-02-2025,paid_social,prospecting_video,,,0
503463,03-02-2025,paid_search,brand_search,12-02-2025,annual,79.99
503464,03-02-2025,affiliate,finance_blogs,,,0
503465,03-02-2025,paid_social,prospecting_video,,,0
503466,03-02-2025,paid_social,retargeting,,,0
503467,03-02-2025,affiliate,finance_blogs,04-02-2025,monthly,29.97
503468,03-02-2025,display,display_network,,,0
503469,03-02-2025,paid_social,retargeting,,,0
503470,03-02-2025,organic,,,,0
503471,03-02-2025,paid_social,retargeting,,,0
503472,03-02-2025,paid_social,prospecting_video,,,0
503473,03-02-2025,paid_social,prospecting_video,,,0
503474,03-02-2025,paid_social,prospecting_video,,,0
503475,03-02-2025,paid_social,prospecting_video,,,0
503476,03-02-2025,referral,,05-02-2025,annual,79.99
503477,03-02-2025,paid_social,prospecting_video,,,0
503478,03-02-2025,paid_social,prospecting_video,,,0
503479,03-02-2025,paid_social,prospecting_video,,,0
503480,03-02-2025,organic,,,,0
503481,03-02-2025,paid_social,retargeting,14-02-2025,annual,79.99
503482,03-02-2025,organic,,,,0
503483,03-02-2025,referral,,,,0
503484,03-02-2025,organic,,,,0
503485,03-02-2025,referral,,,,0
503486,03-02-2025,paid_social,retargeting,,,0
503487,03-02-2025,paid_social,prospecting_video,,,0
503488,03-02-2025,paid_social,prospecting_video,,,0
503489,03-02-2025,paid_social,prospecting_video,,,0
503490,03-02-2025,referral,,13-02-2025,monthly,29.97
503491,03-02-2025,organic,,,,0
503492,03-02-2025,organic,,,,0
503493,03-02-2025,paid_search,generic_search,,,0
503494,04-02-2025,paid_search,generic_search,,,0
503495,04-02-2025,paid_social,prospecting_video,,,0
503496,04-02-2025,paid_social,retargeting,,,0
503497,04-02-2025,paid_social,prospecting_video,,,0
503498,04-02-2025,paid_search,brand_search,,,0
503499,04-02-2025,paid_social,prospecting_video,,,0
503500,04-02-2025,referral,,,,0
503501,04-02-2025,organic,,,,0
503502,04-02-2025,paid_social,prospecting_video,,,0
503503,04-02-2025,paid_social,prospecting_video,,,0
503504,04-02-2025,paid_social,retargeting,,,0
503505,04-02-2025,display,display_network,,,0
503506,04-02-2025,paid_search,generic_search,,,0
503507,04-02-2025,paid_social,retargeting,,,0
503508,04-02-2025,paid_search,brand_search,,,0
503509,04-02-2025,display,display_network,,,0
503510,04-02-2025,paid_search,brand_search,,,0
503511,04-02-2025,paid_social,prospecting_video,,,0
503512,04-02-2025,paid_search,brand_search,,,0
503513,04-02-2025,paid_social,prospecting_video,,,0
503514,04-02-2025,paid_social,prospecting_video,,,0
503515,04-02-2025,paid_search,brand_search,09-02-2025,monthly,29.97
503516,04-02-2025,paid_social,retargeting,,,0
503517,04-02-2025,paid_social,prospecting_video,,,0
503518,04-02-2025,paid_social,prospecting_video,,,0
503519,04-02-2025,paid_social,prospecting_video,,,0
503520,04-02-2025,paid_search,generic_search,,,0
503521,04-02-2025,paid_search,brand_search,09-02-2025,monthly,29.97
503522,04-02-2025,paid_social,prospecting_video,,,0
503523,04-02-2025,paid_social,prospecting_video,,,0
503524,04-02-2025,paid_social,prospecting_video,,,0
503525,04-02-2025,organic,,,,0
503526,04-02-2025,paid_search,generic_search,04-02-2025,monthly,29.97
503527,04-02-2025,paid_social,prospecting_video,,,0
503528,04-02-2025,paid_social,prospecting_video,,,0
503529,04-02-2025,paid_social,prospecting_video,,,0
503530,04-02-2025,paid_social,prospecting_video,,,0
503531,04-02-2025,paid_social,prospecting_video,,,0
503532,04-02-2025,affiliate,finance_blogs,09-02-2025,annual,79.99
503533,04-02-2025,paid_social,prospecting_video,,,0
503534,04-02-2025,paid_social,prospecting_video,,,0
503535,04-02-2025,paid_search,generic_search,,,0
503536,04-02-2025,paid_social,prospecting_video,,,0
503537,04-02-2025,affiliate,finance_blogs,,,0
503538,04-02-2025,paid_search,generic_search,,,0
503539,04-02-2025,paid_social,retargeting,,,0
503540,04-02-2025,paid_social,prospecting_video,,,0
503541,04-02-2025,paid_search,generic_search,04-02-2025,annual,79.99
503542,04-02-2025,organic,,,,0
503543,04-02-2025,paid_social,prospecting_video,,,0
503544,04-02-2025,paid_social,prospecting_video,,,0
503545,04-02-2025,referral,,,,0
503546,04-02-2025,display,display_network,,,0
503547,04-02-2025,paid_social,retargeting,,,0
503548,04-02-2025,paid_social,prospecting_video,,,0
503549,04-02-2025,organic,,,,0
503550,04-02-2025,organic,,04-02-2025,monthly,29.97
503551,04-02-2025,paid_social,prospecting_video,,,0
503552,04-02-2025,paid_social,prospecting_video,,,0
503553,04-02-2025,paid_search,generic_search,,,0
503554,04-02-2025,paid_social,prospecting_video,05-02-2025,monthly,29.97
503555,04-02-2025,paid_social,prospecting_video,,,0
503556,04-02-2025,paid_social,retargeting,,,0
503557,04-02-2025,referral,,,,0
503558,04-02-2025,paid_social,prospecting_video,,,0
503559,04-02-2025,paid_search,generic_search,,,0
503560,04-02-2025,organic,,,,0
503561,04-02-2025,paid_social,prospecting_video,,,0
503562,04-02-2025,paid_search,generic_search,,,0
503563,04-02-2025,organic,,,,0
503564,04-02-2025,affiliate,finance_blogs,05-02-2025,monthly,29.97
503565,04-02-2025,display,display_network,,,0
503566,04-02-2025,paid_social,retargeting,,,0
503567,04-02-2025,organic,,,,0
503568,04-02-2025,paid_search,generic_search,,,0
503569,04-02-2025,paid_social,prospecting_video,,,0
503570,04-02-2025,organic,,,,0
503571,04-02-2025,organic,,,,0
503572,04-02-2025,paid_social,prospecting_video,,,0
503573,04-02-2025,organic,,,,0
503574,04-02-2025,paid_social,retargeting,,,0
503575,04-02-2025,paid_social,prospecting_video,,,0
503576,04-02-2025,paid_social,prospecting_video,,,0
503577,04-02-2025,organic,,,,0
503578,04-02-2025,organic,,,,0
503579,04-02-2025,paid_social,retargeting,,,0
503580,04-02-2025,organic,,,,0
503581,04-02-2025,organic,,,,0
503582,04-02-2025,paid_social,prospecting_video,04-02-2025,monthly,19.98
503583,04-02-2025,paid_search,generic_search,,,0
503584,04-02-2025,organic,,,,0
503585,04-02-2025,paid_search,generic_search,,,0
503586,04-02-2025,paid_social,prospecting_video,,,0
503587,04-02-2025,paid_social,prospecting_video,,,0
503588,04-02-2025,paid_social,prospecting_video,,,0
503589,04-02-2025,paid_social,retargeting,,,0
503590,04-02-2025,paid_social,prospecting_video,,,0
503591,04-02-2025,organic,,,,0
503592,04-02-2025,organic,,,,0
503593,04-02-2025,organic,,,,0
503594,04-02-2025,paid_social,prospecting_video,,,0
503595,04-02-2025,paid_search,brand_search,,,0
503596,04-02-2025,paid_social,prospecting_video,,,0
503597,04-02-2025,paid_social,prospecting_video,,,0
503598,04-02-2025,organic,,,,0
503599,04-02-2025,paid_social,prospecting_video,,,0
503600,04-02-2025,organic,,,,0
503601,05-02-2025,paid_social,prospecting_video,,,0
503602,05-02-2025,paid_search,generic_search,,,0
503603,05-02-2025,paid_social,retargeting,13-02-2025,monthly,19.98
503604,05-02-2025,paid_search,brand_search,,,0
503605,05-02-2025,paid_search,generic_search,,,0
503606,05-02-2025,organic,,,,0
503607,05-02-2025,paid_search,brand_search,,,0
503608,05-02-2025,referral,,,,0
503609,05-02-2025,paid_social,prospecting_video,,,0
503610,05-02-2025,paid_social,retargeting,,,0
503611,05-02-2025,paid_search,generic_search,10-02-2025,monthly,29.97
503612,05-02-2025,paid_social,retargeting,06-02-2025,annual,79.99
503613,05-02-2025,organic,,18-02-2025,monthly,29.97
503614,05-02-2025,organic,,,,0
503615,05-02-2025,paid_social,prospecting_video,,,0
503616,05-02-2025,paid_social,prospecting_video,,,0
503617,05-02-2025,paid_social,prospecting_video,,,0
503618,05-02-2025,referral,,,,0
503619,05-02-2025,paid_social,prospecting_video,,,0
503620,05-02-2025,organic,,,,0
503621,05-02-2025,paid_social,prospecting_video,,,0
503622,05-02-2025,referral,,,,0
503623,05-02-2025,paid_search,brand_search,,,0
503624,05-02-2025,paid_social,prospecting_video,,,0
503625,05-02-2025,organic,,,,0
503626,05-02-2025,paid_social,prospecting_video,,,0
503627,05-02-2025,organic,,,,0
503628,05-02-2025,display,display_network,,,0
503629,05-02-2025,paid_social,prospecting_video,,,0
503630,05-02-2025,paid_social,retargeting,,,0
503631,05-02-2025,paid_social,prospecting_video,,,0
503632,05-02-2025,paid_social,prospecting_video,,,0
503633,05-02-2025,affiliate,finance_blogs,,,0
503634,05-02-2025,organic,,,,0
503635,05-02-2025,paid_social,retargeting,,,0
503636,05-02-2025,paid_social,prospecting_video,,,0
503637,05-02-2025,paid_search,brand_search,,,0
503638,05-02-2025,referral,,18-02-2025,monthly,9.99
503639,05-02-2025,paid_social,prospecting_video,,,0
503640,05-02-2025,organic,,,,0
503641,05-02-2025,paid_social,retargeting,18-02-2025,monthly,29.97
503642,05-02-2025,paid_social,retargeting,,,0
503643,05-02-2025,paid_social,retargeting,,,0
503644,05-02-2025,paid_social,retargeting,,,0
503645,05-02-2025,paid_search,generic_search,05-02-2025,monthly,29.97
503646,05-02-2025,organic,,,,0
503647,05-02-2025,paid_social,prospecting_video,,,0
503648,05-02-2025,paid_social,prospecting_video,10-02-2025,annual,79.99
503649,05-02-2025,paid_social,prospecting_video,,,0
503650,05-02-2025,paid_social,prospecting_video,,,0
503651,05-02-2025,paid_search,generic_search,,,0
503652,05-02-2025,paid_search,generic_search,,,0
503653,05-02-2025,paid_social,retargeting,,,0
503654,05-02-2025,paid_search,brand_search,,,0
503655,05-02-2025,paid_social,prospecting_video,,,0
503656,05-02-2025,paid_social,retargeting,,,0
503657,05-02-2025,paid_search,generic_search,,,0
503658,05-02-2025,paid_social,retargeting,,,0
503659,05-02-2025,paid_search,brand_search,,,0
503660,05-02-2025,paid_social,prospecting_video,,,0
503661,05-02-2025,paid_social,prospecting_video,,,0
503662,05-02-2025,paid_social,retargeting,,,0
503663,05-02-2025,paid_search,brand_search,,,0
503664,05-02-2025,organic,,,,0
503665,05-02-2025,paid_search,generic_search,,,0
503666,05-02-2025,paid_search,generic_search,,,0
503667,05-02-2025,paid_social,prospecting_video,,,0
503668,05-02-2025,referral,,10-02-2025,monthly,29.97
503669,05-02-2025,organic,,,,0
503670,05-02-2025,paid_social,prospecting_video,,,0
503671,05-02-2025,paid_search,generic_search,09-02-2025,monthly,29.97
503672,05-02-2025,organic,,,,0
503673,05-02-2025,paid_search,generic_search,,,0
503674,05-02-2025,paid_social,prospecting_video,,,0
503675,05-02-2025,organic,,,,0
503676,05-02-2025,paid_social,retargeting,,,0
503677,05-02-2025,organic,,,,0
503678,05-02-2025,paid_social,prospecting_video,,,0
503679,05-02-2025,organic,,,,0
503680,05-02-2025,paid_social,prospecting_video,,,0
503681,05-02-2025,organic,,,,0
503682,05-02-2025,organic,,05-02-2025,monthly,29.97
503683,05-02-2025,paid_search,brand_search,05-02-2025,monthly,29.97
503684,05-02-2025,paid_social,prospecting_video,,,0
503685,05-02-2025,paid_search,brand_search,,,0
503686,05-02-2025,paid_search,generic_search,,,0
503687,05-02-2025,paid_search,generic_search,,,0
503688,05-02-2025,paid_social,retargeting,,,0
503689,05-02-2025,paid_social,prospecting_video,,,0
503690,05-02-2025,organic,,,,0
503691,05-02-2025,organic,,,,0
503692,05-02-2025,paid_search,brand_search,09-02-2025,monthly,29.97
503693,05-02-2025,paid_social,retargeting,,,0
503694,05-02-2025,paid_social,prospecting_video,,,0
503695,05-02-2025,paid_social,prospecting_video,,,0
503696,05-02-2025,paid_search,generic_search,,,0
503697,05-02-2025,paid_social,prospecting_video,,,0
503698,05-02-2025,affiliate,finance_blogs,,,0
503699,05-02-2025,paid_search,brand_search,,,0
503700,05-02-2025,referral,,,,0
503701,05-02-2025,referral,,,,0
503702,06-02-2025,paid_social,retargeting,,,0
503703,06-02-2025,referral,,,,0
503704,06-02-2025,organic,,,,0
503705,06-02-2025,paid_social,prospecting_video,,,0
503706,06-02-2025,organic,,,,0
503707,06-02-2025,paid_social,prospecting_video,,,0
503708,06-02-2025,paid_search,brand_search,,,0
503709,06-02-2025,affiliate,finance_blogs,,,0
503710,06-02-2025,referral,,,,0
503711,06-02-2025,referral,,09-02-2025,annual,79.99
503712,06-02-2025,paid_social,prospecting_video,,,0
503713,06-02-2025,affiliate,finance_blogs,,,0
503714,06-02-2025,paid_social,prospecting_video,,,0
503715,06-02-2025,paid_search,brand_search,,,0
503716,06-02-2025,organic,,,,0
503717,06-02-2025,paid_search,generic_search,06-02-2025,monthly,29.97
503718,06-02-2025,paid_search,generic_search,,,0
503719,06-02-2025,referral,,06-02-2025,annual,79.99
503720,06-02-2025,affiliate,finance_blogs,,,0
503721,06-02-2025,referral,,,,0
503722,06-02-2025,display,display_network,,,0
503723,06-02-2025,paid_social,prospecting_video,,,0
503724,06-02-2025,paid_social,retargeting,,,0
503725,06-02-2025,paid_social,retargeting,,,0
503726,06-02-2025,paid_search,generic_search,,,0
503727,06-02-2025,organic,,,,0
503728,06-02-2025,organic,,,,0
503729,06-02-2025,organic,,08-02-2025,annual,79.99
503730,06-02-2025,paid_search,generic_search,,,0
503731,06-02-2025,paid_social,retargeting,,,0
503732,06-02-2025,organic,,,,0
503733,06-02-2025,organic,,,,0
503734,06-02-2025,paid_social,retargeting,,,0
503735,06-02-2025,paid_search,brand_search,,,0
503736,06-02-2025,paid_social,prospecting_video,,,0
503737,06-02-2025,paid_social,prospecting_video,,,0
503738,06-02-2025,paid_search,generic_search,06-02-2025,annual,79.99
503739,06-02-2025,paid_social,prospecting_video,,,0
503740,06-02-2025,paid_social,retargeting,,,0
503741,06-02-2025,organic,,,,0
503742,06-02-2025,paid_search,generic_search,,,0
503743,06-02-2025,paid_social,retargeting,10-02-2025,annual,79.99
503744,06-02-2025,paid_social,retargeting,,,0
503745,06-02-2025,organic,,,,0
503746,06-02-2025,paid_social,retargeting,,,0
503747,06-02-2025,organic,,,,0
503748,06-02-2025,paid_search,brand_search,,,0
503749,06-02-2025,paid_social,prospecting_video,,,0
503750,06-02-2025,organic,,06-02-2025,annual,79.99
503751,06-02-2025,paid_search,generic_search,,,0
503752,06-02-2025,affiliate,finance_blogs,,,0
503753,06-02-2025,paid_social,retargeting,,,0
503754,06-02-2025,paid_search,brand_search,,,0
503755,06-02-2025,paid_social,prospecting_video,,,0
503756,06-02-2025,organic,,,,0
503757,06-02-2025,paid_search,generic_search,13-02-2025,monthly,19.98
503758,06-02-2025,organic,,,,0
503759,06-02-2025,paid_search,generic_search,,,0
503760,06-02-2025,organic,,,,0
503761,06-02-2025,paid_social,prospecting_video,,,0
503762,06-02-2025,paid_social,prospecting_video,,,0
503763,06-02-2025,paid_social,retargeting,,,0
503764,06-02-2025,paid_social,prospecting_video,,,0
503765,06-02-2025,paid_social,prospecting_video,,,0
503766,06-02-2025,paid_social,prospecting_video,,,0
503767,06-02-2025,paid_social,prospecting_video,09-02-2025,annual,79.99
503768,06-02-2025,paid_search,brand_search,,,0
503769,06-02-2025,paid_search,brand_search,,,0
503770,06-02-2025,paid_social,prospecting_video,,,0
503771,06-02-2025,paid_social,retargeting,,,0
503772,06-02-2025,paid_search,generic_search,,,0
503773,06-02-2025,paid_social,prospecting_video,,,0
503774,06-02-2025,paid_social,prospecting_video,,,0
503775,06-02-2025,paid_search,generic_search,,,0
503776,06-02-2025,paid_search,brand_search,,,0
503777,06-02-2025,organic,,,,0
503778,06-02-2025,paid_search,brand_search,07-02-2025,monthly,29.97
503779,06-02-2025,paid_social,prospecting_video,,,0
503780,06-02-2025,paid_search,generic_search,,,0
503781,06-02-2025,paid_social,prospecting_video,,,0
503782,06-02-2025,paid_search,brand_search,,,0
503783,06-02-2025,paid_social,retargeting,,,0
503784,06-02-2025,paid_social,prospecting_video,,,0
503785,06-02-2025,affiliate,finance_blogs,,,0
503786,06-02-2025,paid_search,brand_search,,,0
503787,06-02-2025,paid_search,generic_search,,,0
503788,06-02-2025,paid_social,prospecting_video,,,0
503789,06-02-2025,paid_social,prospecting_video,,,0
503790,06-02-2025,paid_social,prospecting_video,,,0
503791,06-02-2025,organic,,,,0
503792,06-02-2025,paid_social,retargeting,,,0
503793,06-02-2025,organic,,,,0
503794,06-02-2025,affiliate,finance_blogs,,,0
503795,06-02-2025,paid_search,generic_search,,,0
503796,06-02-2025,organic,,,,0
503797,06-02-2025,organic,,17-02-2025,monthly,19.98
503798,06-02-2025,paid_social,retargeting,,,0
503799,06-02-2025,paid_social,retargeting,,,0
503800,06-02-2025,paid_social,prospecting_video,,,0
503801,06-02-2025,organic,,,,0
503802,06-02-2025,organic,,,,0
503803,06-02-2025,paid_social,prospecting_video,,,0
503804,06-02-2025,organic,,,,0
503805,06-02-2025,paid_social,prospecting_video,,,0
503806,06-02-2025,paid_social,prospecting_video,,,0
503807,06-02-2025,organic,,,,0
503808,06-02-2025,paid_search,brand_search,,,0
503809,06-02-2025,paid_social,prospecting_video,,,0
503810,06-02-2025,paid_search,brand_search,,,0
503811,06-02-2025,referral,,06-02-2025,annual,79.99
503812,06-02-2025,paid_social,prospecting_video,,,0
503813,06-02-2025,organic,,,,0
503814,06-02-2025,organic,,,,0
503815,06-02-2025,paid_social,prospecting_video,,,0
503816,07-02-2025,paid_social,prospecting_video,,,0
503817,07-02-2025,paid_social,retargeting,,,0
503818,07-02-2025,paid_social,prospecting_video,,,0
503819,07-02-2025,paid_search,brand_search,09-02-2025,monthly,29.97
503820,07-02-2025,organic,,,,0
503821,07-02-2025,paid_social,retargeting,,,0
503822,07-02-2025,display,display_network,,,0
503823,07-02-2025,paid_search,brand_search,,,0
503824,07-02-2025,affiliate,finance_blogs,,,0
503825,07-02-2025,paid_social,prospecting_video,,,0
503826,07-02-2025,organic,,,,0
503827,07-02-2025,paid_social,retargeting,,,0
503828,07-02-2025,paid_search,brand_search,,,0
503829,07-02-2025,affiliate,finance_blogs,,,0
503830,07-02-2025,referral,,,,0
503831,07-02-2025,paid_social,prospecting_video,,,0
503832,07-02-2025,referral,,15-02-2025,monthly,29.97
503833,07-02-2025,paid_social,prospecting_video,,,0
503834,07-02-2025,affiliate,finance_blogs,,,0
503835,07-02-2025,organic,,,,0
503836,07-02-2025,paid_social,retargeting,,,0
503837,07-02-2025,paid_social,retargeting,,,0
503838,07-02-2025,paid_social,prospecting_video,,,0
503839,07-02-2025,paid_social,prospecting_video,,,0
503840,07-02-2025,paid_search,brand_search,,,0
503841,07-02-2025,paid_search,generic_search,,,0
503842,07-02-2025,organic,,,,0
503843,07-02-2025,organic,,,,0
503844,07-02-2025,referral,,,,0
503845,07-02-2025,paid_social,prospecting_video,,,0
503846,07-02-2025,display,display_network,,,0
503847,07-02-2025,organic,,,,0
503848,07-02-2025,paid_social,prospecting_video,,,0
503849,07-02-2025,organic,,,,0
503850,07-02-2025,referral,,07-02-2025,monthly,19.98
503851,07-02-2025,paid_social,prospecting_video,,,0
503852,07-02-2025,paid_search,generic_search,,,0
503853,07-02-2025,organic,,,,0
503854,07-02-2025,paid_social,prospecting_video,,,0
503855,07-02-2025,affiliate,finance_blogs,,,0
503856,07-02-2025,paid_search,generic_search,,,0
503857,07-02-2025,paid_social,retargeting,,,0
503858,07-02-2025,paid_social,prospecting_video,,,0
503859,07-02-2025,paid_search,brand_search,,,0
503860,07-02-2025,paid_search,generic_search,,,0
503861,07-02-2025,paid_social,prospecting_video,,,0
503862,07-02-2025,paid_social,prospecting_video,,,0
503863,07-02-2025,paid_social,prospecting_video,,,0
503864,07-02-2025,paid_social,prospecting_video,,,0
503865,07-02-2025,paid_search,brand_search,08-02-2025,monthly,29.97
503866,07-02-2025,paid_search,brand_search,,,0
503867,07-02-2025,paid_social,prospecting_video,,,0
503868,07-02-2025,paid_social,prospecting_video,,,0
503869,07-02-2025,paid_search,brand_search,20-02-2025,monthly,29.97
503870,07-02-2025,paid_search,generic_search,,,0
503871,07-02-2025,paid_social,retargeting,10-02-2025,monthly,19.98
503872,07-02-2025,paid_search,generic_search,07-02-2025,monthly,19.98
503873,07-02-2025,organic,,14-02-2025,annual,79.99
503874,07-02-2025,organic,,,,0
503875,07-02-2025,paid_social,retargeting,,,0
503876,07-02-2025,affiliate,finance_blogs,,,0
503877,07-02-2025,organic,,,,0
503878,07-02-2025,organic,,,,0
503879,07-02-2025,paid_social,prospecting_video,,,0
503880,07-02-2025,paid_social,prospecting_video,,,0
503881,07-02-2025,paid_social,retargeting,,,0
503882,07-02-2025,paid_social,prospecting_video,,,0
503883,07-02-2025,paid_search,brand_search,,,0
503884,07-02-2025,paid_social,prospecting_video,,,0
503885,07-02-2025,organic,,,,0
503886,07-02-2025,organic,,13-02-2025,annual,79.99
503887,07-02-2025,paid_search,brand_search,,,0
503888,07-02-2025,paid_social,retargeting,,,0
503889,07-02-2025,paid_search,brand_search,,,0
503890,07-02-2025,organic,,,,0
503891,07-02-2025,paid_social,retargeting,,,0
503892,07-02-2025,display,display_network,,,0
503893,07-02-2025,organic,,,,0
503894,07-02-2025,paid_social,prospecting_video,,,0
503895,07-02-2025,paid_social,retargeting,,,0
503896,07-02-2025,paid_social,retargeting,,,0
503897,07-02-2025,paid_search,generic_search,,,0
503898,07-02-2025,affiliate,finance_blogs,,,0
503899,07-02-2025,paid_social,prospecting_video,,,0
503900,07-02-2025,paid_social,prospecting_video,,,0
503901,07-02-2025,paid_search,generic_search,18-02-2025,annual,79.99
503902,07-02-2025,paid_search,brand_search,,,0
503903,07-02-2025,paid_social,prospecting_video,,,0
503904,07-02-2025,paid_search,brand_search,,,0
503905,07-02-2025,paid_search,brand_search,,,0
503906,07-02-2025,paid_social,prospecting_video,,,0
503907,07-02-2025,display,display_network,,,0
503908,07-02-2025,paid_search,brand_search,,,0
503909,07-02-2025,paid_search,brand_search,,,0
503910,07-02-2025,paid_search,generic_search,,,0
503911,07-02-2025,paid_social,prospecting_video,,,0
503912,07-02-2025,paid_social,prospecting_video,,,0
503913,07-02-2025,paid_social,prospecting_video,,,0
503914,07-02-2025,paid_search,brand_search,,,0
503915,07-02-2025,affiliate,finance_blogs,08-02-2025,monthly,29.97
503916,07-02-2025,organic,,,,0
503917,07-02-2025,paid_search,brand_search,,,0
503918,07-02-2025,paid_search,generic_search,07-02-2025,annual,79.99
503919,07-02-2025,paid_social,retargeting,,,0
503920,07-02-2025,paid_social,retargeting,,,0
503921,08-02-2025,paid_social,prospecting_video,,,0
503922,08-02-2025,paid_search,brand_search,,,0
503923,08-02-2025,paid_search,generic_search,,,0
503924,08-02-2025,paid_social,retargeting,,,0
503925,08-02-2025,paid_social,prospecting_video,,,0
503926,08-02-2025,paid_search,brand_search,,,0
503927,08-02-2025,organic,,13-02-2025,annual,79.99
503928,08-02-2025,organic,,09-02-2025,annual,79.99
503929,08-02-2025,organic,,,,0
503930,08-02-2025,paid_social,prospecting_video,,,0
503931,08-02-2025,affiliate,finance_blogs,10-02-2025,monthly,19.98
503932,08-02-2025,paid_search,brand_search,,,0
503933,08-02-2025,paid_social,retargeting,,,0
503934,08-02-2025,paid_social,retargeting,,,0
503935,08-02-2025,paid_search,brand_search,,,0
503936,08-02-2025,organic,,,,0
503937,08-02-2025,paid_social,retargeting,,,0
503938,08-02-2025,paid_social,prospecting_video,,,0
503939,08-02-2025,paid_social,retargeting,,,0
503940,08-02-2025,paid_social,retargeting,,,0
503941,08-02-2025,organic,,,,0
503942,08-02-2025,paid_social,prospecting_video,,,0
503943,08-02-2025,paid_social,prospecting_video,,,0
503944,08-02-2025,paid_social,prospecting_video,,,0
503945,08-02-2025,organic,,,,0
503946,08-02-2025,organic,,,,0
503947,08-02-2025,paid_social,retargeting,,,0
503948,08-02-2025,paid_social,prospecting_video,,,0
503949,08-02-2025,organic,,,,0
503950,08-02-2025,paid_search,brand_search,08-02-2025,monthly,29.97
503951,08-02-2025,referral,,,,0
503952,08-02-2025,paid_social,prospecting_video,,,0
503953,08-02-2025,display,display_network,,,0
503954,08-02-2025,paid_social,retargeting,12-02-2025,monthly,29.97
503955,08-02-2025,paid_social,retargeting,,,0
503956,08-02-2025,organic,,,,0
503957,08-02-2025,paid_search,generic_search,,,0
503958,08-02-2025,paid_search,generic_search,,,0
503959,08-02-2025,paid_social,prospecting_video,,,0
503960,08-02-2025,paid_social,prospecting_video,,,0
503961,08-02-2025,paid_search,generic_search,15-02-2025,annual,79.99
503962,08-02-2025,paid_search,brand_search,11-02-2025,annual,79.99
503963,08-02-2025,affiliate,finance_blogs,11-02-2025,monthly,29.97
503964,08-02-2025,organic,,,,0
503965,08-02-2025,organic,,,,0
503966,08-02-2025,organic,,,,0
503967,08-02-2025,paid_social,prospecting_video,,,0
503968,08-02-2025,organic,,,,0
503969,08-02-2025,organic,,,,0
503970,08-02-2025,organic,,,,0
503971,08-02-2025,paid_social,retargeting,,,0
503972,08-02-2025,referral,,,,0
503973,08-02-2025,organic,,,,0
503974,08-02-2025,affiliate,finance_blogs,09-02-2025,monthly,19.98
503975,08-02-2025,paid_social,prospecting_video,,,0
503976,08-02-2025,organic,,,,0
503977,08-02-2025,paid_search,brand_search,,,0
503978,08-02-2025,paid_social,prospecting_video,,,0
503979,08-02-2025,paid_social,prospecting_video,,,0
503980,08-02-2025,referral,,,,0
503981,08-02-2025,paid_social,prospecting_video,,,0
503982,08-02-2025,paid_search,generic_search,,,0
503983,08-02-2025,paid_social,prospecting_video,,,0
503984,08-02-2025,paid_social,prospecting_video,,,0
503985,08-02-2025,paid_social,retargeting,,,0
503986,08-02-2025,paid_search,generic_search,,,0
503987,08-02-2025,organic,,,,0
503988,08-02-2025,paid_social,retargeting,08-02-2025,monthly,9.99
503989,08-02-2025,paid_social,prospecting_video,,,0
503990,08-02-2025,organic,,,,0
503991,08-02-2025,paid_social,retargeting,11-02-2025,annual,79.99
503992,08-02-2025,organic,,,,0
503993,08-02-2025,paid_social,retargeting,,,0
503994,08-02-2025,organic,,,,0
503995,08-02-2025,paid_social,prospecting_video,,,0
503996,08-02-2025,organic,,,,0
503997,08-02-2025,paid_search,brand_search,12-02-2025,monthly,29.97
503998,08-02-2025,paid_social,prospecting_video,,,0
503999,08-02-2025,paid_social,prospecting_video,,,0
504000,08-02-2025,paid_social,prospecting_video,,,0
504001,08-02-2025,paid_search,generic_search,,,0
504002,08-02-2025,organic,,,,0
504003,08-02-2025,paid_social,retargeting,,,0
504004,08-02-2025,referral,,,,0
504005,08-02-2025,paid_search,brand_search,,,0
504006,08-02-2025,organic,,,,0
504007,08-02-2025,paid_social,retargeting,,,0
504008,08-02-2025,paid_social,prospecting_video,,,0
504009,08-02-2025,organic,,,,0
504010,08-02-2025,paid_social,prospecting_video,,,0
504011,08-02-2025,paid_social,prospecting_video,,,0
504012,08-02-2025,organic,,,,0
504013,08-02-2025,paid_social,prospecting_video,,,0
504014,08-02-2025,paid_social,retargeting,,,0
504015,08-02-2025,organic,,,,0
504016,08-02-2025,organic,,,,0
504017,08-02-2025,referral,,,,0
504018,08-02-2025,paid_search,brand_search,,,0
504019,08-02-2025,organic,,08-02-2025,monthly,29.97
504020,08-02-2025,paid_social,prospecting_video,,,0
504021,08-02-2025,organic,,,,0
504022,08-02-2025,organic,,,,0
504023,08-02-2025,paid_search,generic_search,,,0
504024,08-02-2025,paid_search,generic_search,,,0
504025,09-02-2025,paid_search,brand_search,,,0
504026,09-02-2025,organic,,,,0
504027,09-02-2025,organic,,,,0
504028,09-02-2025,paid_social,retargeting,,,0
504029,09-02-2025,organic,,,,0
504030,09-02-2025,organic,,,,0
504031,09-02-2025,paid_social,prospecting_video,,,0
504032,09-02-2025,paid_social,prospecting_video,,,0
504033,09-02-2025,paid_search,generic_search,,,0
504034,09-02-2025,paid_social,retargeting,,,0
504035,09-02-2025,referral,,,,0
504036,09-02-2025,paid_search,brand_search,,,0
504037,09-02-2025,organic,,,,0
504038,09-02-2025,paid_social,retargeting,,,0
504039,09-02-2025,paid_social,prospecting_video,,,0
504040,09-02-2025,paid_social,prospecting_video,,,0
504041,09-02-2025,paid_social,prospecting_video,10-02-2025,annual,79.99
504042,09-02-2025,paid_social,prospecting_video,,,0
504043,09-02-2025,affiliate,finance_blogs,,,0
504044,09-02-2025,organic,,,,0
504045,09-02-2025,referral,,,,0
504046,09-02-2025,paid_search,generic_search,,,0
504047,09-02-2025,paid_social,prospecting_video,,,0
504048,09-02-2025,paid_social,retargeting,,,0
504049,09-02-2025,paid_search,generic_search,,,0
504050,09-02-2025,paid_social,prospecting_video,,,0
504051,09-02-2025,paid_social,prospecting_video,,,0
504052,09-02-2025,paid_social,prospecting_video,,,0
504053,09-02-2025,paid_social,prospecting_video,,,0
504054,09-02-2025,paid_social,prospecting_video,,,0
504055,09-02-2025,organic,,,,0
504056,09-02-2025,paid_social,prospecting_video,,,0
504057,09-02-2025,paid_social,prospecting_video,,,0
504058,09-02-2025,paid_search,brand_search,,,0
504059,09-02-2025,organic,,,,0
504060,09-02-2025,paid_social,retargeting,,,0
504061,09-02-2025,organic,,,,0
504062,09-02-2025,paid_social,prospecting_video,,,0
504063,09-02-2025,paid_social,retargeting,,,0
504064,09-02-2025,paid_social,prospecting_video,,,0
504065,09-02-2025,organic,,,,0
504066,09-02-2025,paid_social,prospecting_video,,,0
504067,09-02-2025,paid_search,brand_search,,,0
504068,09-02-2025,paid_social,prospecting_video,11-02-2025,annual,79.99
504069,09-02-2025,paid_social,retargeting,,,0
504070,09-02-2025,referral,,,,0
504071,09-02-2025,organic,,10-02-2025,monthly,29.97
504072,09-02-2025,paid_search,brand_search,,,0
504073,09-02-2025,paid_search,brand_search,14-02-2025,monthly,29.97
504074,09-02-2025,referral,,,,0
504075,09-02-2025,paid_social,retargeting,,,0
504076,09-02-2025,paid_social,prospecting_video,,,0
504077,09-02-2025,paid_search,generic_search,15-02-2025,annual,79.99
504078,09-02-2025,paid_search,generic_search,19-02-2025,monthly,29.97
504079,09-02-2025,paid_search,brand_search,09-02-2025,monthly,19.98
504080,09-02-2025,paid_search,generic_search,,,0
504081,09-02-2025,referral,,,,0
504082,09-02-2025,paid_search,brand_search,,,0
504083,09-02-2025,paid_social,prospecting_video,,,0
504084,09-02-2025,affiliate,finance_blogs,,,0
504085,09-02-2025,paid_social,retargeting,,,0
504086,09-02-2025,paid_search,brand_search,,,0
504087,09-02-2025,paid_search,generic_search,,,0
504088,09-02-2025,organic,,13-02-2025,annual,79.99
504089,09-02-2025,organic,,,,0
504090,09-02-2025,affiliate,finance_blogs,,,0
504091,09-02-2025,organic,,,,0
504092,09-02-2025,paid_social,prospecting_video,,,0
504093,09-02-2025,paid_search,generic_search,,,0
504094,09-02-2025,paid_search,generic_search,,,0
504095,09-02-2025,paid_social,prospecting_video,,,0
504096,09-02-2025,paid_social,retargeting,,,0
504097,09-02-2025,referral,,,,0
504098,09-02-2025,paid_search,brand_search,,,0
504099,09-02-2025,paid_search,brand_search,,,0
504100,10-02-2025,paid_social,prospecting_video,,,0
504101,10-02-2025,paid_social,prospecting_video,,,0
504102,10-02-2025,paid_social,prospecting_video,,,0
504103,10-02-2025,referral,,,,0
504104,10-02-2025,paid_social,prospecting_video,,,0
504105,10-02-2025,affiliate,finance_blogs,,,0
504106,10-02-2025,paid_social,retargeting,,,0
504107,10-02-2025,paid_search,generic_search,,,0
504108,10-02-2025,paid_search,generic_search,,,0
504109,10-02-2025,paid_social,prospecting_video,,,0
504110,10-02-2025,paid_social,prospecting_video,,,0
504111,10-02-2025,paid_social,prospecting_video,,,0
504112,10-02-2025,paid_social,prospecting_video,,,0
504113,10-02-2025,affiliate,finance_blogs,10-02-2025,monthly,19.98
504114,10-02-2025,paid_search,brand_search,,,0
504115,10-02-2025,paid_social,prospecting_video,,,0
504116,10-02-2025,paid_social,prospecting_video,,,0
504117,10-02-2025,paid_search,brand_search,,,0
504118,10-02-2025,paid_search,brand_search,,,0
504119,10-02-2025,paid_search,generic_search,,,0
504120,10-02-2025,organic,,,,0
504121,10-02-2025,paid_social,prospecting_video,,,0
504122,10-02-2025,paid_social,prospecting_video,,,0
504123,10-02-2025,paid_social,retargeting,,,0
504124,10-02-2025,organic,,,,0
504125,10-02-2025,paid_social,prospecting_video,,,0
504126,10-02-2025,paid_social,prospecting_video,,,0
504127,10-02-2025,organic,,,,0
504128,10-02-2025,paid_search,brand_search,15-02-2025,monthly,29.97
504129,10-02-2025,affiliate,finance_blogs,,,0
504130,10-02-2025,organic,,10-02-2025,monthly,29.97
504131,10-02-2025,organic,,,,0
504132,10-02-2025,display,display_network,,,0
504133,10-02-2025,paid_social,prospecting_video,,,0
504134,10-02-2025,paid_search,generic_search,10-02-2025,monthly,29.97
504135,10-02-2025,paid_social,prospecting_video,,,0
504136,10-02-2025,paid_search,generic_search,,,0
504137,10-02-2025,paid_social,prospecting_video,,,0
504138,10-02-2025,paid_search,brand_search,,,0
504139,10-02-2025,paid_social,prospecting_video,,,0
504140,10-02-2025,paid_search,brand_search,,,0
504141,10-02-2025,paid_social,retargeting,,,0
504142,10-02-2025,referral,,,,0
504143,10-02-2025,paid_social,prospecting_video,,,0
504144,10-02-2025,paid_social,prospecting_video,,,0
504145,10-02-2025,paid_social,prospecting_video,,,0
504146,10-02-2025,organic,,,,0
504147,10-02-2025,affiliate,finance_blogs,,,0
504148,10-02-2025,paid_search,brand_search,,,0
504149,10-02-2025,paid_social,prospecting_video,,,0
504150,10-02-2025,paid_social,prospecting_video,,,0
504151,10-02-2025,organic,,,,0
504152,10-02-2025,referral,,,,0
504153,10-02-2025,paid_social,prospecting_video,,,0
504154,10-02-2025,paid_search,generic_search,,,0
504155,10-02-2025,paid_social,prospecting_video,,,0
504156,10-02-2025,paid_social,prospecting_video,,,0
504157,10-02-2025,paid_search,brand_search,,,0
504158,10-02-2025,paid_search,brand_search,,,0
504159,10-02-2025,paid_search,generic_search,,,0
504160,10-02-2025,referral,,,,0
504161,10-02-2025,organic,,,,0
504162,10-02-2025,paid_social,prospecting_video,,,0
504163,10-02-2025,paid_search,brand_search,14-02-2025,monthly,29.97
504164,10-02-2025,paid_search,generic_search,11-02-2025,monthly,29.97
504165,10-02-2025,organic,,,,0
504166,10-02-2025,paid_social,prospecting_video,,,0
504167,10-02-2025,organic,,,,0
504168,10-02-2025,display,display_network,,,0
504169,10-02-2025,paid_search,generic_search,,,0
504170,10-02-2025,paid_social,prospecting_video,,,0
504171,10-02-2025,paid_social,prospecting_video,,,0
504172,10-02-2025,organic,,,,0
504173,10-02-2025,paid_search,generic_search,,,0
504174,10-02-2025,paid_social,retargeting,,,0
504175,10-02-2025,paid_search,generic_search,,,0
504176,10-02-2025,paid_search,brand_search,,,0
504177,10-02-2025,paid_social,retargeting,,,0
504178,10-02-2025,affiliate,finance_blogs,,,0
504179,10-02-2025,referral,,10-02-2025,monthly,29.97
504180,10-02-2025,paid_search,generic_search,,,0
504181,10-02-2025,paid_search,brand_search,,,0
504182,10-02-2025,paid_social,prospecting_video,,,0
504183,10-02-2025,paid_search,generic_search,,,0
504184,10-02-2025,paid_social,prospecting_video,,,0
504185,10-02-2025,paid_social,retargeting,,,0
504186,10-02-2025,paid_social,retargeting,10-02-2025,monthly,29.97
504187,10-02-2025,affiliate,finance_blogs,17-02-2025,monthly,9.99
504188,10-02-2025,organic,,,,0
504189,10-02-2025,affiliate,finance_blogs,,,0
504190,10-02-2025,organic,,,,0
504191,10-02-2025,paid_social,prospecting_video,,,0
504192,10-02-2025,organic,,,,0
504193,10-02-2025,organic,,20-02-2025,annual,79.99
504194,10-02-2025,paid_social,prospecting_video,,,0
504195,10-02-2025,paid_social,prospecting_video,,,0
504196,10-02-2025,paid_search,generic_search,10-02-2025,annual,79.99
504197,10-02-2025,paid_social,prospecting_video,,,0
504198,10-02-2025,organic,,,,0
504199,10-02-2025,organic,,,,0
504200,10-02-2025,paid_search,brand_search,,,0
504201,10-02-2025,paid_social,prospecting_video,,,0
504202,10-02-2025,paid_social,prospecting_video,,,0
504203,10-02-2025,referral,,,,0
504204,10-02-2025,paid_search,generic_search,,,0
504205,10-02-2025,paid_search,generic_search,,,0
504206,10-02-2025,organic,,,,0
504207,10-02-2025,organic,,,,0
504208,11-02-2025,paid_social,prospecting_video,,,0
504209,11-02-2025,paid_search,brand_search,,,0
504210,11-02-2025,referral,,,,0
504211,11-02-2025,affiliate,finance_blogs,,,0
504212,11-02-2025,paid_social,prospecting_video,,,0
504213,11-02-2025,paid_social,prospecting_video,,,0
504214,11-02-2025,paid_search,generic_search,18-02-2025,monthly,29.97
504215,11-02-2025,paid_social,prospecting_video,,,0
504216,11-02-2025,paid_social,prospecting_video,,,0
504217,11-02-2025,organic,,,,0
504218,11-02-2025,paid_social,prospecting_video,,,0
504219,11-02-2025,paid_social,prospecting_video,,,0
504220,11-02-2025,paid_social,retargeting,,,0
504221,11-02-2025,paid_social,prospecting_video,,,0
504222,11-02-2025,affiliate,finance_blogs,,,0
504223,11-02-2025,paid_social,prospecting_video,,,0
504224,11-02-2025,affiliate,finance_blogs,,,0
504225,11-02-2025,paid_search,brand_search,,,0
504226,11-02-2025,paid_search,generic_search,,,0
504227,11-02-2025,affiliate,finance_blogs,14-02-2025,annual,79.99
504228,11-02-2025,paid_search,generic_search,,,0
504229,11-02-2025,paid_social,prospecting_video,,,0
504230,11-02-2025,paid_social,prospecting_video,,,0
504231,11-02-2025,paid_search,brand_search,11-02-2025,monthly,29.97
504232,11-02-2025,display,display_network,,,0
504233,11-02-2025,paid_social,retargeting,18-02-2025,monthly,19.98
504234,11-02-2025,referral,,,,0
504235,11-02-2025,paid_social,prospecting_video,,,0
504236,11-02-2025,paid_search,generic_search,,,0
504237,11-02-2025,paid_search,generic_search,,,0
504238,11-02-2025,paid_social,retargeting,,,0
504239,11-02-2025,paid_social,prospecting_video,,,0
504240,11-02-2025,organic,,,,0
504241,11-02-2025,paid_social,prospecting_video,,,0
504242,11-02-2025,paid_social,prospecting_video,,,0
504243,11-02-2025,paid_search,brand_search,,,0
504244,11-02-2025,affiliate,finance_blogs,,,0
504245,11-02-2025,paid_search,generic_search,,,0
504246,11-02-2025,paid_search,generic_search,,,0
504247,11-02-2025,paid_search,generic_search,,,0
504248,11-02-2025,paid_social,prospecting_video,,,0
504249,11-02-2025,paid_social,prospecting_video,,,0
504250,11-02-2025,paid_social,prospecting_video,,,0
504251,11-02-2025,paid_search,brand_search,,,0
504252,11-02-2025,paid_social,prospecting_video,,,0
504253,11-02-2025,paid_social,prospecting_video,,,0
504254,11-02-2025,paid_search,generic_search,,,0
504255,11-02-2025,paid_social,prospecting_video,,,0
504256,11-02-2025,paid_social,prospecting_video,,,0
504257,11-02-2025,paid_search,brand_search,,,0
504258,11-02-2025,paid_search,brand_search,,,0
504259,11-02-2025,paid_social,prospecting_video,,,0
504260,11-02-2025,paid_search,generic_search,,,0
504261,11-02-2025,paid_social,retargeting,,,0
504262,11-02-2025,affiliate,finance_blogs,,,0
504263,11-02-2025,paid_social,prospecting_video,,,0
504264,11-02-2025,organic,,,,0
504265,11-02-2025,paid_social,retargeting,,,0
504266,11-02-2025,affiliate,finance_blogs,,,0
504267,11-02-2025,paid_social,prospecting_video,,,0
504268,11-02-2025,paid_social,prospecting_video,,,0
504269,11-02-2025,paid_social,retargeting,,,0
504270,11-02-2025,referral,,,,0
504271,11-02-2025,organic,,12-02-2025,annual,79.99
504272,11-02-2025,paid_social,prospecting_video,,,0
504273,11-02-2025,paid_social,retargeting,,,0
504274,11-02-2025,paid_social,prospecting_video,,,0
504275,11-02-2025,display,display_network,,,0
504276,11-02-2025,organic,,,,0
504277,11-02-2025,paid_social,prospecting_video,12-02-2025,monthly,9.99
504278,11-02-2025,paid_social,prospecting_video,,,0
504279,11-02-2025,paid_social,prospecting_video,,,0
504280,11-02-2025,paid_search,generic_search,,,0
504281,11-02-2025,organic,,,,0
504282,11-02-2025,paid_social,prospecting_video,,,0
504283,11-02-2025,paid_search,brand_search,,,0
504284,11-02-2025,paid_social,prospecting_video,,,0
504285,11-02-2025,display,display_network,,,0
504286,11-02-2025,paid_search,brand_search,,,0
504287,11-02-2025,paid_social,retargeting,,,0
504288,11-02-2025,organic,,,,0
504289,11-02-2025,paid_search,generic_search,,,0
504290,11-02-2025,paid_search,brand_search,,,0
504291,11-02-2025,organic,,,,0
504292,11-02-2025,paid_social,prospecting_video,,,0
504293,11-02-2025,paid_social,prospecting_video,,,0
504294,11-02-2025,paid_search,brand_search,15-02-2025,monthly,29.97
504295,11-02-2025,paid_social,prospecting_video,,,0
504296,11-02-2025,affiliate,finance_blogs,,,0
504297,11-02-2025,paid_social,prospecting_video,,,0
504298,11-02-2025,organic,,,,0
504299,11-02-2025,organic,,,,0
504300,11-02-2025,paid_search,generic_search,,,0
504301,11-02-2025,organic,,,,0
504302,11-02-2025,paid_social,prospecting_video,,,0
504303,11-02-2025,organic,,,,0
504304,11-02-2025,organic,,,,0
504305,11-02-2025,organic,,,,0
504306,11-02-2025,organic,,,,0
504307,11-02-2025,organic,,,,0
504308,11-02-2025,paid_social,prospecting_video,,,0
504309,12-02-2025,paid_social,prospecting_video,,,0
504310,12-02-2025,display,display_network,,,0
504311,12-02-2025,organic,,,,0
504312,12-02-2025,paid_search,brand_search,13-02-2025,annual,79.99
504313,12-02-2025,paid_search,brand_search,,,0
504314,12-02-2025,paid_social,prospecting_video,,,0
504315,12-02-2025,paid_social,prospecting_video,,,0
504316,12-02-2025,display,display_network,,,0
504317,12-02-2025,paid_search,generic_search,,,0
504318,12-02-2025,paid_social,prospecting_video,,,0
504319,12-02-2025,referral,,13-02-2025,annual,79.99
504320,12-02-2025,organic,,,,0
504321,12-02-2025,paid_search,generic_search,,,0
504322,12-02-2025,organic,,,,0
504323,12-02-2025,paid_social,prospecting_video,,,0
504324,12-02-2025,paid_social,retargeting,,,0
504325,12-02-2025,display,display_network,,,0
504326,12-02-2025,paid_search,brand_search,12-02-2025,monthly,19.98
504327,12-02-2025,paid_social,prospecting_video,,,0
504328,12-02-2025,paid_social,prospecting_video,,,0
504329,12-02-2025,paid_search,brand_search,16-02-2025,monthly,29.97
504330,12-02-2025,paid_social,prospecting_video,,,0
504331,12-02-2025,paid_social,prospecting_video,,,0
504332,12-02-2025,paid_social,retargeting,15-02-2025,monthly,19.98
504333,12-02-2025,paid_social,prospecting_video,12-02-2025,annual,79.99
504334,12-02-2025,paid_search,brand_search,12-02-2025,annual,79.99
504335,12-02-2025,paid_search,brand_search,,,0
504336,12-02-2025,paid_social,prospecting_video,,,0
504337,12-02-2025,paid_search,brand_search,12-02-2025,annual,79.99
504338,12-02-2025,affiliate,finance_blogs,,,0
504339,12-02-2025,organic,,,,0
504340,12-02-2025,paid_search,generic_search,,,0
504341,12-02-2025,paid_social,prospecting_video,,,0
504342,12-02-2025,affiliate,finance_blogs,,,0
504343,12-02-2025,paid_social,prospecting_video,,,0
504344,12-02-2025,paid_search,generic_search,12-02-2025,monthly,29.97
504345,12-02-2025,paid_social,retargeting,12-02-2025,annual,79.99
504346,12-02-2025,paid_search,brand_search,24-02-2025,annual,79.99
504347,12-02-2025,referral,,12-02-2025,annual,79.99
504348,12-02-2025,display,display_network,,,0
504349,12-02-2025,paid_social,retargeting,,,0
504350,12-02-2025,referral,,,,0
504351,12-02-2025,paid_social,retargeting,,,0
504352,12-02-2025,organic,,,,0
504353,12-02-2025,organic,,,,0
504354,12-02-2025,organic,,,,0
504355,12-02-2025,organic,,13-02-2025,monthly,29.97
504356,12-02-2025,paid_social,prospecting_video,,,0
504357,12-02-2025,paid_social,prospecting_video,,,0
504358,12-02-2025,paid_social,prospecting_video,,,0
504359,12-02-2025,paid_search,generic_search,,,0
504360,12-02-2025,paid_social,retargeting,,,0
504361,12-02-2025,paid_social,prospecting_video,,,0
504362,12-02-2025,paid_social,prospecting_video,,,0
504363,12-02-2025,referral,,,,0
504364,12-02-2025,paid_search,generic_search,13-02-2025,annual,79.99
504365,12-02-2025,paid_social,retargeting,,,0
504366,12-02-2025,paid_social,prospecting_video,,,0
504367,12-02-2025,paid_search,brand_search,,,0
504368,12-02-2025,organic,,,,0
504369,12-02-2025,paid_search,generic_search,,,0
504370,12-02-2025,paid_social,retargeting,,,0
504371,12-02-2025,paid_search,generic_search,,,0
504372,12-02-2025,paid_search,brand_search,,,0
504373,12-02-2025,organic,,,,0
504374,12-02-2025,paid_social,prospecting_video,,,0
504375,12-02-2025,paid_social,prospecting_video,,,0
504376,12-02-2025,organic,,,,0
504377,12-02-2025,paid_social,prospecting_video,,,0
504378,12-02-2025,paid_social,retargeting,,,0
504379,12-02-2025,referral,,12-02-2025,monthly,29.97
504380,12-02-2025,referral,,,,0
504381,12-02-2025,organic,,,,0
504382,12-02-2025,paid_social,retargeting,,,0
504383,12-02-2025,paid_social,prospecting_video,,,0
504384,12-02-2025,paid_search,brand_search,,,0
504385,12-02-2025,paid_social,prospecting_video,,,0
504386,12-02-2025,paid_social,prospecting_video,,,0
504387,12-02-2025,affiliate,finance_blogs,12-02-2025,annual,79.99
504388,12-02-2025,paid_social,prospecting_video,,,0
504389,12-02-2025,paid_social,prospecting_video,,,0
504390,12-02-2025,referral,,,,0
504391,12-02-2025,paid_social,prospecting_video,,,0
504392,12-02-2025,paid_social,prospecting_video,,,0
504393,12-02-2025,organic,,,,0
504394,12-02-2025,paid_search,brand_search,,,0
504395,12-02-2025,paid_search,brand_search,,,0
504396,12-02-2025,organic,,,,0
504397,12-02-2025,paid_search,generic_search,,,0
504398,12-02-2025,organic,,13-02-2025,monthly,19.98
504399,12-02-2025,paid_search,brand_search,,,0
504400,12-02-2025,paid_search,generic_search,,,0
504401,12-02-2025,paid_social,retargeting,,,0
504402,12-02-2025,paid_social,prospecting_video,17-02-2025,monthly,19.98
504403,12-02-2025,paid_social,retargeting,13-02-2025,monthly,29.97
504404,12-02-2025,paid_social,prospecting_video,,,0
504405,12-02-2025,paid_search,generic_search,,,0
504406,12-02-2025,paid_social,prospecting_video,,,0
504407,13-02-2025,paid_social,prospecting_video,,,0
504408,13-02-2025,paid_search,generic_search,,,0
504409,13-02-2025,paid_social,prospecting_video,,,0
504410,13-02-2025,organic,,,,0
504411,13-02-2025,paid_social,prospecting_video,,,0
504412,13-02-2025,display,display_network,,,0
504413,13-02-2025,paid_social,prospecting_video,,,0
504414,13-02-2025,paid_social,prospecting_video,,,0
504415,13-02-2025,paid_social,retargeting,23-02-2025,monthly,29.97
504416,13-02-2025,organic,,,,0
504417,13-02-2025,paid_social,retargeting,,,0
504418,13-02-2025,paid_social,retargeting,,,0
504419,13-02-2025,affiliate,finance_blogs,,,0
504420,13-02-2025,paid_social,prospecting_video,,,0
504421,13-02-2025,paid_search,generic_search,15-02-2025,monthly,29.97
504422,13-02-2025,paid_social,prospecting_video,13-02-2025,monthly,29.97
504423,13-02-2025,paid_social,retargeting,13-02-2025,monthly,29.97
504424,13-02-2025,paid_social,retargeting,,,0
504425,13-02-2025,paid_social,prospecting_video,,,0
504426,13-02-2025,display,display_network,,,0
504427,13-02-2025,paid_search,generic_search,23-02-2025,monthly,9.99
504428,13-02-2025,organic,,,,0
504429,13-02-2025,paid_social,prospecting_video,14-02-2025,monthly,29.97
504430,13-02-2025,paid_search,generic_search,,,0
504431,13-02-2025,paid_search,generic_search,,,0
504432,13-02-2025,paid_social,prospecting_video,,,0
504433,13-02-2025,organic,,,,0
504434,13-02-2025,paid_social,prospecting_video,,,0
504435,13-02-2025,paid_social,prospecting_video,,,0
504436,13-02-2025,paid_social,prospecting_video,,,0
504437,13-02-2025,paid_social,prospecting_video,,,0
504438,13-02-2025,referral,,,,0
504439,13-02-2025,paid_social,retargeting,,,0
504440,13-02-2025,organic,,,,0
504441,13-02-2025,paid_social,prospecting_video,,,0
504442,13-02-2025,paid_search,brand_search,14-02-2025,monthly,9.99
504443,13-02-2025,paid_social,prospecting_video,,,0
504444,13-02-2025,organic,,,,0
504445,13-02-2025,paid_social,prospecting_video,,,0
504446,13-02-2025,organic,,,,0
504447,13-02-2025,paid_social,prospecting_video,,,0
504448,13-02-2025,paid_social,prospecting_video,13-02-2025,monthly,29.97
504449,13-02-2025,paid_search,brand_search,,,0
504450,13-02-2025,organic,,,,0
504451,13-02-2025,paid_social,prospecting_video,,,0
504452,13-02-2025,referral,,17-02-2025,monthly,29.97
504453,13-02-2025,paid_social,prospecting_video,,,0
504454,13-02-2025,paid_social,prospecting_video,,,0
504455,13-02-2025,paid_search,brand_search,,,0
504456,13-02-2025,referral,,,,0
504457,13-02-2025,organic,,,,0
504458,13-02-2025,paid_social,prospecting_video,,,0
504459,13-02-2025,paid_social,retargeting,13-02-2025,monthly,9.99
504460,13-02-2025,organic,,,,0
504461,13-02-2025,paid_social,prospecting_video,,,0
504462,13-02-2025,organic,,,,0
504463,13-02-2025,paid_social,prospecting_video,,,0
504464,13-02-2025,paid_social,prospecting_video,,,0
504465,13-02-2025,paid_social,prospecting_video,,,0
504466,13-02-2025,paid_social,prospecting_video,,,0
504467,13-02-2025,organic,,,,0
504468,13-02-2025,paid_social,prospecting_video,,,0
504469,13-02-2025,organic,,,,0
504470,13-02-2025,paid_social,retargeting,,,0
504471,13-02-2025,paid_social,prospecting_video,,,0
504472,13-02-2025,affiliate,finance_blogs,,,0
504473,13-02-2025,organic,,,,0
504474,13-02-2025,paid_social,prospecting_video,,,0
504475,13-02-2025,paid_social,prospecting_video,,,0
504476,13-02-2025,organic,,,,0
504477,13-02-2025,organic,,,,0
504478,13-02-2025,referral,,,,0
504479,13-02-2025,paid_search,brand_search,,,0
504480,13-02-2025,organic,,22-02-2025,monthly,19.98
504481,13-02-2025,paid_search,brand_search,,,0
504482,13-02-2025,paid_search,generic_search,16-02-2025,monthly,29.97
504483,13-02-2025,paid_social,prospecting_video,,,0
504484,13-02-2025,paid_social,prospecting_video,,,0
504485,13-02-2025,paid_social,prospecting_video,,,0
504486,13-02-2025,display,display_network,,,0
504487,13-02-2025,referral,,20-02-2025,annual,79.99
504488,13-02-2025,paid_social,prospecting_video,,,0
504489,13-02-2025,organic,,,,0
504490,13-02-2025,paid_social,retargeting,20-02-2025,annual,79.99
504491,13-02-2025,paid_social,prospecting_video,,,0
504492,13-02-2025,paid_social,prospecting_video,,,0
504493,13-02-2025,organic,,,,0
504494,13-02-2025,paid_social,prospecting_video,,,0
504495,13-02-2025,paid_social,prospecting_video,,,0
504496,13-02-2025,paid_social,prospecting_video,,,0
504497,13-02-2025,paid_search,brand_search,,,0
504498,13-02-2025,paid_social,retargeting,,,0
504499,13-02-2025,paid_social,prospecting_video,,,0
504500,13-02-2025,paid_search,brand_search,19-02-2025,annual,79.99
504501,13-02-2025,organic,,,,0
504502,13-02-2025,paid_social,prospecting_video,14-02-2025,annual,79.99
504503,13-02-2025,paid_search,generic_search,,,0
504504,13-02-2025,organic,,19-02-2025,annual,79.99
504505,13-02-2025,paid_social,retargeting,,,0
504506,13-02-2025,affiliate,finance_blogs,,,0
504507,13-02-2025,paid_social,retargeting,,,0
504508,13-02-2025,paid_social,prospecting_video,,,0
504509,13-02-2025,paid_social,prospecting_video,,,0
504510,13-02-2025,organic,,,,0
504511,13-02-2025,paid_search,brand_search,,,0
504512,13-02-2025,organic,,,,0
504513,13-02-2025,paid_search,generic_search,,,0
504514,13-02-2025,display,display_network,,,0
504515,13-02-2025,paid_social,retargeting,,,0
504516,13-02-2025,organic,,,,0
504517,13-02-2025,paid_search,brand_search,,,0
504518,13-02-2025,organic,,,,0
504519,13-02-2025,referral,,,,0
504520,13-02-2025,paid_search,brand_search,,,0
504521,13-02-2025,paid_social,prospecting_video,,,0
504522,13-02-2025,paid_social,prospecting_video,,,0
504523,13-02-2025,paid_search,brand_search,,,0
504524,13-02-2025,paid_social,prospecting_video,,,0
504525,13-02-2025,paid_social,retargeting,26-02-2025,monthly,29.97
504526,13-02-2025,paid_social,prospecting_video,,,0
504527,14-02-2025,referral,,,,0
504528,14-02-2025,organic,,26-02-2025,annual,79.99
504529,14-02-2025,paid_search,generic_search,,,0
504530,14-02-2025,paid_social,prospecting_video,,,0
504531,14-02-2025,paid_social,prospecting_video,,,0
504532,14-02-2025,paid_social,prospecting_video,,,0
504533,14-02-2025,paid_social,retargeting,18-02-2025,annual,79.99
504534,14-02-2025,paid_social,prospecting_video,,,0
504535,14-02-2025,paid_search,generic_search,,,0
504536,14-02-2025,paid_search,generic_search,18-02-2025,monthly,29.97
504537,14-02-2025,paid_social,prospecting_video,,,0
504538,14-02-2025,paid_social,retargeting,15-02-2025,monthly,29.97
504539,14-02-2025,paid_social,prospecting_video,,,0
504540,14-02-2025,paid_social,retargeting,,,0
504541,14-02-2025,paid_social,retargeting,,,0
504542,14-02-2025,paid_search,brand_search,,,0
504543,14-02-2025,referral,,,,0
504544,14-02-2025,paid_social,retargeting,,,0
504545,14-02-2025,referral,,15-02-2025,annual,79.99
504546,14-02-2025,affiliate,finance_blogs,,,0
504547,14-02-2025,affiliate,finance_blogs,,,0
504548,14-02-2025,organic,,,,0
504549,14-02-2025,paid_search,brand_search,,,0
504550,14-02-2025,paid_social,prospecting_video,,,0
504551,14-02-2025,paid_social,prospecting_video,,,0
504552,14-02-2025,paid_social,prospecting_video,,,0
504553,14-02-2025,organic,,,,0
504554,14-02-2025,paid_social,retargeting,,,0
504555,14-02-2025,paid_social,prospecting_video,,,0
504556,14-02-2025,paid_search,generic_search,,,0
504557,14-02-2025,paid_social,prospecting_video,,,0
504558,14-02-2025,referral,,,,0
504559,14-02-2025,paid_social,prospecting_video,,,0
504560,14-02-2025,paid_social,prospecting_video,,,0
504561,14-02-2025,organic,,,,0
504562,14-02-2025,paid_social,retargeting,,,0
504563,14-02-2025,paid_social,retargeting,,,0
504564,14-02-2025,paid_social,retargeting,,,0
504565,14-02-2025,paid_social,prospecting_video,,,0
504566,14-02-2025,organic,,,,0
504567,14-02-2025,paid_social,prospecting_video,,,0
504568,14-02-2025,paid_social,prospecting_video,,,0
504569,14-02-2025,paid_social,retargeting,,,0
504570,14-02-2025,paid_search,brand_search,,,0
504571,14-02-2025,paid_social,prospecting_video,,,0
504572,14-02-2025,paid_social,prospecting_video,,,0
504573,14-02-2025,organic,,,,0
504574,14-02-2025,paid_search,generic_search,16-02-2025,monthly,29.97
504575,14-02-2025,paid_social,prospecting_video,,,0
504576,14-02-2025,paid_search,brand_search,,,0
504577,14-02-2025,affiliate,finance_blogs,21-02-2025,annual,79.99
504578,14-02-2025,paid_search,brand_search,,,0
504579,14-02-2025,organic,,,,0
504580,14-02-2025,paid_social,prospecting_video,,,0
504581,14-02-2025,paid_social,prospecting_video,,,0
504582,14-02-2025,paid_search,brand_search,,,0
504583,14-02-2025,organic,,,,0
504584,14-02-2025,paid_search,generic_search,16-02-2025,monthly,29.97
504585,14-02-2025,paid_search,brand_search,,,0
504586,14-02-2025,organic,,,,0
504587,14-02-2025,paid_social,prospecting_video,,,0
504588,14-02-2025,referral,,,,0
504589,14-02-2025,paid_social,prospecting_video,,,0
504590,14-02-2025,paid_social,prospecting_video,,,0
504591,14-02-2025,paid_social,prospecting_video,,,0
504592,14-02-2025,paid_search,brand_search,,,0
504593,14-02-2025,paid_social,prospecting_video,,,0
504594,14-02-2025,paid_search,brand_search,,,0
504595,14-02-2025,paid_search,brand_search,,,0
504596,14-02-2025,paid_social,prospecting_video,,,0
504597,14-02-2025,paid_social,prospecting_video,,,0
504598,14-02-2025,organic,,,,0
504599,14-02-2025,paid_social,retargeting,,,0
504600,14-02-2025,paid_search,brand_search,,,0
504601,14-02-2025,referral,,,,0
504602,14-02-2025,paid_social,prospecting_video,,,0
504603,14-02-2025,paid_search,brand_search,,,0
504604,14-02-2025,paid_search,generic_search,,,0
504605,14-02-2025,paid_search,generic_search,,,0
504606,14-02-2025,paid_search,brand_search,,,0
504607,14-02-2025,paid_social,retargeting,17-02-2025,annual,79.99
504608,14-02-2025,paid_social,prospecting_video,,,0
504609,14-02-2025,paid_social,prospecting_video,,,0
504610,14-02-2025,paid_social,prospecting_video,,,0
504611,14-02-2025,referral,,,,0
504612,14-02-2025,paid_search,generic_search,,,0
504613,14-02-2025,paid_social,retargeting,,,0
504614,14-02-2025,organic,,,,0
504615,14-02-2025,paid_search,brand_search,,,0
504616,14-02-2025,paid_search,brand_search,,,0
504617,14-02-2025,paid_search,generic_search,,,0
504618,14-02-2025,paid_social,prospecting_video,,,0
504619,14-02-2025,paid_social,prospecting_video,,,0
504620,14-02-2025,paid_social,retargeting,,,0
504621,14-02-2025,organic,,,,0
504622,14-02-2025,paid_social,prospecting_video,,,0
504623,14-02-2025,paid_social,prospecting_video,,,0
504624,14-02-2025,referral,,,,0
504625,14-02-2025,paid_search,generic_search,14-02-2025,monthly,29.97
504626,14-02-2025,paid_search,generic_search,,,0
504627,14-02-2025,paid_search,generic_search,,,0
504628,14-02-2025,paid_search,generic_search,,,0
504629,14-02-2025,referral,,,,0
504630,14-02-2025,paid_social,prospecting_video,,,0
504631,14-02-2025,paid_search,brand_search,,,0
504632,14-02-2025,paid_social,prospecting_video,,,0
504633,14-02-2025,paid_search,generic_search,,,0
504634,14-02-2025,paid_social,retargeting,,,0
504635,14-02-2025,paid_social,prospecting_video,,,0
504636,14-02-2025,paid_search,generic_search,,,0
504637,14-02-2025,paid_social,prospecting_video,,,0
504638,14-02-2025,paid_social,prospecting_video,,,0
504639,14-02-2025,referral,,,,0
504640,14-02-2025,organic,,,,0
504641,15-02-2025,paid_social,prospecting_video,,,0
504642,15-02-2025,organic,,,,0
504643,15-02-2025,paid_search,generic_search,,,0
504644,15-02-2025,organic,,,,0
504645,15-02-2025,paid_search,brand_search,,,0
504646,15-02-2025,paid_social,prospecting_video,,,0
504647,15-02-2025,paid_search,brand_search,21-02-2025,annual,79.99
504648,15-02-2025,organic,,24-02-2025,annual,79.99
504649,15-02-2025,paid_social,retargeting,,,0
504650,15-02-2025,organic,,,,0
504651,15-02-2025,paid_search,brand_search,,,0
504652,15-02-2025,paid_social,prospecting_video,,,0
504653,15-02-2025,paid_social,prospecting_video,,,0
504654,15-02-2025,paid_social,prospecting_video,,,0
504655,15-02-2025,paid_social,retargeting,,,0
504656,15-02-2025,paid_search,generic_search,19-02-2025,monthly,29.97
504657,15-02-2025,paid_search,brand_search,,,0
504658,15-02-2025,paid_social,prospecting_video,,,0
504659,15-02-2025,organic,,,,0
504660,15-02-2025,paid_social,prospecting_video,,,0
504661,15-02-2025,paid_search,brand_search,19-02-2025,monthly,29.97
504662,15-02-2025,organic,,,,0
504663,15-02-2025,display,display_network,,,0
504664,15-02-2025,paid_social,prospecting_video,,,0
504665,15-02-2025,organic,,,,0
504666,15-02-2025,paid_social,prospecting_video,,,0
504667,15-02-2025,referral,,,,0
504668,15-02-2025,organic,,,,0
504669,15-02-2025,organic,,,,0
504670,15-02-2025,paid_search,generic_search,23-02-2025,monthly,9.99
504671,15-02-2025,paid_social,prospecting_video,,,0
504672,15-02-2025,organic,,,,0
504673,15-02-2025,paid_social,prospecting_video,,,0
504674,15-02-2025,paid_search,generic_search,,,0
504675,15-02-2025,paid_social,prospecting_video,,,0
504676,15-02-2025,paid_search,generic_search,28-02-2025,monthly,29.97
504677,15-02-2025,paid_social,prospecting_video,,,0
504678,15-02-2025,paid_social,prospecting_video,,,0
504679,15-02-2025,paid_search,brand_search,,,0
504680,15-02-2025,organic,,,,0
504681,15-02-2025,paid_social,prospecting_video,,,0
504682,15-02-2025,paid_social,retargeting,,,0
504683,15-02-2025,referral,,18-02-2025,monthly,29.97
504684,15-02-2025,affiliate,finance_blogs,,,0
504685,15-02-2025,paid_search,brand_search,,,0
504686,15-02-2025,affiliate,finance_blogs,,,0
504687,15-02-2025,paid_social,retargeting,,,0
504688,15-02-2025,paid_social,retargeting,,,0
504689,15-02-2025,organic,,,,0
504690,15-02-2025,paid_social,retargeting,,,0
504691,15-02-2025,paid_social,retargeting,,,0
504692,15-02-2025,referral,,,,0
504693,15-02-2025,affiliate,finance_blogs,,,0
504694,15-02-2025,paid_social,prospecting_video,,,0
504695,15-02-2025,organic,,23-02-2025,annual,79.99
504696,15-02-2025,paid_search,brand_search,,,0
504697,15-02-2025,organic,,,,0
504698,15-02-2025,organic,,,,0
504699,15-02-2025,organic,,,,0
504700,15-02-2025,paid_social,retargeting,,,0
504701,15-02-2025,paid_social,prospecting_video,,,0
504702,15-02-2025,paid_social,prospecting_video,,,0
504703,15-02-2025,referral,,23-02-2025,monthly,29.97
504704,15-02-2025,affiliate,finance_blogs,19-02-2025,annual,79.99
504705,15-02-2025,organic,,,,0
504706,15-02-2025,paid_social,prospecting_video,,,0
504707,15-02-2025,affiliate,finance_blogs,,,0
504708,15-02-2025,paid_social,prospecting_video,,,0
504709,15-02-2025,paid_social,retargeting,,,0
504710,15-02-2025,paid_social,retargeting,,,0
504711,15-02-2025,affiliate,finance_blogs,,,0
504712,15-02-2025,paid_social,retargeting,,,0
504713,15-02-2025,paid_social,prospecting_video,,,0
504714,15-02-2025,organic,,,,0
504715,15-02-2025,paid_social,prospecting_video,,,0
504716,15-02-2025,paid_social,prospecting_video,,,0
504717,15-02-2025,paid_social,prospecting_video,,,0
504718,15-02-2025,organic,,,,0
504719,15-02-2025,organic,,19-02-2025,monthly,29.97
504720,15-02-2025,paid_social,retargeting,,,0
504721,15-02-2025,paid_search,generic_search,,,0
504722,15-02-2025,referral,,,,0
504723,15-02-2025,paid_social,retargeting,16-02-2025,annual,79.99
504724,15-02-2025,paid_search,generic_search,15-02-2025,monthly,29.97
504725,15-02-2025,paid_search,generic_search,,,0
504726,15-02-2025,organic,,,,0
504727,15-02-2025,paid_social,prospecting_video,,,0
504728,15-02-2025,organic,,,,0
504729,15-02-2025,paid_social,retargeting,,,0
504730,15-02-2025,paid_search,brand_search,,,0
504731,15-02-2025,paid_social,prospecting_video,,,0
504732,15-02-2025,paid_social,retargeting,,,0
504733,15-02-2025,paid_social,retargeting,,,0
504734,15-02-2025,paid_social,retargeting,,,0
504735,15-02-2025,referral,,,,0
504736,15-02-2025,display,display_network,,,0
504737,15-02-2025,paid_social,prospecting_video,,,0
504738,15-02-2025,paid_social,prospecting_video,,,0
504739,15-02-2025,affiliate,finance_blogs,,,0
504740,15-02-2025,paid_social,retargeting,,,0
504741,15-02-2025,affiliate,finance_blogs,,,0
504742,15-02-2025,paid_social,prospecting_video,,,0
504743,15-02-2025,organic,,,,0
504744,15-02-2025,paid_social,prospecting_video,,,0
504745,15-02-2025,paid_social,prospecting_video,,,0
504746,16-02-2025,paid_search,brand_search,,,0
504747,16-02-2025,paid_social,prospecting_video,,,0
504748,16-02-2025,paid_social,prospecting_video,,,0
504749,16-02-2025,organic,,,,0
504750,16-02-2025,paid_search,generic_search,21-02-2025,monthly,29.97
504751,16-02-2025,paid_social,prospecting_video,,,0
504752,16-02-2025,organic,,,,0
504753,16-02-2025,paid_social,prospecting_video,,,0
504754,16-02-2025,organic,,,,0
504755,16-02-2025,paid_social,prospecting_video,,,0
504756,16-02-2025,paid_social,prospecting_video,,,0
504757,16-02-2025,paid_search,generic_search,,,0
504758,16-02-2025,paid_social,prospecting_video,,,0
504759,16-02-2025,paid_social,prospecting_video,,,0
504760,16-02-2025,paid_social,retargeting,,,0
504761,16-02-2025,paid_search,brand_search,16-02-2025,annual,79.99
504762,16-02-2025,paid_social,prospecting_video,,,0
504763,16-02-2025,paid_social,prospecting_video,,,0
504764,16-02-2025,paid_social,prospecting_video,,,0
504765,16-02-2025,organic,,,,0
504766,16-02-2025,organic,,,,0
504767,16-02-2025,organic,,,,0
504768,16-02-2025,organic,,,,0
504769,16-02-2025,paid_social,prospecting_video,,,0
504770,16-02-2025,paid_social,prospecting_video,,,0
504771,16-02-2025,paid_social,retargeting,,,0
504772,16-02-2025,referral,,,,0
504773,16-02-2025,paid_social,prospecting_video,,,0
504774,16-02-2025,paid_search,generic_search,18-02-2025,monthly,19.98
504775,16-02-2025,organic,,,,0
504776,16-02-2025,paid_search,generic_search,,,0
504777,16-02-2025,paid_social,prospecting_video,,,0
504778,16-02-2025,paid_social,retargeting,,,0
504779,16-02-2025,paid_social,prospecting_video,,,0
504780,16-02-2025,organic,,01-03-2025,monthly,29.97
504781,16-02-2025,organic,,16-02-2025,monthly,29.97
504782,16-02-2025,paid_social,prospecting_video,,,0
504783,16-02-2025,display,display_network,,,0
504784,16-02-2025,organic,,21-02-2025,monthly,9.99
504785,16-02-2025,organic,,,,0
504786,16-02-2025,paid_social,prospecting_video,,,0
504787,16-02-2025,paid_search,generic_search,,,0
504788,16-02-2025,organic,,16-02-2025,monthly,29.97
504789,16-02-2025,paid_search,generic_search,,,0
504790,16-02-2025,organic,,,,0
504791,16-02-2025,paid_social,prospecting_video,,,0
504792,16-02-2025,affiliate,finance_blogs,16-02-2025,monthly,29.97
504793,16-02-2025,organic,,,,0
504794,16-02-2025,display,display_network,,,0
504795,16-02-2025,organic,,,,0
504796,16-02-2025,paid_social,prospecting_video,,,0
504797,16-02-2025,paid_social,prospecting_video,,,0
504798,16-02-2025,paid_search,brand_search,,,0
504799,16-02-2025,organic,,,,0
504800,16-02-2025,paid_social,prospecting_video,,,0
504801,16-02-2025,paid_social,prospecting_video,,,0
504802,16-02-2025,paid_search,generic_search,,,0
504803,16-02-2025,paid_search,generic_search,,,0
504804,16-02-2025,organic,,,,0
504805,16-02-2025,paid_search,brand_search,16-02-2025,monthly,19.98
504806,16-02-2025,organic,,,,0
504807,16-02-2025,paid_social,prospecting_video,,,0
504808,16-02-2025,paid_social,prospecting_video,,,0
504809,16-02-2025,paid_social,prospecting_video,,,0
504810,16-02-2025,referral,,18-02-2025,annual,79.99
504811,16-02-2025,affiliate,finance_blogs,,,0
504812,16-02-2025,paid_social,prospecting_video,,,0
504813,16-02-2025,paid_social,prospecting_video,,,0
504814,16-02-2025,paid_social,prospecting_video,,,0
504815,16-02-2025,organic,,,,0
504816,16-02-2025,paid_search,generic_search,,,0
504817,16-02-2025,referral,,,,0
504818,16-02-2025,paid_search,brand_search,,,0
504819,16-02-2025,referral,,19-02-2025,annual,79.99
504820,16-02-2025,paid_search,brand_search,,,0
504821,16-02-2025,paid_social,prospecting_video,,,0
504822,16-02-2025,paid_social,prospecting_video,,,0
504823,16-02-2025,paid_social,prospecting_video,,,0
504824,16-02-2025,paid_search,generic_search,,,0
504825,16-02-2025,paid_search,brand_search,25-02-2025,monthly,9.99
504826,16-02-2025,referral,,,,0
504827,16-02-2025,paid_search,generic_search,,,0
504828,16-02-2025,paid_search,brand_search,21-02-2025,monthly,29.97
504829,16-02-2025,affiliate,finance_blogs,16-02-2025,monthly,19.98
504830,16-02-2025,referral,,,,0
504831,16-02-2025,organic,,16-02-2025,monthly,29.97
504832,16-02-2025,organic,,,,0
504833,16-02-2025,paid_search,brand_search,,,0
504834,16-02-2025,paid_social,retargeting,,,0
504835,16-02-2025,organic,,16-02-2025,annual,79.99
504836,16-02-2025,paid_search,brand_search,,,0
504837,17-02-2025,paid_social,retargeting,,,0
504838,17-02-2025,paid_search,generic_search,,,0
504839,17-02-2025,paid_social,prospecting_video,,,0
504840,17-02-2025,paid_search,generic_search,,,0
504841,17-02-2025,paid_search,generic_search,27-02-2025,monthly,29.97
504842,17-02-2025,paid_search,brand_search,,,0
504843,17-02-2025,organic,,,,0
504844,17-02-2025,referral,,,,0
504845,17-02-2025,paid_search,brand_search,,,0
504846,17-02-2025,paid_social,prospecting_video,,,0
504847,17-02-2025,paid_search,generic_search,,,0
504848,17-02-2025,affiliate,finance_blogs,,,0
504849,17-02-2025,paid_search,brand_search,,,0
504850,17-02-2025,paid_social,retargeting,,,0
504851,17-02-2025,paid_social,prospecting_video,,,0
504852,17-02-2025,paid_social,prospecting_video,,,0
504853,17-02-2025,paid_social,prospecting_video,,,0
504854,17-02-2025,paid_social,prospecting_video,,,0
504855,17-02-2025,paid_social,prospecting_video,,,0
504856,17-02-2025,paid_social,prospecting_video,,,0
504857,17-02-2025,paid_search,brand_search,,,0
504858,17-02-2025,organic,,,,0
504859,17-02-2025,paid_search,brand_search,,,0
504860,17-02-2025,paid_social,retargeting,,,0
504861,17-02-2025,paid_social,retargeting,,,0
504862,17-02-2025,paid_social,prospecting_video,,,0
504863,17-02-2025,paid_social,prospecting_video,,,0
504864,17-02-2025,paid_social,retargeting,,,0
504865,17-02-2025,paid_social,prospecting_video,,,0
504866,17-02-2025,paid_social,prospecting_video,,,0
504867,17-02-2025,paid_social,retargeting,,,0
504868,17-02-2025,organic,,19-02-2025,monthly,19.98
504869,17-02-2025,affiliate,finance_blogs,,,0
504870,17-02-2025,paid_search,brand_search,,,0
504871,17-02-2025,paid_social,prospecting_video,23-02-2025,monthly,9.99
504872,17-02-2025,paid_social,prospecting_video,,,0
504873,17-02-2025,paid_social,prospecting_video,,,0
504874,17-02-2025,paid_social,retargeting,,,0
504875,17-02-2025,paid_search,generic_search,18-02-2025,annual,79.99
504876,17-02-2025,paid_social,prospecting_video,,,0
504877,17-02-2025,paid_social,retargeting,,,0
504878,17-02-2025,paid_social,prospecting_video,,,0
504879,17-02-2025,organic,,,,0
504880,17-02-2025,paid_social,prospecting_video,,,0
504881,17-02-2025,paid_social,prospecting_video,,,0
504882,17-02-2025,affiliate,finance_blogs,18-02-2025,monthly,9.99
504883,17-02-2025,paid_social,prospecting_video,27-02-2025,annual,79.99
504884,17-02-2025,paid_search,generic_search,,,0
504885,17-02-2025,paid_social,prospecting_video,,,0
504886,17-02-2025,paid_social,retargeting,,,0
504887,17-02-2025,paid_social,prospecting_video,,,0
504888,17-02-2025,paid_social,prospecting_video,,,0
504889,17-02-2025,paid_search,brand_search,20-02-2025,monthly,29.97
504890,17-02-2025,paid_search,generic_search,,,0
504891,17-02-2025,paid_social,prospecting_video,,,0
504892,17-02-2025,paid_social,prospecting_video,,,0
504893,17-02-2025,affiliate,finance_blogs,,,0
504894,17-02-2025,organic,,,,0
504895,17-02-2025,paid_social,prospecting_video,,,0
504896,17-02-2025,paid_social,prospecting_video,,,0
504897,17-02-2025,organic,,,,0
504898,17-02-2025,organic,,,,0
504899,17-02-2025,paid_social,prospecting_video,,,0
504900,17-02-2025,paid_social,prospecting_video,,,0
504901,17-02-2025,referral,,,,0
504902,17-02-2025,paid_social,retargeting,,,0
504903,17-02-2025,paid_social,prospecting_video,,,0
504904,17-02-2025,paid_search,brand_search,17-02-2025,monthly,19.98
504905,17-02-2025,paid_social,prospecting_video,,,0
504906,17-02-2025,organic,,,,0
504907,17-02-2025,paid_social,prospecting_video,,,0
504908,17-02-2025,organic,,,,0
504909,17-02-2025,organic,,,,0
504910,17-02-2025,paid_search,generic_search,,,0
504911,17-02-2025,paid_search,generic_search,,,0
504912,17-02-2025,organic,,,,0
504913,17-02-2025,affiliate,finance_blogs,,,0
504914,17-02-2025,paid_social,retargeting,17-02-2025,monthly,29.97
504915,17-02-2025,paid_search,brand_search,19-02-2025,annual,79.99
504916,17-02-2025,paid_social,retargeting,25-02-2025,monthly,29.97
504917,17-02-2025,organic,,,,0
504918,17-02-2025,referral,,,,0
504919,17-02-2025,display,display_network,,,0
504920,17-02-2025,paid_social,prospecting_video,,,0
504921,17-02-2025,paid_social,prospecting_video,,,0
504922,17-02-2025,paid_social,retargeting,17-02-2025,annual,79.99
504923,17-02-2025,organic,,,,0
504924,17-02-2025,paid_social,prospecting_video,,,0
504925,17-02-2025,organic,,,,0
504926,17-02-2025,paid_social,retargeting,,,0
504927,17-02-2025,organic,,,,0
504928,17-02-2025,paid_search,generic_search,,,0
504929,17-02-2025,organic,,,,0
504930,17-02-2025,paid_social,prospecting_video,,,0
504931,17-02-2025,organic,,,,0
504932,17-02-2025,paid_social,retargeting,,,0
504933,17-02-2025,paid_search,brand_search,19-02-2025,annual,79.99
504934,17-02-2025,paid_search,brand_search,,,0
504935,17-02-2025,paid_search,brand_search,,,0
504936,17-02-2025,paid_social,prospecting_video,,,0
504937,17-02-2025,paid_search,brand_search,,,0
504938,17-02-2025,paid_social,prospecting_video,,,0
504939,17-02-2025,referral,,,,0
504940,17-02-2025,paid_social,prospecting_video,,,0
504941,17-02-2025,paid_search,generic_search,,,0
504942,17-02-2025,paid_social,prospecting_video,,,0
504943,17-02-2025,paid_search,brand_search,,,0
504944,17-02-2025,paid_social,prospecting_video,,,0
504945,17-02-2025,paid_social,prospecting_video,,,0
504946,17-02-2025,organic,,,,0
504947,17-02-2025,paid_social,prospecting_video,,,0
504948,18-02-2025,display,display_network,,,0
504949,18-02-2025,paid_social,prospecting_video,19-02-2025,monthly,9.99
504950,18-02-2025,paid_search,generic_search,,,0
504951,18-02-2025,paid_social,prospecting_video,,,0
504952,18-02-2025,paid_social,prospecting_video,,,0
504953,18-02-2025,paid_search,brand_search,19-02-2025,annual,79.99
504954,18-02-2025,paid_social,prospecting_video,,,0
504955,18-02-2025,paid_social,prospecting_video,,,0
504956,18-02-2025,paid_search,brand_search,20-02-2025,monthly,29.97
504957,18-02-2025,paid_search,generic_search,,,0
504958,18-02-2025,paid_social,retargeting,,,0
504959,18-02-2025,paid_search,brand_search,18-02-2025,monthly,9.99
504960,18-02-2025,paid_social,prospecting_video,,,0
504961,18-02-2025,organic,,,,0
504962,18-02-2025,organic,,,,0
504963,18-02-2025,paid_social,prospecting_video,,,0
504964,18-02-2025,paid_search,generic_search,,,0
504965,18-02-2025,paid_social,prospecting_video,,,0
504966,18-02-2025,organic,,,,0
504967,18-02-2025,paid_social,retargeting,,,0
504968,18-02-2025,referral,,,,0
504969,18-02-2025,paid_social,prospecting_video,,,0
504970,18-02-2025,paid_social,prospecting_video,,,0
504971,18-02-2025,paid_search,generic_search,,,0
504972,18-02-2025,paid_social,prospecting_video,,,0
504973,18-02-2025,paid_social,prospecting_video,,,0
504974,18-02-2025,paid_search,generic_search,,,0
504975,18-02-2025,paid_social,prospecting_video,,,0
504976,18-02-2025,paid_social,prospecting_video,,,0
504977,18-02-2025,paid_search,generic_search,,,0
504978,18-02-2025,paid_search,generic_search,,,0
504979,18-02-2025,paid_search,generic_search,,,0
504980,18-02-2025,paid_search,generic_search,,,0
504981,18-02-2025,paid_social,retargeting,,,0
504982,18-02-2025,paid_social,retargeting,22-02-2025,monthly,9.99
504983,18-02-2025,paid_social,prospecting_video,,,0
504984,18-02-2025,organic,,,,0
504985,18-02-2025,organic,,,,0
504986,18-02-2025,paid_search,brand_search,,,0
504987,18-02-2025,paid_social,prospecting_video,,,0
504988,18-02-2025,organic,,,,0
504989,18-02-2025,paid_social,prospecting_video,,,0
504990,18-02-2025,paid_social,prospecting_video,,,0
504991,18-02-2025,paid_search,brand_search,25-02-2025,monthly,9.99
504992,18-02-2025,paid_social,prospecting_video,,,0
504993,18-02-2025,referral,,,,0
504994,18-02-2025,paid_search,generic_search,,,0
504995,18-02-2025,paid_social,prospecting_video,,,0
504996,18-02-2025,affiliate,finance_blogs,,,0
504997,18-02-2025,referral,,,,0
504998,18-02-2025,paid_social,prospecting_video,,,0
504999,18-02-2025,paid_search,generic_search,,,0
505000,18-02-2025,paid_search,generic_search,,,0
505001,18-02-2025,paid_social,prospecting_video,,,0
505002,18-02-2025,display,display_network,,,0
505003,18-02-2025,organic,,,,0
505004,18-02-2025,paid_social,prospecting_video,,,0
505005,18-02-2025,organic,,,,0
505006,18-02-2025,organic,,,,0
505007,18-02-2025,organic,,,,0
505008,18-02-2025,affiliate,finance_blogs,,,0
505009,18-02-2025,paid_social,prospecting_video,,,0
505010,18-02-2025,paid_social,retargeting,,,0
505011,18-02-2025,paid_search,brand_search,,,0
505012,18-02-2025,organic,,,,0
505013,18-02-2025,organic,,,,0
505014,18-02-2025,paid_social,prospecting_video,,,0
505015,18-02-2025,paid_social,prospecting_video,,,0
505016,18-02-2025,organic,,,,0
505017,18-02-2025,paid_search,generic_search,18-02-2025,monthly,9.99
505018,18-02-2025,paid_search,brand_search,,,0
505019,18-02-2025,paid_search,generic_search,19-02-2025,monthly,9.99
505020,18-02-2025,organic,,,,0
505021,18-02-2025,paid_social,prospecting_video,,,0
505022,18-02-2025,paid_social,retargeting,,,0
505023,18-02-2025,paid_social,retargeting,,,0
505024,18-02-2025,paid_social,prospecting_video,,,0
505025,18-02-2025,organic,,,,0
505026,18-02-2025,paid_social,retargeting,,,0
505027,18-02-2025,paid_social,prospecting_video,,,0
505028,18-02-2025,paid_search,generic_search,,,0
505029,18-02-2025,paid_social,retargeting,,,0
505030,18-02-2025,organic,,,,0
505031,18-02-2025,display,display_network,,,0
505032,18-02-2025,paid_social,prospecting_video,,,0
505033,18-02-2025,organic,,20-02-2025,monthly,29.97
505034,18-02-2025,paid_social,retargeting,,,0
505035,18-02-2025,paid_social,prospecting_video,,,0
505036,18-02-2025,referral,,,,0
505037,18-02-2025,paid_social,prospecting_video,,,0
505038,18-02-2025,paid_social,prospecting_video,,,0
505039,18-02-2025,paid_social,prospecting_video,,,0
505040,18-02-2025,referral,,03-03-2025,annual,79.99
505041,18-02-2025,organic,,18-02-2025,monthly,29.97
505042,18-02-2025,paid_search,brand_search,23-02-2025,monthly,29.97
505043,18-02-2025,organic,,,,0
505044,18-02-2025,paid_social,prospecting_video,,,0
505045,18-02-2025,paid_social,prospecting_video,,,0
505046,18-02-2025,paid_search,brand_search,21-02-2025,annual,79.99
505047,18-02-2025,paid_social,prospecting_video,,,0
505048,18-02-2025,paid_search,brand_search,19-02-2025,monthly,29.97
505049,18-02-2025,organic,,,,0
505050,18-02-2025,organic,,,,0
505051,18-02-2025,paid_search,generic_search,,,0
505052,18-02-2025,paid_search,generic_search,,,0
505053,18-02-2025,paid_social,prospecting_video,,,0
505054,18-02-2025,organic,,,,0
505055,18-02-2025,paid_social,prospecting_video,,,0
505056,18-02-2025,paid_social,prospecting_video,,,0
505057,18-02-2025,paid_social,prospecting_video,,,0
505058,18-02-2025,affiliate,finance_blogs,,,0
505059,18-02-2025,paid_social,prospecting_video,,,0
505060,18-02-2025,paid_social,retargeting,20-02-2025,annual,79.99
505061,18-02-2025,paid_social,retargeting,,,0
505062,18-02-2025,paid_social,prospecting_video,,,0
505063,18-02-2025,paid_social,retargeting,,,0
505064,18-02-2025,paid_search,generic_search,24-02-2025,annual,79.99
505065,18-02-2025,paid_social,prospecting_video,,,0
505066,18-02-2025,paid_search,generic_search,,,0
505067,18-02-2025,paid_social,retargeting,,,0
505068,18-02-2025,organic,,,,0
505069,18-02-2025,organic,,,,0
505070,18-02-2025,paid_social,prospecting_video,,,0
505071,18-02-2025,paid_social,prospecting_video,21-02-2025,monthly,29.97
505072,18-02-2025,paid_search,generic_search,,,0
505073,18-02-2025,affiliate,finance_blogs,,,0
505074,18-02-2025,paid_social,prospecting_video,,,0
505075,18-02-2025,paid_social,prospecting_video,,,0
505076,19-02-2025,paid_social,prospecting_video,,,0
505077,19-02-2025,paid_social,prospecting_video,,,0
505078,19-02-2025,affiliate,finance_blogs,,,0
505079,19-02-2025,display,display_network,,,0
505080,19-02-2025,organic,,,,0
505081,19-02-2025,paid_search,brand_search,,,0
505082,19-02-2025,organic,,,,0
505083,19-02-2025,paid_search,generic_search,23-02-2025,annual,79.99
505084,19-02-2025,paid_social,retargeting,26-02-2025,annual,79.99
505085,19-02-2025,paid_social,retargeting,,,0
505086,19-02-2025,paid_social,prospecting_video,,,0
505087,19-02-2025,paid_social,prospecting_video,,,0
505088,19-02-2025,organic,,,,0
505089,19-02-2025,paid_search,brand_search,,,0
505090,19-02-2025,paid_social,prospecting_video,,,0
505091,19-02-2025,paid_search,generic_search,,,0
505092,19-02-2025,paid_search,brand_search,,,0
505093,19-02-2025,referral,,,,0
505094,19-02-2025,paid_social,prospecting_video,,,0
505095,19-02-2025,paid_social,prospecting_video,,,0
505096,19-02-2025,paid_social,retargeting,,,0
505097,19-02-2025,paid_social,prospecting_video,,,0
505098,19-02-2025,paid_search,brand_search,,,0
505099,19-02-2025,paid_search,generic_search,25-02-2025,annual,79.99
505100,19-02-2025,paid_social,prospecting_video,,,0
505101,19-02-2025,paid_search,brand_search,20-02-2025,annual,79.99
505102,19-02-2025,paid_search,brand_search,,,0
505103,19-02-2025,paid_social,retargeting,,,0
505104,19-02-2025,paid_search,generic_search,,,0
505105,19-02-2025,paid_social,prospecting_video,,,0
505106,19-02-2025,paid_social,prospecting_video,,,0
505107,19-02-2025,paid_social,retargeting,25-02-2025,monthly,29.97
505108,19-02-2025,paid_social,prospecting_video,,,0
505109,19-02-2025,paid_social,prospecting_video,,,0
505110,19-02-2025,paid_search,brand_search,,,0
505111,19-02-2025,organic,,,,0
505112,19-02-2025,paid_social,retargeting,,,0
505113,19-02-2025,referral,,,,0
505114,19-02-2025,paid_social,prospecting_video,,,0
505115,19-02-2025,paid_search,generic_search,,,0
505116,19-02-2025,display,display_network,,,0
505117,19-02-2025,organic,,,,0
505118,19-02-2025,paid_social,prospecting_video,,,0
505119,19-02-2025,organic,,,,0
505120,19-02-2025,organic,,,,0
505121,19-02-2025,paid_social,prospecting_video,,,0
505122,19-02-2025,paid_search,generic_search,,,0
505123,19-02-2025,paid_social,retargeting,19-02-2025,monthly,29.97
505124,19-02-2025,paid_search,generic_search,20-02-2025,monthly,29.97
505125,19-02-2025,paid_social,retargeting,26-02-2025,annual,79.99
505126,19-02-2025,paid_search,generic_search,,,0
505127,19-02-2025,paid_search,brand_search,,,0
505128,19-02-2025,paid_search,generic_search,,,0
505129,19-02-2025,affiliate,finance_blogs,,,0
505130,19-02-2025,paid_social,prospecting_video,,,0
505131,19-02-2025,paid_search,generic_search,,,0
505132,19-02-2025,paid_social,retargeting,21-02-2025,monthly,19.98
505133,19-02-2025,paid_search,generic_search,,,0
505134,19-02-2025,paid_social,prospecting_video,,,0
505135,19-02-2025,affiliate,finance_blogs,19-02-2025,monthly,29.97
505136,19-02-2025,paid_search,generic_search,21-02-2025,annual,79.99
505137,19-02-2025,paid_social,prospecting_video,,,0
505138,19-02-2025,affiliate,finance_blogs,,,0
505139,19-02-2025,paid_social,prospecting_video,,,0
505140,19-02-2025,organic,,,,0
505141,19-02-2025,display,display_network,,,0
505142,19-02-2025,paid_search,generic_search,,,0
505143,19-02-2025,paid_search,generic_search,,,0
505144,19-02-2025,organic,,,,0
505145,19-02-2025,paid_social,retargeting,,,0
505146,19-02-2025,paid_social,retargeting,20-02-2025,annual,79.99
505147,19-02-2025,paid_social,retargeting,,,0
505148,19-02-2025,paid_search,generic_search,28-02-2025,monthly,29.97
505149,19-02-2025,paid_search,brand_search,,,0
505150,19-02-2025,paid_social,prospecting_video,,,0
505151,19-02-2025,organic,,,,0
505152,19-02-2025,paid_search,generic_search,19-02-2025,monthly,29.97
505153,19-02-2025,paid_search,generic_search,,,0
505154,19-02-2025,paid_social,prospecting_video,,,0
505155,19-02-2025,paid_social,retargeting,,,0
505156,19-02-2025,paid_social,prospecting_video,,,0
505157,19-02-2025,paid_social,retargeting,,,0
505158,19-02-2025,paid_social,prospecting_video,,,0
505159,19-02-2025,paid_search,brand_search,19-02-2025,annual,79.99
505160,19-02-2025,paid_social,prospecting_video,,,0
505161,19-02-2025,display,display_network,,,0
505162,20-02-2025,organic,,,,0
505163,20-02-2025,paid_search,brand_search,,,0
505164,20-02-2025,paid_search,generic_search,,,0
505165,20-02-2025,paid_social,prospecting_video,,,0
505166,20-02-2025,paid_social,retargeting,,,0
505167,20-02-2025,paid_search,brand_search,,,0
505168,20-02-2025,paid_social,prospecting_video,,,0
505169,20-02-2025,paid_search,brand_search,,,0
505170,20-02-2025,organic,,,,0
505171,20-02-2025,paid_search,brand_search,,,0
505172,20-02-2025,paid_social,prospecting_video,,,0
505173,20-02-2025,affiliate,finance_blogs,,,0
505174,20-02-2025,paid_social,prospecting_video,,,0
505175,20-02-2025,organic,,,,0
505176,20-02-2025,paid_social,prospecting_video,,,0
505177,20-02-2025,organic,,,,0
505178,20-02-2025,paid_social,prospecting_video,,,0
505179,20-02-2025,organic,,,,0
505180,20-02-2025,paid_social,prospecting_video,,,0
505181,20-02-2025,paid_search,generic_search,26-02-2025,monthly,9.99
505182,20-02-2025,paid_social,retargeting,,,0
505183,20-02-2025,paid_social,retargeting,,,0
505184,20-02-2025,paid_social,prospecting_video,,,0
505185,20-02-2025,paid_social,prospecting_video,,,0
505186,20-02-2025,paid_social,prospecting_video,,,0
505187,20-02-2025,paid_social,prospecting_video,,,0
505188,20-02-2025,paid_search,generic_search,,,0
505189,20-02-2025,referral,,,,0
505190,20-02-2025,organic,,,,0
505191,20-02-2025,organic,,24-02-2025,annual,79.99
505192,20-02-2025,organic,,,,0
505193,20-02-2025,paid_search,brand_search,,,0
505194,20-02-2025,paid_social,retargeting,,,0
505195,20-02-2025,paid_search,generic_search,,,0
505196,20-02-2025,paid_search,brand_search,24-02-2025,monthly,29.97
505197,20-02-2025,referral,,,,0
505198,20-02-2025,organic,,,,0
505199,20-02-2025,paid_social,retargeting,,,0
505200,20-02-2025,organic,,,,0
505201,20-02-2025,paid_social,retargeting,,,0
505202,20-02-2025,paid_search,brand_search,,,0
505203,20-02-2025,organic,,,,0
505204,20-02-2025,paid_social,prospecting_video,,,0
505205,20-02-2025,organic,,,,0
505206,20-02-2025,paid_search,generic_search,,,0
505207,20-02-2025,paid_social,prospecting_video,,,0
505208,20-02-2025,paid_search,generic_search,,,0
505209,20-02-2025,paid_social,prospecting_video,,,0
505210,20-02-2025,affiliate,finance_blogs,,,0
505211,20-02-2025,paid_social,prospecting_video,,,0
505212,20-02-2025,paid_search,brand_search,,,0
505213,20-02-2025,paid_search,brand_search,23-02-2025,monthly,29.97
505214,20-02-2025,paid_search,generic_search,,,0
505215,20-02-2025,paid_search,brand_search,,,0
505216,20-02-2025,paid_social,prospecting_video,,,0
505217,20-02-2025,paid_social,prospecting_video,,,0
505218,20-02-2025,referral,,,,0
505219,20-02-2025,paid_social,retargeting,,,0
505220,20-02-2025,organic,,,,0
505221,20-02-2025,paid_social,prospecting_video,,,0
505222,20-02-2025,paid_social,prospecting_video,20-02-2025,monthly,19.98
505223,20-02-2025,paid_social,prospecting_video,,,0
505224,20-02-2025,organic,,,,0
505225,20-02-2025,paid_search,generic_search,,,0
505226,20-02-2025,paid_search,generic_search,,,0
505227,20-02-2025,paid_search,generic_search,,,0
505228,20-02-2025,paid_search,generic_search,,,0
505229,20-02-2025,organic,,,,0
505230,20-02-2025,paid_social,prospecting_video,,,0
505231,20-02-2025,paid_social,prospecting_video,,,0
505232,20-02-2025,organic,,,,0
505233,20-02-2025,organic,,,,0
505234,20-02-2025,paid_social,retargeting,,,0
505235,20-02-2025,paid_social,prospecting_video,,,0
505236,20-02-2025,paid_social,prospecting_video,,,0
505237,20-02-2025,paid_social,prospecting_video,,,0
505238,20-02-2025,paid_social,prospecting_video,,,0
505239,20-02-2025,organic,,,,0
505240,20-02-2025,paid_search,brand_search,,,0
505241,20-02-2025,paid_search,brand_search,,,0
505242,20-02-2025,paid_search,brand_search,,,0
505243,20-02-2025,organic,,,,0
505244,20-02-2025,paid_search,brand_search,,,0
505245,20-02-2025,paid_search,brand_search,,,0
505246,20-02-2025,paid_search,brand_search,,,0
505247,20-02-2025,paid_search,brand_search,,,0
505248,20-02-2025,paid_search,brand_search,,,0
505249,20-02-2025,organic,,,,0
505250,20-02-2025,paid_social,prospecting_video,,,0
505251,20-02-2025,paid_search,brand_search,,,0
505252,20-02-2025,paid_search,brand_search,04-03-2025,monthly,29.97
505253,20-02-2025,paid_social,prospecting_video,,,0
505254,20-02-2025,paid_social,retargeting,,,0
505255,20-02-2025,paid_social,retargeting,,,0
505256,20-02-2025,paid_search,brand_search,02-03-2025,annual,79.99
505257,20-02-2025,organic,,,,0
505258,20-02-2025,organic,,,,0
505259,20-02-2025,organic,,,,0
505260,20-02-2025,organic,,,,0
505261,20-02-2025,referral,,,,0
505262,20-02-2025,referral,,,,0
505263,20-02-2025,paid_search,generic_search,,,0
505264,20-02-2025,paid_search,generic_search,,,0
505265,20-02-2025,referral,,,,0
505266,20-02-2025,organic,,,,0
505267,20-02-2025,paid_social,prospecting_video,,,0
505268,20-02-2025,affiliate,finance_blogs,,,0
505269,20-02-2025,paid_social,prospecting_video,,,0
505270,20-02-2025,paid_social,prospecting_video,,,0
505271,20-02-2025,paid_search,brand_search,,,0
505272,21-02-2025,paid_social,prospecting_video,,,0
505273,21-02-2025,paid_social,retargeting,,,0
505274,21-02-2025,organic,,,,0
505275,21-02-2025,paid_social,prospecting_video,,,0
505276,21-02-2025,paid_social,prospecting_video,,,0
505277,21-02-2025,paid_search,generic_search,,,0
505278,21-02-2025,paid_social,prospecting_video,,,0
505279,21-02-2025,organic,,,,0
505280,21-02-2025,display,display_network,,,0
505281,21-02-2025,paid_social,retargeting,,,0
505282,21-02-2025,paid_social,prospecting_video,,,0
505283,21-02-2025,paid_social,prospecting_video,,,0
505284,21-02-2025,referral,,,,0
505285,21-02-2025,paid_search,generic_search,,,0
505286,21-02-2025,organic,,,,0
505287,21-02-2025,paid_search,brand_search,01-03-2025,annual,79.99
505288,21-02-2025,paid_search,brand_search,,,0
505289,21-02-2025,paid_search,brand_search,,,0
505290,21-02-2025,paid_social,retargeting,,,0
505291,21-02-2025,paid_social,prospecting_video,,,0
505292,21-02-2025,paid_social,prospecting_video,,,0
505293,21-02-2025,display,display_network,,,0
505294,21-02-2025,display,display_network,,,0
505295,21-02-2025,paid_social,retargeting,22-02-2025,monthly,19.98
505296,21-02-2025,paid_social,prospecting_video,,,0
505297,21-02-2025,paid_social,prospecting_video,,,0
505298,21-02-2025,paid_social,retargeting,,,0
505299,21-02-2025,paid_social,prospecting_video,,,0
505300,21-02-2025,organic,,,,0
505301,21-02-2025,paid_social,prospecting_video,,,0
505302,21-02-2025,paid_social,prospecting_video,,,0
505303,21-02-2025,paid_social,retargeting,,,0
505304,21-02-2025,affiliate,finance_blogs,,,0
505305,21-02-2025,paid_social,retargeting,01-03-2025,monthly,9.99
505306,21-02-2025,paid_social,prospecting_video,,,0
505307,21-02-2025,paid_social,prospecting_video,,,0
505308,21-02-2025,paid_search,brand_search,,,0
505309,21-02-2025,referral,,,,0
505310,21-02-2025,paid_search,brand_search,23-02-2025,monthly,9.99
505311,21-02-2025,paid_social,retargeting,,,0
505312,21-02-2025,paid_social,retargeting,,,0
505313,21-02-2025,organic,,,,0
505314,21-02-2025,organic,,,,0
505315,21-02-2025,paid_social,retargeting,,,0
505316,21-02-2025,referral,,,,0
505317,21-02-2025,referral,,,,0
505318,21-02-2025,organic,,26-02-2025,annual,79.99
505319,21-02-2025,paid_search,brand_search,23-02-2025,monthly,29.97
505320,21-02-2025,affiliate,finance_blogs,24-02-2025,monthly,29.97
505321,21-02-2025,referral,,,,0
505322,21-02-2025,paid_search,brand_search,,,0
505323,21-02-2025,paid_social,prospecting_video,,,0
505324,21-02-2025,paid_social,prospecting_video,,,0
505325,21-02-2025,paid_social,prospecting_video,,,0
505326,21-02-2025,paid_social,prospecting_video,,,0
505327,21-02-2025,organic,,,,0
505328,21-02-2025,paid_social,retargeting,,,0
505329,21-02-2025,paid_social,prospecting_video,,,0
505330,21-02-2025,paid_social,prospecting_video,26-02-2025,monthly,29.97
505331,21-02-2025,affiliate,finance_blogs,,,0
505332,21-02-2025,paid_search,brand_search,,,0
505333,21-02-2025,paid_social,retargeting,26-02-2025,monthly,9.99
505334,21-02-2025,paid_search,brand_search,,,0
505335,21-02-2025,paid_search,brand_search,26-02-2025,monthly,19.98
505336,21-02-2025,organic,,,,0
505337,21-02-2025,paid_social,prospecting_video,,,0
505338,21-02-2025,display,display_network,,,0
505339,21-02-2025,referral,,,,0
505340,21-02-2025,paid_social,retargeting,,,0
505341,21-02-2025,paid_search,brand_search,,,0
505342,21-02-2025,referral,,,,0
505343,21-02-2025,organic,,,,0
505344,21-02-2025,organic,,,,0
505345,21-02-2025,paid_search,generic_search,,,0
505346,21-02-2025,paid_social,prospecting_video,,,0
505347,21-02-2025,paid_social,prospecting_video,,,0
505348,21-02-2025,paid_social,retargeting,,,0
505349,21-02-2025,organic,,,,0
505350,21-02-2025,paid_search,generic_search,,,0
505351,21-02-2025,paid_search,brand_search,,,0
505352,21-02-2025,paid_social,prospecting_video,,,0
505353,21-02-2025,paid_search,brand_search,22-02-2025,monthly,29.97
505354,21-02-2025,paid_search,brand_search,23-02-2025,monthly,9.99
505355,21-02-2025,referral,,,,0
505356,21-02-2025,referral,,,,0
505357,21-02-2025,paid_social,prospecting_video,,,0
505358,21-02-2025,paid_social,retargeting,22-02-2025,monthly,19.98
505359,21-02-2025,paid_search,generic_search,,,0
505360,21-02-2025,paid_social,prospecting_video,,,0
505361,21-02-2025,paid_search,generic_search,23-02-2025,annual,79.99
505362,21-02-2025,paid_social,prospecting_video,,,0
505363,21-02-2025,organic,,,,0
505364,21-02-2025,paid_social,prospecting_video,,,0
505365,21-02-2025,paid_social,prospecting_video,,,0
505366,21-02-2025,paid_social,prospecting_video,,,0
505367,21-02-2025,paid_social,prospecting_video,,,0
505368,22-02-2025,paid_search,brand_search,,,0
505369,22-02-2025,paid_social,prospecting_video,,,0
505370,22-02-2025,organic,,,,0
505371,22-02-2025,paid_search,generic_search,25-02-2025,monthly,19.98
505372,22-02-2025,paid_social,prospecting_video,,,0
505373,22-02-2025,paid_search,generic_search,,,0
505374,22-02-2025,paid_social,prospecting_video,,,0
505375,22-02-2025,paid_search,generic_search,,,0
505376,22-02-2025,paid_search,brand_search,,,0
505377,22-02-2025,referral,,,,0
505378,22-02-2025,organic,,,,0
505379,22-02-2025,paid_social,prospecting_video,,,0
505380,22-02-2025,paid_search,brand_search,23-02-2025,annual,79.99
505381,22-02-2025,paid_social,retargeting,,,0
505382,22-02-2025,paid_social,retargeting,07-03-2025,annual,79.99
505383,22-02-2025,paid_social,prospecting_video,,,0
505384,22-02-2025,organic,,,,0
505385,22-02-2025,paid_social,prospecting_video,,,0
505386,22-02-2025,paid_social,prospecting_video,,,0
505387,22-02-2025,paid_social,prospecting_video,,,0
505388,22-02-2025,organic,,24-02-2025,monthly,9.99
505389,22-02-2025,paid_search,generic_search,,,0
505390,22-02-2025,paid_social,prospecting_video,,,0
505391,22-02-2025,referral,,,,0
505392,22-02-2025,paid_social,prospecting_video,02-03-2025,monthly,19.98
505393,22-02-2025,organic,,,,0
505394,22-02-2025,paid_search,brand_search,,,0
505395,22-02-2025,paid_search,generic_search,22-02-2025,monthly,19.98
505396,22-02-2025,paid_search,generic_search,,,0
505397,22-02-2025,paid_search,generic_search,,,0
505398,22-02-2025,organic,,,,0
505399,22-02-2025,paid_social,prospecting_video,27-02-2025,annual,79.99
505400,22-02-2025,paid_social,prospecting_video,,,0
505401,22-02-2025,paid_social,prospecting_video,,,0
505402,22-02-2025,paid_social,prospecting_video,,,0
505403,22-02-2025,paid_social,prospecting_video,,,0
505404,22-02-2025,paid_social,retargeting,,,0
505405,22-02-2025,paid_search,brand_search,28-02-2025,monthly,29.97
505406,22-02-2025,paid_social,retargeting,23-02-2025,monthly,19.98
505407,22-02-2025,paid_search,generic_search,,,0
505408,22-02-2025,paid_social,prospecting_video,,,0
505409,22-02-2025,display,display_network,,,0
505410,22-02-2025,paid_search,generic_search,,,0
505411,22-02-2025,affiliate,finance_blogs,,,0
505412,22-02-2025,paid_search,generic_search,,,0
505413,22-02-2025,paid_social,prospecting_video,,,0
505414,22-02-2025,organic,,,,0
505415,22-02-2025,paid_search,brand_search,,,0
505416,22-02-2025,affiliate,finance_blogs,,,0
505417,22-02-2025,paid_search,generic_search,,,0
505418,22-02-2025,organic,,,,0
505419,22-02-2025,paid_search,brand_search,24-02-2025,monthly,29.97
505420,22-02-2025,paid_social,retargeting,,,0
505421,22-02-2025,paid_social,prospecting_video,,,0
505422,22-02-2025,paid_social,prospecting_video,,,0
505423,22-02-2025,organic,,,,0
505424,22-02-2025,organic,,,,0
505425,22-02-2025,paid_search,brand_search,,,0
505426,22-02-2025,organic,,28-02-2025,annual,79.99
505427,22-02-2025,paid_search,brand_search,,,0
505428,22-02-2025,paid_social,prospecting_video,,,0
505429,22-02-2025,paid_social,retargeting,,,0
505430,22-02-2025,organic,,26-02-2025,monthly,29.97
505431,22-02-2025,referral,,,,0
505432,22-02-2025,affiliate,finance_blogs,,,0
505433,22-02-2025,paid_social,prospecting_video,,,0
505434,22-02-2025,paid_social,prospecting_video,,,0
505435,22-02-2025,paid_social,prospecting_video,,,0
505436,22-02-2025,paid_social,retargeting,,,0
505437,22-02-2025,paid_social,prospecting_video,,,0
505438,22-02-2025,paid_social,prospecting_video,,,0
505439,22-02-2025,paid_search,brand_search,,,0
505440,22-02-2025,paid_social,retargeting,,,0
505441,22-02-2025,organic,,,,0
505442,22-02-2025,paid_social,prospecting_video,,,0
505443,22-02-2025,paid_social,prospecting_video,,,0
505444,22-02-2025,organic,,,,0
505445,22-02-2025,paid_social,retargeting,,,0
505446,22-02-2025,paid_social,prospecting_video,,,0
505447,22-02-2025,paid_social,prospecting_video,,,0
505448,22-02-2025,paid_social,prospecting_video,,,0
505449,22-02-2025,paid_social,prospecting_video,,,0
505450,23-02-2025,paid_social,prospecting_video,,,0
505451,23-02-2025,paid_social,prospecting_video,25-02-2025,annual,79.99
505452,23-02-2025,paid_social,prospecting_video,,,0
505453,23-02-2025,organic,,,,0
505454,23-02-2025,paid_social,retargeting,,,0
505455,23-02-2025,organic,,,,0
505456,23-02-2025,paid_social,prospecting_video,,,0
505457,23-02-2025,referral,,,,0
505458,23-02-2025,organic,,,,0
505459,23-02-2025,paid_social,retargeting,,,0
505460,23-02-2025,paid_social,retargeting,,,0
505461,23-02-2025,referral,,23-02-2025,monthly,29.97
505462,23-02-2025,paid_social,retargeting,,,0
505463,23-02-2025,referral,,,,0
505464,23-02-2025,paid_search,generic_search,,,0
505465,23-02-2025,paid_social,prospecting_video,,,0
505466,23-02-2025,referral,,,,0
505467,23-02-2025,paid_social,prospecting_video,24-02-2025,monthly,29.97
505468,23-02-2025,paid_social,prospecting_video,,,0
505469,23-02-2025,paid_search,generic_search,,,0
505470,23-02-2025,paid_social,prospecting_video,,,0
505471,23-02-2025,paid_social,prospecting_video,,,0
505472,23-02-2025,paid_social,retargeting,,,0
505473,23-02-2025,display,display_network,,,0
505474,23-02-2025,referral,,27-02-2025,monthly,29.97
505475,23-02-2025,paid_search,brand_search,,,0
505476,23-02-2025,organic,,,,0
505477,23-02-2025,paid_social,prospecting_video,,,0
505478,23-02-2025,referral,,,,0
505479,23-02-2025,paid_social,prospecting_video,,,0
505480,23-02-2025,organic,,,,0
505481,23-02-2025,paid_social,prospecting_video,,,0
505482,23-02-2025,paid_social,prospecting_video,,,0
505483,23-02-2025,paid_social,prospecting_video,26-02-2025,monthly,19.98
505484,23-02-2025,paid_social,prospecting_video,,,0
505485,23-02-2025,paid_search,brand_search,,,0
505486,23-02-2025,display,display_network,26-02-2025,annual,79.99
505487,23-02-2025,affiliate,finance_blogs,08-03-2025,monthly,29.97
505488,23-02-2025,paid_social,prospecting_video,,,0
505489,23-02-2025,paid_search,brand_search,,,0
505490,23-02-2025,affiliate,finance_blogs,,,0
505491,23-02-2025,paid_search,brand_search,,,0
505492,23-02-2025,paid_social,prospecting_video,,,0
505493,23-02-2025,paid_social,prospecting_video,,,0
505494,23-02-2025,paid_social,prospecting_video,,,0
505495,23-02-2025,paid_social,prospecting_video,,,0
505496,23-02-2025,paid_social,prospecting_video,,,0
505497,23-02-2025,paid_social,prospecting_video,,,0
505498,23-02-2025,paid_search,generic_search,,,0
505499,23-02-2025,paid_social,retargeting,24-02-2025,monthly,29.97
505500,23-02-2025,paid_search,brand_search,28-02-2025,monthly,29.97
505501,23-02-2025,paid_social,prospecting_video,,,0
505502,23-02-2025,paid_search,generic_search,,,0
505503,23-02-2025,display,display_network,,,0
505504,23-02-2025,paid_social,retargeting,,,0
505505,23-02-2025,paid_social,prospecting_video,,,0
505506,23-02-2025,referral,,08-03-2025,annual,79.99
505507,23-02-2025,paid_search,generic_search,,,0
505508,23-02-2025,organic,,,,0
505509,23-02-2025,paid_social,prospecting_video,,,0
505510,23-02-2025,paid_social,prospecting_video,,,0
505511,23-02-2025,paid_social,retargeting,,,0
505512,23-02-2025,paid_social,prospecting_video,,,0
505513,23-02-2025,paid_search,generic_search,,,0
505514,23-02-2025,paid_social,prospecting_video,,,0
505515,23-02-2025,display,display_network,,,0
505516,23-02-2025,organic,,,,0
505517,23-02-2025,paid_social,prospecting_video,,,0
505518,23-02-2025,paid_social,prospecting_video,,,0
505519,23-02-2025,organic,,,,0
505520,23-02-2025,organic,,,,0
505521,23-02-2025,paid_search,generic_search,,,0
505522,23-02-2025,organic,,,,0
505523,23-02-2025,organic,,,,0
505524,23-02-2025,paid_search,generic_search,,,0
505525,23-02-2025,paid_search,brand_search,,,0
505526,23-02-2025,paid_social,prospecting_video,,,0
505527,23-02-2025,paid_search,generic_search,,,0
505528,23-02-2025,paid_social,prospecting_video,,,0
505529,23-02-2025,organic,,,,0
505530,23-02-2025,paid_social,retargeting,,,0
505531,23-02-2025,paid_search,brand_search,,,0
505532,23-02-2025,paid_social,prospecting_video,,,0
505533,23-02-2025,paid_search,brand_search,,,0
505534,23-02-2025,display,display_network,,,0
505535,23-02-2025,organic,,24-02-2025,monthly,29.97
505536,23-02-2025,paid_social,prospecting_video,,,0
505537,23-02-2025,paid_social,retargeting,,,0
505538,23-02-2025,paid_social,retargeting,,,0
505539,23-02-2025,paid_social,prospecting_video,,,0
505540,23-02-2025,organic,,,,0
505541,23-02-2025,paid_social,prospecting_video,,,0
505542,24-02-2025,paid_search,brand_search,,,0
505543,24-02-2025,affiliate,finance_blogs,,,0
505544,24-02-2025,paid_social,prospecting_video,,,0
505545,24-02-2025,paid_social,retargeting,,,0
505546,24-02-2025,display,display_network,,,0
505547,24-02-2025,paid_social,prospecting_video,,,0
505548,24-02-2025,organic,,,,0
505549,24-02-2025,paid_search,generic_search,,,0
505550,24-02-2025,display,display_network,,,0
505551,24-02-2025,organic,,,,0
505552,24-02-2025,paid_social,retargeting,,,0
505553,24-02-2025,paid_social,prospecting_video,,,0
505554,24-02-2025,paid_social,prospecting_video,,,0
505555,24-02-2025,organic,,,,0
505556,24-02-2025,paid_social,prospecting_video,,,0
505557,24-02-2025,paid_social,prospecting_video,,,0
505558,24-02-2025,paid_search,brand_search,,,0
505559,24-02-2025,paid_social,prospecting_video,,,0
505560,24-02-2025,affiliate,finance_blogs,,,0
505561,24-02-2025,paid_search,brand_search,,,0
505562,24-02-2025,paid_social,retargeting,,,0
505563,24-02-2025,paid_social,prospecting_video,,,0
505564,24-02-2025,organic,,,,0
505565,24-02-2025,paid_social,prospecting_video,,,0
505566,24-02-2025,referral,,24-02-2025,annual,79.99
505567,24-02-2025,paid_social,prospecting_video,,,0
505568,24-02-2025,referral,,,,0
505569,24-02-2025,paid_social,retargeting,,,0
505570,24-02-2025,paid_social,prospecting_video,,,0
505571,24-02-2025,referral,,01-03-2025,monthly,29.97
505572,24-02-2025,paid_social,retargeting,,,0
505573,24-02-2025,paid_social,prospecting_video,,,0
505574,24-02-2025,paid_social,prospecting_video,,,0
505575,24-02-2025,paid_social,prospecting_video,,,0
505576,24-02-2025,affiliate,finance_blogs,,,0
505577,24-02-2025,paid_social,prospecting_video,,,0
505578,24-02-2025,paid_social,prospecting_video,25-02-2025,monthly,29.97
505579,24-02-2025,paid_social,prospecting_video,,,0
505580,24-02-2025,paid_search,generic_search,,,0
505581,24-02-2025,organic,,,,0
505582,24-02-2025,paid_social,retargeting,04-03-2025,monthly,29.97
505583,24-02-2025,organic,,25-02-2025,monthly,29.97
505584,24-02-2025,paid_social,retargeting,,,0
505585,24-02-2025,paid_social,prospecting_video,26-02-2025,monthly,29.97
505586,24-02-2025,paid_search,generic_search,,,0
505587,24-02-2025,paid_search,generic_search,,,0
505588,24-02-2025,organic,,,,0
505589,24-02-2025,paid_search,generic_search,,,0
505590,24-02-2025,referral,,,,0
505591,24-02-2025,paid_social,prospecting_video,,,0
505592,24-02-2025,referral,,,,0
505593,24-02-2025,paid_search,generic_search,,,0
505594,24-02-2025,paid_search,brand_search,,,0
505595,24-02-2025,paid_social,prospecting_video,,,0
505596,24-02-2025,paid_search,brand_search,04-03-2025,annual,79.99
505597,24-02-2025,paid_social,prospecting_video,,,0
505598,24-02-2025,paid_search,brand_search,,,0
505599,24-02-2025,paid_search,brand_search,,,0
505600,24-02-2025,organic,,,,0
505601,24-02-2025,paid_social,retargeting,,,0
505602,24-02-2025,referral,,,,0
505603,24-02-2025,paid_search,generic_search,,,0
505604,24-02-2025,paid_social,retargeting,,,0
505605,24-02-2025,paid_search,generic_search,,,0
505606,24-02-2025,paid_social,prospecting_video,,,0
505607,24-02-2025,paid_social,prospecting_video,,,0
505608,24-02-2025,paid_search,brand_search,,,0
505609,24-02-2025,paid_social,prospecting_video,,,0
505610,24-02-2025,paid_search,generic_search,03-03-2025,monthly,9.99
505611,24-02-2025,paid_social,prospecting_video,,,0
505612,24-02-2025,paid_search,brand_search,,,0
505613,24-02-2025,paid_search,generic_search,,,0
505614,24-02-2025,paid_social,prospecting_video,,,0
505615,24-02-2025,referral,,24-02-2025,monthly,19.98
505616,24-02-2025,paid_social,prospecting_video,,,0
505617,24-02-2025,paid_social,prospecting_video,,,0
505618,24-02-2025,paid_search,brand_search,,,0
505619,24-02-2025,paid_social,prospecting_video,,,0
505620,24-02-2025,paid_search,brand_search,,,0
505621,24-02-2025,paid_search,brand_search,25-02-2025,monthly,29.97
505622,24-02-2025,paid_search,brand_search,,,0
505623,24-02-2025,paid_search,brand_search,,,0
505624,24-02-2025,paid_search,brand_search,,,0
505625,24-02-2025,paid_social,prospecting_video,,,0
505626,24-02-2025,organic,,,,0
505627,24-02-2025,paid_social,prospecting_video,,,0
505628,24-02-2025,paid_social,prospecting_video,,,0
505629,24-02-2025,paid_search,brand_search,,,0
505630,24-02-2025,paid_search,brand_search,,,0
505631,24-02-2025,paid_social,prospecting_video,,,0
505632,24-02-2025,display,display_network,,,0
505633,24-02-2025,organic,,,,0
505634,24-02-2025,paid_social,prospecting_video,,,0
505635,24-02-2025,paid_search,brand_search,28-02-2025,monthly,29.97
505636,24-02-2025,paid_search,generic_search,,,0
505637,24-02-2025,affiliate,finance_blogs,,,0
505638,24-02-2025,organic,,,,0
505639,24-02-2025,paid_social,prospecting_video,,,0
505640,24-02-2025,paid_search,brand_search,,,0
505641,24-02-2025,paid_social,retargeting,,,0
505642,24-02-2025,paid_social,retargeting,,,0
505643,24-02-2025,organic,,,,0
505644,25-02-2025,paid_social,retargeting,,,0
505645,25-02-2025,paid_social,prospecting_video,,,0
505646,25-02-2025,paid_social,prospecting_video,,,0
505647,25-02-2025,paid_search,generic_search,,,0
505648,25-02-2025,paid_social,prospecting_video,,,0
505649,25-02-2025,paid_social,retargeting,,,0
505650,25-02-2025,paid_social,retargeting,,,0
505651,25-02-2025,paid_search,brand_search,,,0
505652,25-02-2025,paid_search,generic_search,,,0
505653,25-02-2025,paid_social,prospecting_video,,,0
505654,25-02-2025,paid_social,retargeting,,,0
505655,25-02-2025,paid_social,prospecting_video,,,0
505656,25-02-2025,paid_social,prospecting_video,,,0
505657,25-02-2025,paid_search,brand_search,25-02-2025,monthly,29.97
505658,25-02-2025,paid_social,prospecting_video,,,0
505659,25-02-2025,organic,,,,0
505660,25-02-2025,paid_search,generic_search,28-02-2025,annual,79.99
505661,25-02-2025,organic,,,,0
505662,25-02-2025,paid_social,prospecting_video,,,0
505663,25-02-2025,paid_search,generic_search,26-02-2025,monthly,29.97
505664,25-02-2025,paid_social,prospecting_video,,,0
505665,25-02-2025,paid_search,brand_search,,,0
505666,25-02-2025,affiliate,finance_blogs,,,0
505667,25-02-2025,affiliate,finance_blogs,,,0
505668,25-02-2025,referral,,,,0
505669,25-02-2025,paid_social,prospecting_video,,,0
505670,25-02-2025,organic,,,,0
505671,25-02-2025,paid_social,retargeting,,,0
505672,25-02-2025,paid_search,generic_search,,,0
505673,25-02-2025,paid_social,prospecting_video,,,0
505674,25-02-2025,paid_search,generic_search,,,0
505675,25-02-2025,paid_social,prospecting_video,,,0
505676,25-02-2025,paid_social,prospecting_video,,,0
505677,25-02-2025,affiliate,finance_blogs,,,0
505678,25-02-2025,paid_search,generic_search,,,0
505679,25-02-2025,paid_social,prospecting_video,,,0
505680,25-02-2025,organic,,,,0
505681,25-02-2025,organic,,,,0
505682,25-02-2025,paid_social,retargeting,28-02-2025,monthly,29.97
505683,25-02-2025,organic,,,,0
505684,25-02-2025,organic,,,,0
505685,25-02-2025,paid_social,prospecting_video,,,0
505686,25-02-2025,organic,,,,0
505687,25-02-2025,paid_search,brand_search,,,0
505688,25-02-2025,referral,,,,0
505689,25-02-2025,paid_social,prospecting_video,,,0
505690,25-02-2025,organic,,,,0
505691,25-02-2025,paid_social,prospecting_video,,,0
505692,25-02-2025,paid_social,retargeting,25-02-2025,monthly,29.97
505693,25-02-2025,paid_social,prospecting_video,,,0
505694,25-02-2025,referral,,,,0
505695,25-02-2025,paid_search,generic_search,02-03-2025,monthly,19.98
505696,25-02-2025,paid_search,brand_search,,,0
505697,25-02-2025,organic,,,,0
505698,25-02-2025,paid_search,brand_search,,,0
505699,25-02-2025,referral,,,,0
505700,25-02-2025,paid_social,prospecting_video,,,0
505701,25-02-2025,paid_search,brand_search,,,0
505702,25-02-2025,affiliate,finance_blogs,,,0
505703,25-02-2025,paid_search,generic_search,,,0
505704,25-02-2025,paid_search,brand_search,,,0
505705,25-02-2025,paid_search,generic_search,25-02-2025,monthly,19.98
505706,25-02-2025,paid_social,retargeting,,,0
505707,25-02-2025,paid_search,generic_search,,,0
505708,25-02-2025,organic,,,,0
505709,25-02-2025,organic,,,,0
505710,25-02-2025,paid_social,prospecting_video,,,0
505711,25-02-2025,paid_social,prospecting_video,28-02-2025,annual,79.99
505712,25-02-2025,organic,,,,0
505713,25-02-2025,affiliate,finance_blogs,,,0
505714,25-02-2025,paid_search,generic_search,,,0
505715,25-02-2025,organic,,,,0
505716,25-02-2025,paid_social,prospecting_video,,,0
505717,25-02-2025,paid_social,prospecting_video,,,0
505718,25-02-2025,organic,,,,0
505719,25-02-2025,organic,,,,0
505720,25-02-2025,paid_social,retargeting,,,0
505721,25-02-2025,paid_social,retargeting,,,0
505722,25-02-2025,paid_social,retargeting,,,0
505723,25-02-2025,paid_search,brand_search,05-03-2025,monthly,9.99
505724,25-02-2025,paid_search,generic_search,,,0
505725,25-02-2025,organic,,,,0
505726,25-02-2025,organic,,,,0
505727,25-02-2025,paid_social,prospecting_video,,,0
505728,25-02-2025,paid_social,prospecting_video,26-02-2025,monthly,29.97
505729,25-02-2025,organic,,,,0
505730,25-02-2025,organic,,01-03-2025,monthly,29.97
505731,25-02-2025,paid_search,brand_search,10-03-2025,monthly,29.97
505732,25-02-2025,paid_social,prospecting_video,,,0
505733,25-02-2025,paid_social,prospecting_video,,,0
505734,25-02-2025,paid_social,retargeting,,,0
505735,25-02-2025,paid_social,retargeting,,,0
505736,25-02-2025,paid_social,prospecting_video,,,0
505737,25-02-2025,paid_social,retargeting,,,0
505738,25-02-2025,referral,,,,0
505739,25-02-2025,paid_social,retargeting,06-03-2025,annual,79.99
505740,25-02-2025,paid_social,prospecting_video,,,0
505741,25-02-2025,paid_search,brand_search,,,0
505742,25-02-2025,organic,,,,0
505743,25-02-2025,paid_search,brand_search,,,0
505744,25-02-2025,organic,,,,0
505745,25-02-2025,organic,,,,0
505746,25-02-2025,paid_social,retargeting,25-02-2025,annual,79.99
505747,25-02-2025,paid_search,brand_search,,,0
505748,25-02-2025,paid_social,retargeting,,,0
505749,25-02-2025,organic,,,,0
505750,25-02-2025,paid_search,generic_search,,,0
505751,25-02-2025,paid_social,prospecting_video,,,0
505752,25-02-2025,affiliate,finance_blogs,,,0
505753,25-02-2025,organic,,,,0
505754,25-02-2025,paid_social,prospecting_video,,,0
505755,26-02-2025,referral,,,,0
505756,26-02-2025,paid_social,retargeting,,,0
505757,26-02-2025,organic,,,,0
505758,26-02-2025,paid_search,brand_search,,,0
505759,26-02-2025,paid_social,prospecting_video,07-03-2025,monthly,29.97
505760,26-02-2025,paid_social,prospecting_video,,,0
505761,26-02-2025,paid_social,prospecting_video,,,0
505762,26-02-2025,display,display_network,,,0
505763,26-02-2025,referral,,,,0
505764,26-02-2025,affiliate,finance_blogs,,,0
505765,26-02-2025,organic,,,,0
505766,26-02-2025,paid_social,prospecting_video,,,0
505767,26-02-2025,paid_search,generic_search,28-02-2025,monthly,29.97
505768,26-02-2025,affiliate,finance_blogs,,,0
505769,26-02-2025,organic,,,,0
505770,26-02-2025,paid_search,generic_search,,,0
505771,26-02-2025,paid_social,prospecting_video,03-03-2025,monthly,29.97
505772,26-02-2025,paid_search,generic_search,28-02-2025,annual,79.99
505773,26-02-2025,paid_search,generic_search,,,0
505774,26-02-2025,paid_social,prospecting_video,,,0
505775,26-02-2025,affiliate,finance_blogs,,,0
505776,26-02-2025,paid_social,retargeting,,,0
505777,26-02-2025,organic,,,,0
505778,26-02-2025,referral,,07-03-2025,monthly,29.97
505779,26-02-2025,paid_social,prospecting_video,,,0
505780,26-02-2025,organic,,03-03-2025,monthly,29.97
505781,26-02-2025,paid_social,prospecting_video,,,0
505782,26-02-2025,paid_search,generic_search,06-03-2025,monthly,29.97
505783,26-02-2025,paid_social,prospecting_video,,,0
505784,26-02-2025,paid_social,prospecting_video,,,0
505785,26-02-2025,paid_search,brand_search,26-02-2025,monthly,9.99
505786,26-02-2025,paid_search,brand_search,04-03-2025,monthly,9.99
505787,26-02-2025,organic,,,,0
505788,26-02-2025,paid_social,prospecting_video,,,0
505789,26-02-2025,paid_search,brand_search,,,0
505790,26-02-2025,paid_search,brand_search,,,0
505791,26-02-2025,paid_search,generic_search,,,0
505792,26-02-2025,paid_social,retargeting,,,0
505793,26-02-2025,paid_search,brand_search,,,0
505794,26-02-2025,paid_social,prospecting_video,,,0
505795,26-02-2025,organic,,,,0
505796,26-02-2025,paid_social,prospecting_video,,,0
505797,26-02-2025,paid_social,prospecting_video,,,0
505798,26-02-2025,paid_social,prospecting_video,,,0
505799,26-02-2025,paid_search,generic_search,,,0
505800,26-02-2025,paid_social,prospecting_video,,,0
505801,26-02-2025,paid_social,prospecting_video,,,0
505802,26-02-2025,organic,,,,0
505803,26-02-2025,paid_social,retargeting,,,0
505804,26-02-2025,referral,,,,0
505805,26-02-2025,paid_search,brand_search,,,0
505806,26-02-2025,paid_social,prospecting_video,,,0
505807,26-02-2025,paid_search,brand_search,28-02-2025,monthly,29.97
505808,26-02-2025,paid_search,generic_search,,,0
505809,26-02-2025,organic,,,,0
505810,26-02-2025,organic,,,,0
505811,26-02-2025,paid_search,brand_search,,,0
505812,26-02-2025,paid_social,prospecting_video,,,0
505813,26-02-2025,paid_social,prospecting_video,,,0
505814,26-02-2025,paid_social,prospecting_video,,,0
505815,26-02-2025,organic,,,,0
505816,26-02-2025,paid_social,prospecting_video,,,0
505817,26-02-2025,paid_social,prospecting_video,,,0
505818,26-02-2025,paid_social,prospecting_video,,,0
505819,26-02-2025,paid_social,prospecting_video,,,0
505820,26-02-2025,paid_search,brand_search,,,0
505821,26-02-2025,paid_social,prospecting_video,,,0
505822,26-02-2025,paid_social,prospecting_video,,,0
505823,26-02-2025,paid_social,retargeting,04-03-2025,annual,79.99
505824,26-02-2025,referral,,08-03-2025,monthly,29.97
505825,26-02-2025,paid_social,prospecting_video,,,0
505826,26-02-2025,affiliate,finance_blogs,,,0
505827,26-02-2025,paid_social,prospecting_video,,,0
505828,26-02-2025,paid_social,prospecting_video,,,0
505829,26-02-2025,paid_social,prospecting_video,,,0
505830,26-02-2025,paid_social,prospecting_video,,,0
505831,26-02-2025,paid_social,prospecting_video,,,0
505832,26-02-2025,paid_search,generic_search,28-02-2025,monthly,9.99
505833,26-02-2025,paid_social,prospecting_video,,,0
505834,26-02-2025,affiliate,finance_blogs,,,0
505835,26-02-2025,organic,,,,0
505836,26-02-2025,paid_social,prospecting_video,,,0
505837,26-02-2025,organic,,,,0
505838,26-02-2025,paid_social,prospecting_video,,,0
505839,26-02-2025,paid_search,brand_search,,,0
505840,26-02-2025,paid_social,retargeting,,,0
505841,26-02-2025,paid_social,prospecting_video,,,0
505842,26-02-2025,organic,,,,0
505843,26-02-2025,paid_social,prospecting_video,,,0
505844,26-02-2025,paid_social,prospecting_video,,,0
505845,26-02-2025,paid_social,prospecting_video,,,0
505846,26-02-2025,affiliate,finance_blogs,,,0
505847,26-02-2025,paid_social,prospecting_video,,,0
505848,26-02-2025,paid_social,prospecting_video,,,0
505849,26-02-2025,paid_social,prospecting_video,,,0
505850,26-02-2025,paid_social,prospecting_video,,,0
505851,26-02-2025,paid_social,prospecting_video,,,0
505852,26-02-2025,paid_social,retargeting,,,0
505853,26-02-2025,paid_social,retargeting,,,0
505854,26-02-2025,paid_social,prospecting_video,,,0
505855,26-02-2025,paid_social,prospecting_video,,,0
505856,26-02-2025,paid_social,prospecting_video,,,0
505857,26-02-2025,paid_social,prospecting_video,,,0
505858,26-02-2025,paid_social,prospecting_video,,,0
505859,26-02-2025,paid_social,retargeting,27-02-2025,monthly,19.98
505860,26-02-2025,paid_social,prospecting_video,,,0
505861,26-02-2025,organic,,26-02-2025,monthly,29.97
505862,26-02-2025,paid_social,prospecting_video,,,0
505863,26-02-2025,paid_social,retargeting,,,0
505864,26-02-2025,organic,,,,0
505865,26-02-2025,paid_social,prospecting_video,,,0
505866,26-02-2025,paid_search,brand_search,,,0
505867,26-02-2025,paid_social,prospecting_video,,,0
505868,26-02-2025,paid_social,retargeting,05-03-2025,monthly,29.97
505869,26-02-2025,paid_social,retargeting,,,0
505870,26-02-2025,paid_search,brand_search,,,0
505871,26-02-2025,paid_social,retargeting,,,0
505872,26-02-2025,paid_social,retargeting,,,0
505873,26-02-2025,paid_search,generic_search,,,0
505874,26-02-2025,paid_social,prospecting_video,,,0
505875,26-02-2025,paid_social,prospecting_video,,,0
505876,26-02-2025,paid_social,retargeting,,,0
505877,27-02-2025,paid_social,prospecting_video,,,0
505878,27-02-2025,paid_social,retargeting,,,0
505879,27-02-2025,paid_social,prospecting_video,,,0
505880,27-02-2025,organic,,,,0
505881,27-02-2025,paid_search,brand_search,27-02-2025,monthly,29.97
505882,27-02-2025,paid_search,generic_search,,,0
505883,27-02-2025,paid_social,prospecting_video,,,0
505884,27-02-2025,organic,,,,0
505885,27-02-2025,paid_search,generic_search,,,0
505886,27-02-2025,paid_social,prospecting_video,,,0
505887,27-02-2025,paid_social,prospecting_video,,,0
505888,27-02-2025,paid_social,prospecting_video,,,0
505889,27-02-2025,paid_social,prospecting_video,,,0
505890,27-02-2025,paid_social,retargeting,,,0
505891,27-02-2025,paid_social,prospecting_video,,,0
505892,27-02-2025,paid_search,brand_search,,,0
505893,27-02-2025,paid_search,generic_search,28-02-2025,monthly,29.97
505894,27-02-2025,affiliate,finance_blogs,,,0
505895,27-02-2025,paid_social,prospecting_video,,,0
505896,27-02-2025,paid_search,generic_search,27-02-2025,monthly,29.97
505897,27-02-2025,paid_search,generic_search,,,0
505898,27-02-2025,paid_social,prospecting_video,,,0
505899,27-02-2025,affiliate,finance_blogs,,,0
505900,27-02-2025,paid_social,prospecting_video,,,0
505901,27-02-2025,affiliate,finance_blogs,,,0
505902,27-02-2025,paid_social,prospecting_video,,,0
505903,27-02-2025,paid_search,generic_search,,,0
505904,27-02-2025,organic,,,,0
505905,27-02-2025,display,display_network,,,0
505906,27-02-2025,paid_social,prospecting_video,,,0
505907,27-02-2025,affiliate,finance_blogs,,,0
505908,27-02-2025,paid_search,generic_search,,,0
505909,27-02-2025,paid_social,prospecting_video,,,0
505910,27-02-2025,paid_social,retargeting,28-02-2025,monthly,29.97
505911,27-02-2025,organic,,,,0
505912,27-02-2025,paid_search,brand_search,02-03-2025,monthly,29.97
505913,27-02-2025,paid_search,brand_search,,,0
505914,27-02-2025,paid_search,generic_search,,,0
505915,27-02-2025,organic,,,,0
505916,27-02-2025,paid_social,retargeting,,,0
505917,27-02-2025,organic,,,,0
505918,27-02-2025,paid_social,prospecting_video,,,0
505919,27-02-2025,paid_social,retargeting,,,0
505920,27-02-2025,paid_search,generic_search,,,0
505921,27-02-2025,paid_search,generic_search,,,0
505922,27-02-2025,paid_search,generic_search,,,0
505923,27-02-2025,paid_social,prospecting_video,,,0
505924,27-02-2025,paid_social,prospecting_video,,,0
505925,27-02-2025,paid_search,generic_search,,,0
505926,27-02-2025,referral,,,,0
505927,27-02-2025,paid_social,prospecting_video,,,0
505928,27-02-2025,paid_social,prospecting_video,,,0
505929,27-02-2025,paid_social,prospecting_video,,,0
505930,27-02-2025,organic,,,,0
505931,27-02-2025,paid_search,brand_search,,,0
505932,27-02-2025,paid_search,brand_search,03-03-2025,annual,79.99
505933,27-02-2025,paid_social,prospecting_video,,,0
505934,27-02-2025,paid_social,prospecting_video,,,0
505935,27-02-2025,paid_search,brand_search,,,0
505936,27-02-2025,paid_social,retargeting,,,0
505937,27-02-2025,organic,,,,0
505938,27-02-2025,paid_search,generic_search,28-02-2025,monthly,29.97
505939,27-02-2025,paid_social,prospecting_video,,,0
505940,27-02-2025,organic,,,,0
505941,27-02-2025,paid_social,prospecting_video,,,0
505942,27-02-2025,affiliate,finance_blogs,,,0
505943,27-02-2025,paid_social,prospecting_video,,,0
505944,27-02-2025,paid_search,brand_search,,,0
505945,27-02-2025,organic,,28-02-2025,monthly,19.98
505946,27-02-2025,paid_social,retargeting,,,0
505947,27-02-2025,paid_social,retargeting,27-02-2025,monthly,29.97
505948,27-02-2025,paid_social,prospecting_video,,,0
505949,27-02-2025,paid_social,retargeting,,,0
505950,27-02-2025,paid_search,generic_search,,,0
505951,27-02-2025,paid_search,brand_search,,,0
505952,27-02-2025,paid_social,prospecting_video,,,0
505953,27-02-2025,paid_social,prospecting_video,,,0
505954,27-02-2025,paid_social,prospecting_video,,,0
505955,27-02-2025,organic,,,,0
505956,27-02-2025,referral,,,,0
505957,27-02-2025,organic,,,,0
505958,27-02-2025,paid_social,prospecting_video,,,0
505959,27-02-2025,organic,,,,0
505960,27-02-2025,affiliate,finance_blogs,,,0
505961,27-02-2025,organic,,01-03-2025,monthly,29.97
505962,27-02-2025,organic,,,,0
505963,27-02-2025,paid_social,prospecting_video,,,0
505964,27-02-2025,paid_social,prospecting_video,,,0
505965,27-02-2025,organic,,,,0
505966,27-02-2025,paid_social,prospecting_video,,,0
505967,27-02-2025,paid_social,retargeting,,,0
505968,27-02-2025,paid_search,generic_search,28-02-2025,monthly,29.97
505969,27-02-2025,organic,,,,0
505970,27-02-2025,paid_search,generic_search,,,0
505971,27-02-2025,paid_social,retargeting,,,0
505972,27-02-2025,paid_social,prospecting_video,,,0
505973,27-02-2025,referral,,03-03-2025,monthly,29.97
505974,27-02-2025,paid_social,prospecting_video,,,0
505975,27-02-2025,paid_search,generic_search,27-02-2025,monthly,29.97
505976,27-02-2025,paid_social,prospecting_video,,,0
505977,27-02-2025,organic,,,,0
505978,27-02-2025,paid_social,prospecting_video,,,0
505979,28-02-2025,paid_social,prospecting_video,,,0
505980,28-02-2025,organic,,,,0
505981,28-02-2025,paid_social,retargeting,,,0
505982,28-02-2025,organic,,,,0
505983,28-02-2025,paid_search,generic_search,,,0
505984,28-02-2025,paid_search,generic_search,,,0
505985,28-02-2025,paid_social,retargeting,,,0
505986,28-02-2025,paid_social,retargeting,02-03-2025,monthly,19.98
505987,28-02-2025,paid_social,retargeting,04-03-2025,monthly,19.98
505988,28-02-2025,paid_social,retargeting,04-03-2025,monthly,29.97
505989,28-02-2025,paid_social,retargeting,03-03-2025,monthly,29.97
505990,28-02-2025,paid_search,generic_search,,,0
505991,28-02-2025,paid_social,prospecting_video,,,0
505992,28-02-2025,paid_social,prospecting_video,,,0
505993,28-02-2025,paid_social,prospecting_video,,,0
505994,28-02-2025,organic,,,,0
505995,28-02-2025,paid_social,retargeting,,,0
505996,28-02-2025,paid_social,prospecting_video,,,0
505997,28-02-2025,paid_social,retargeting,03-03-2025,monthly,19.98
505998,28-02-2025,paid_search,brand_search,,,0
505999,28-02-2025,paid_social,prospecting_video,,,0
506000,28-02-2025,paid_search,generic_search,01-03-2025,monthly,29.97
506001,28-02-2025,organic,,,,0
506002,28-02-2025,paid_social,prospecting_video,,,0
506003,28-02-2025,paid_search,generic_search,,,0
506004,28-02-2025,display,display_network,,,0
506005,28-02-2025,paid_social,prospecting_video,,,0
506006,28-02-2025,organic,,,,0
506007,28-02-2025,paid_social,prospecting_video,,,0
506008,28-02-2025,paid_social,prospecting_video,,,0
506009,28-02-2025,paid_search,brand_search,,,0
506010,28-02-2025,paid_social,retargeting,,,0
506011,28-02-2025,organic,,,,0
506012,28-02-2025,paid_search,generic_search,,,0
506013,28-02-2025,display,display_network,,,0
506014,28-02-2025,paid_social,prospecting_video,,,0
506015,28-02-2025,affiliate,finance_blogs,,,0
506016,28-02-2025,paid_search,brand_search,,,0
506017,28-02-2025,display,display_network,,,0
506018,28-02-2025,referral,,28-02-2025,annual,79.99
506019,28-02-2025,paid_search,brand_search,,,0
506020,28-02-2025,organic,,,,0
506021,28-02-2025,paid_social,prospecting_video,,,0
506022,28-02-2025,paid_social,retargeting,02-03-2025,annual,79.99
506023,28-02-2025,affiliate,finance_blogs,,,0
506024,28-02-2025,paid_social,prospecting_video,,,0
506025,28-02-2025,paid_search,generic_search,,,0
506026,28-02-2025,paid_social,retargeting,,,0
506027,28-02-2025,organic,,,,0
506028,28-02-2025,paid_social,prospecting_video,28-02-2025,annual,79.99
506029,28-02-2025,paid_search,brand_search,01-03-2025,monthly,29.97
506030,28-02-2025,affiliate,finance_blogs,04-03-2025,monthly,29.97
506031,28-02-2025,paid_social,prospecting_video,,,0
506032,28-02-2025,organic,,,,0
506033,28-02-2025,paid_social,retargeting,,,0
506034,28-02-2025,referral,,,,0
506035,28-02-2025,paid_social,prospecting_video,,,0
506036,28-02-2025,organic,,,,0
506037,28-02-2025,paid_social,prospecting_video,,,0
506038,28-02-2025,paid_social,prospecting_video,,,0
506039,28-02-2025,organic,,,,0
506040,28-02-2025,organic,,,,0
506041,28-02-2025,paid_social,prospecting_video,,,0
506042,28-02-2025,referral,,01-03-2025,annual,79.99
506043,28-02-2025,paid_social,retargeting,,,0
506044,28-02-2025,paid_social,retargeting,,,0
506045,28-02-2025,paid_social,retargeting,,,0
506046,28-02-2025,paid_social,prospecting_video,,,0
506047,28-02-2025,paid_social,prospecting_video,,,0
506048,28-02-2025,paid_social,prospecting_video,,,0
506049,28-02-2025,referral,,,,0
506050,28-02-2025,paid_social,prospecting_video,,,0
506051,28-02-2025,organic,,,,0
506052,28-02-2025,paid_social,prospecting_video,,,0
506053,28-02-2025,paid_social,prospecting_video,,,0
506054,28-02-2025,paid_social,prospecting_video,,,0
506055,28-02-2025,affiliate,finance_blogs,,,0
506056,28-02-2025,paid_social,prospecting_video,,,0
506057,28-02-2025,organic,,01-03-2025,monthly,29.97
506058,28-02-2025,paid_social,prospecting_video,,,0
506059,28-02-2025,referral,,02-03-2025,monthly,29.97
506060,28-02-2025,paid_search,generic_search,,,0
506061,28-02-2025,affiliate,finance_blogs,,,0
506062,28-02-2025,paid_search,brand_search,,,0
506063,28-02-2025,paid_social,retargeting,,,0
506064,28-02-2025,referral,,01-03-2025,monthly,9.99
506065,28-02-2025,organic,,,,0
506066,28-02-2025,paid_social,prospecting_video,,,0
506067,28-02-2025,paid_social,prospecting_video,,,0
506068,28-02-2025,affiliate,finance_blogs,,,0
506069,28-02-2025,paid_search,brand_search,,,0
506070,28-02-2025,organic,,,,0
506071,28-02-2025,paid_search,generic_search,,,0
506072,28-02-2025,paid_social,prospecting_video,,,0
506073,28-02-2025,paid_search,generic_search,,,0
506074,28-02-2025,paid_social,retargeting,,,0
506075,28-02-2025,paid_search,generic_search,06-03-2025,monthly,29.97
506076,28-02-2025,paid_social,prospecting_video,,,0
506077,28-02-2025,paid_social,prospecting_video,,,0
506078,28-02-2025,organic,,,,0
506079,28-02-2025,paid_social,prospecting_video,,,0
506080,28-02-2025,paid_social,prospecting_video,,,0
506081,28-02-2025,paid_social,prospecting_video,,,0
506082,28-02-2025,referral,,,,0
506083,28-02-2025,paid_search,generic_search,,,0
506084,28-02-2025,paid_social,prospecting_video,,,0
506085,28-02-2025,referral,,,,0
506086,28-02-2025,paid_social,prospecting_video,,,0
506087,28-02-2025,paid_social,prospecting_video,,,0
506088,28-02-2025,paid_search,generic_search,02-03-2025,annual,79.99
506089,28-02-2025,paid_social,prospecting_video,,,0
506090,28-02-2025,paid_social,prospecting_video,,,0
506091,01-03-2025,paid_search,generic_search,,,0
506092,01-03-2025,organic,,,,0
506093,01-03-2025,paid_social,retargeting,,,0
506094,01-03-2025,paid_social,prospecting_video,,,0
506095,01-03-2025,organic,,,,0
506096,01-03-2025,paid_social,prospecting_video,,,0
506097,01-03-2025,paid_social,prospecting_video,,,0
506098,01-03-2025,paid_search,brand_search,,,0
506099,01-03-2025,paid_search,brand_search,,,0
506100,01-03-2025,paid_social,prospecting_video,,,0
506101,01-03-2025,organic,,,,0
506102,01-03-2025,paid_social,prospecting_video,08-03-2025,monthly,29.97
506103,01-03-2025,paid_social,prospecting_video,,,0
506104,01-03-2025,paid_social,prospecting_video,,,0
506105,01-03-2025,referral,,,,0
506106,01-03-2025,affiliate,finance_blogs,,,0
506107,01-03-2025,referral,,06-03-2025,annual,79.99
506108,01-03-2025,organic,,,,0
506109,01-03-2025,affiliate,finance_blogs,01-03-2025,monthly,29.97
506110,01-03-2025,organic,,03-03-2025,annual,79.99
506111,01-03-2025,organic,,,,0
506112,01-03-2025,affiliate,finance_blogs,,,0
506113,01-03-2025,paid_social,prospecting_video,,,0
506114,01-03-2025,organic,,,,0
506115,01-03-2025,paid_social,retargeting,,,0
506116,01-03-2025,paid_social,prospecting_video,,,0
506117,01-03-2025,paid_social,retargeting,,,0
506118,01-03-2025,referral,,,,0
506119,01-03-2025,paid_social,prospecting_video,,,0
506120,01-03-2025,paid_search,generic_search,,,0
506121,01-03-2025,paid_search,generic_search,,,0
506122,01-03-2025,organic,,,,0
506123,01-03-2025,paid_social,retargeting,04-03-2025,annual,79.99
506124,01-03-2025,paid_social,prospecting_video,,,0
506125,01-03-2025,paid_search,generic_search,,,0
506126,01-03-2025,paid_search,generic_search,,,0
506127,01-03-2025,organic,,04-03-2025,annual,79.99
506128,01-03-2025,paid_social,retargeting,,,0
506129,01-03-2025,paid_social,retargeting,,,0
506130,01-03-2025,organic,,,,0
506131,01-03-2025,organic,,,,0
506132,01-03-2025,paid_social,prospecting_video,,,0
506133,01-03-2025,paid_social,prospecting_video,02-03-2025,annual,79.99
506134,01-03-2025,display,display_network,,,0
506135,01-03-2025,affiliate,finance_blogs,,,0
506136,01-03-2025,paid_social,prospecting_video,,,0
506137,01-03-2025,paid_search,brand_search,,,0
506138,01-03-2025,paid_social,prospecting_video,,,0
506139,01-03-2025,paid_social,retargeting,,,0
506140,01-03-2025,paid_social,prospecting_video,,,0
506141,01-03-2025,paid_social,prospecting_video,,,0
506142,01-03-2025,paid_social,prospecting_video,14-03-2025,monthly,29.97
506143,01-03-2025,paid_search,brand_search,,,0
506144,01-03-2025,organic,,,,0
506145,01-03-2025,organic,,,,0
506146,01-03-2025,paid_social,retargeting,,,0
506147,01-03-2025,paid_social,prospecting_video,,,0
506148,01-03-2025,affiliate,finance_blogs,,,0
506149,01-03-2025,organic,,,,0
506150,01-03-2025,paid_social,prospecting_video,,,0
506151,01-03-2025,affiliate,finance_blogs,,,0
506152,01-03-2025,organic,,,,0
506153,01-03-2025,paid_search,generic_search,,,0
506154,01-03-2025,paid_social,prospecting_video,,,0
506155,01-03-2025,paid_social,prospecting_video,,,0
506156,01-03-2025,paid_social,retargeting,,,0
506157,01-03-2025,paid_search,generic_search,,,0
506158,01-03-2025,paid_social,prospecting_video,,,0
506159,01-03-2025,paid_search,brand_search,,,0
506160,01-03-2025,paid_social,prospecting_video,,,0
506161,01-03-2025,organic,,,,0
506162,01-03-2025,paid_social,prospecting_video,,,0
506163,01-03-2025,paid_social,prospecting_video,,,0
506164,01-03-2025,paid_social,prospecting_video,,,0
506165,01-03-2025,paid_search,brand_search,,,0
506166,01-03-2025,paid_social,prospecting_video,,,0
506167,01-03-2025,display,display_network,,,0
506168,01-03-2025,paid_social,retargeting,02-03-2025,annual,79.99
506169,01-03-2025,referral,,08-03-2025,annual,79.99
506170,01-03-2025,organic,,,,0
506171,01-03-2025,paid_search,generic_search,01-03-2025,annual,79.99
506172,01-03-2025,referral,,,,0
506173,01-03-2025,paid_social,retargeting,,,0
506174,01-03-2025,paid_search,generic_search,,,0
506175,01-03-2025,organic,,,,0
506176,01-03-2025,paid_social,retargeting,,,0
506177,01-03-2025,paid_search,brand_search,01-03-2025,monthly,29.97
506178,01-03-2025,paid_social,prospecting_video,,,0
506179,01-03-2025,paid_search,brand_search,,,0
506180,02-03-2025,paid_search,generic_search,,,0
506181,02-03-2025,paid_social,prospecting_video,,,0
506182,02-03-2025,paid_search,brand_search,,,0
506183,02-03-2025,paid_search,brand_search,,,0
506184,02-03-2025,paid_search,generic_search,,,0
506185,02-03-2025,organic,,,,0
506186,02-03-2025,paid_social,prospecting_video,,,0
506187,02-03-2025,paid_search,generic_search,,,0
506188,02-03-2025,paid_social,retargeting,,,0
506189,02-03-2025,paid_search,brand_search,,,0
506190,02-03-2025,paid_search,brand_search,07-03-2025,monthly,29.97
506191,02-03-2025,paid_search,brand_search,06-03-2025,annual,79.99
506192,02-03-2025,referral,,,,0
506193,02-03-2025,organic,,,,0
506194,02-03-2025,paid_search,generic_search,,,0
506195,02-03-2025,paid_search,brand_search,,,0
506196,02-03-2025,referral,,,,0
506197,02-03-2025,paid_social,prospecting_video,,,0
506198,02-03-2025,paid_social,prospecting_video,,,0
506199,02-03-2025,display,display_network,,,0
506200,02-03-2025,organic,,,,0
506201,02-03-2025,paid_search,brand_search,03-03-2025,annual,79.99
506202,02-03-2025,referral,,07-03-2025,monthly,29.97
506203,02-03-2025,paid_search,generic_search,,,0
506204,02-03-2025,organic,,,,0
506205,02-03-2025,paid_social,retargeting,02-03-2025,monthly,19.98
506206,02-03-2025,organic,,,,0
506207,02-03-2025,referral,,,,0
506208,02-03-2025,paid_social,prospecting_video,,,0
506209,02-03-2025,organic,,,,0
506210,02-03-2025,paid_social,prospecting_video,,,0
506211,02-03-2025,paid_social,retargeting,02-03-2025,annual,79.99
506212,02-03-2025,paid_search,brand_search,,,0
506213,02-03-2025,referral,,,,0
506214,02-03-2025,paid_search,brand_search,,,0
506215,02-03-2025,paid_social,prospecting_video,,,0
506216,02-03-2025,paid_social,prospecting_video,,,0
506217,02-03-2025,organic,,,,0
506218,02-03-2025,paid_social,prospecting_video,,,0
506219,02-03-2025,referral,,,,0
506220,02-03-2025,paid_search,brand_search,,,0
506221,02-03-2025,paid_search,generic_search,,,0
506222,02-03-2025,paid_social,prospecting_video,,,0
506223,02-03-2025,referral,,,,0
506224,02-03-2025,organic,,,,0
506225,02-03-2025,paid_social,prospecting_video,,,0
506226,02-03-2025,referral,,,,0
506227,02-03-2025,organic,,,,0
506228,02-03-2025,paid_search,brand_search,,,0
506229,02-03-2025,paid_social,retargeting,04-03-2025,annual,79.99
506230,02-03-2025,paid_social,prospecting_video,,,0
506231,02-03-2025,organic,,,,0
506232,02-03-2025,paid_social,prospecting_video,,,0
506233,02-03-2025,paid_social,retargeting,,,0
506234,02-03-2025,paid_search,brand_search,,,0
506235,02-03-2025,paid_social,prospecting_video,,,0
506236,02-03-2025,paid_social,retargeting,,,0
506237,02-03-2025,organic,,,,0
506238,02-03-2025,affiliate,finance_blogs,,,0
506239,02-03-2025,paid_social,prospecting_video,09-03-2025,annual,79.99
506240,02-03-2025,affiliate,finance_blogs,,,0
506241,02-03-2025,paid_social,prospecting_video,,,0
506242,02-03-2025,organic,,,,0
506243,02-03-2025,referral,,,,0
506244,02-03-2025,referral,,,,0
506245,02-03-2025,paid_social,prospecting_video,,,0
506246,02-03-2025,paid_search,generic_search,05-03-2025,monthly,29.97
506247,02-03-2025,paid_social,prospecting_video,,,0
506248,02-03-2025,affiliate,finance_blogs,04-03-2025,monthly,29.97
506249,02-03-2025,paid_social,retargeting,,,0
506250,02-03-2025,organic,,,,0
506251,02-03-2025,paid_social,retargeting,02-03-2025,annual,79.99
506252,02-03-2025,paid_search,generic_search,,,0
506253,02-03-2025,referral,,,,0
506254,02-03-2025,paid_social,prospecting_video,,,0
506255,02-03-2025,organic,,,,0
506256,02-03-2025,organic,,,,0
506257,02-03-2025,organic,,,,0
506258,02-03-2025,paid_social,prospecting_video,,,0
506259,02-03-2025,paid_social,prospecting_video,,,0
506260,02-03-2025,paid_social,retargeting,,,0
506261,02-03-2025,paid_social,prospecting_video,,,0
506262,02-03-2025,organic,,,,0
506263,02-03-2025,referral,,,,0
506264,02-03-2025,paid_search,generic_search,03-03-2025,monthly,29.97
506265,02-03-2025,paid_social,retargeting,,,0
506266,02-03-2025,paid_social,retargeting,,,0
506267,02-03-2025,organic,,,,0
506268,02-03-2025,organic,,,,0
506269,03-03-2025,paid_social,prospecting_video,,,0
506270,03-03-2025,paid_search,generic_search,,,0
506271,03-03-2025,paid_social,prospecting_video,,,0
506272,03-03-2025,paid_social,retargeting,,,0
506273,03-03-2025,paid_social,prospecting_video,,,0
506274,03-03-2025,paid_social,prospecting_video,,,0
506275,03-03-2025,paid_social,prospecting_video,,,0
506276,03-03-2025,paid_search,generic_search,,,0
506277,03-03-2025,paid_search,brand_search,,,0
506278,03-03-2025,paid_social,retargeting,,,0
506279,03-03-2025,paid_social,prospecting_video,,,0
506280,03-03-2025,paid_social,retargeting,,,0
506281,03-03-2025,referral,,,,0
506282,03-03-2025,paid_social,prospecting_video,,,0
506283,03-03-2025,paid_social,prospecting_video,,,0
506284,03-03-2025,paid_social,prospecting_video,,,0
506285,03-03-2025,paid_social,prospecting_video,,,0
506286,03-03-2025,paid_search,brand_search,,,0
506287,03-03-2025,affiliate,finance_blogs,03-03-2025,monthly,19.98
506288,03-03-2025,paid_social,prospecting_video,,,0
506289,03-03-2025,paid_social,retargeting,,,0
506290,03-03-2025,paid_social,retargeting,,,0
506291,03-03-2025,affiliate,finance_blogs,,,0
506292,03-03-2025,organic,,,,0
506293,03-03-2025,paid_social,prospecting_video,,,0
506294,03-03-2025,paid_social,prospecting_video,,,0
506295,03-03-2025,paid_social,prospecting_video,,,0
506296,03-03-2025,paid_social,prospecting_video,,,0
506297,03-03-2025,paid_social,prospecting_video,,,0
506298,03-03-2025,affiliate,finance_blogs,,,0
506299,03-03-2025,paid_social,retargeting,,,0
506300,03-03-2025,paid_social,prospecting_video,,,0
506301,03-03-2025,paid_social,retargeting,04-03-2025,monthly,29.97
506302,03-03-2025,organic,,,,0
506303,03-03-2025,paid_social,prospecting_video,,,0
506304,03-03-2025,organic,,,,0
506305,03-03-2025,organic,,,,0
506306,03-03-2025,display,display_network,,,0
506307,03-03-2025,paid_social,retargeting,16-03-2025,monthly,29.97
506308,03-03-2025,paid_social,prospecting_video,,,0
506309,03-03-2025,paid_social,retargeting,,,0
506310,03-03-2025,display,display_network,,,0
506311,03-03-2025,display,display_network,,,0
506312,03-03-2025,paid_search,generic_search,,,0
506313,03-03-2025,paid_social,prospecting_video,,,0
506314,03-03-2025,paid_social,prospecting_video,,,0
506315,03-03-2025,paid_social,prospecting_video,,,0
506316,03-03-2025,organic,,,,0
506317,03-03-2025,paid_social,retargeting,,,0
506318,03-03-2025,organic,,16-03-2025,monthly,19.98
506319,03-03-2025,paid_social,retargeting,,,0
506320,03-03-2025,paid_search,brand_search,,,0
506321,03-03-2025,paid_search,brand_search,,,0
506322,03-03-2025,paid_social,prospecting_video,,,0
506323,03-03-2025,paid_social,prospecting_video,,,0
506324,03-03-2025,referral,,,,0
506325,03-03-2025,paid_social,prospecting_video,,,0
506326,03-03-2025,paid_social,prospecting_video,,,0
506327,03-03-2025,paid_social,prospecting_video,,,0
506328,03-03-2025,paid_search,brand_search,,,0
506329,03-03-2025,paid_social,retargeting,,,0
506330,03-03-2025,paid_social,prospecting_video,,,0
506331,03-03-2025,paid_social,retargeting,,,0
506332,03-03-2025,organic,,,,0
506333,03-03-2025,referral,,04-03-2025,monthly,29.97
506334,03-03-2025,paid_search,brand_search,,,0
506335,03-03-2025,display,display_network,,,0
506336,03-03-2025,organic,,,,0
506337,03-03-2025,paid_social,prospecting_video,,,0
506338,03-03-2025,paid_social,prospecting_video,,,0
506339,03-03-2025,paid_search,brand_search,,,0
506340,03-03-2025,organic,,,,0
506341,03-03-2025,paid_search,generic_search,04-03-2025,annual,79.99
506342,03-03-2025,paid_search,generic_search,,,0
506343,03-03-2025,paid_search,generic_search,,,0
506344,03-03-2025,paid_social,prospecting_video,,,0
506345,03-03-2025,paid_social,prospecting_video,,,0
506346,03-03-2025,paid_search,generic_search,,,0
506347,03-03-2025,paid_social,prospecting_video,,,0
506348,03-03-2025,affiliate,finance_blogs,,,0
506349,03-03-2025,paid_social,retargeting,,,0
506350,03-03-2025,organic,,,,0
506351,03-03-2025,paid_social,prospecting_video,,,0
506352,03-03-2025,paid_social,prospecting_video,,,0
506353,03-03-2025,paid_social,retargeting,09-03-2025,monthly,19.98
506354,03-03-2025,paid_social,prospecting_video,09-03-2025,annual,79.99
506355,03-03-2025,paid_social,prospecting_video,,,0
506356,03-03-2025,paid_search,generic_search,,,0
506357,03-03-2025,paid_social,prospecting_video,,,0
506358,03-03-2025,referral,,,,0
506359,03-03-2025,organic,,,,0
506360,03-03-2025,paid_search,brand_search,05-03-2025,monthly,29.97
506361,03-03-2025,organic,,,,0
506362,03-03-2025,paid_social,prospecting_video,,,0
506363,03-03-2025,paid_search,brand_search,03-03-2025,annual,79.99
506364,03-03-2025,paid_social,retargeting,,,0
506365,03-03-2025,paid_search,generic_search,,,0
506366,03-03-2025,paid_social,retargeting,,,0
506367,03-03-2025,organic,,,,0
506368,03-03-2025,affiliate,finance_blogs,04-03-2025,monthly,29.97
506369,03-03-2025,paid_social,prospecting_video,,,0
506370,03-03-2025,paid_search,generic_search,,,0
506371,03-03-2025,paid_social,prospecting_video,,,0
506372,03-03-2025,paid_search,generic_search,,,0
506373,03-03-2025,paid_search,brand_search,,,0
506374,03-03-2025,organic,,,,0
506375,03-03-2025,paid_social,prospecting_video,,,0
506376,03-03-2025,paid_social,prospecting_video,,,0
506377,03-03-2025,organic,,,,0
506378,03-03-2025,paid_social,prospecting_video,,,0
506379,03-03-2025,paid_social,retargeting,,,0
506380,03-03-2025,paid_social,prospecting_video,,,0
506381,03-03-2025,organic,,,,0
506382,03-03-2025,organic,,,,0
506383,03-03-2025,paid_search,brand_search,,,0
506384,03-03-2025,paid_search,brand_search,04-03-2025,annual,79.99
506385,03-03-2025,paid_search,generic_search,03-03-2025,monthly,29.97
506386,03-03-2025,organic,,,,0
506387,03-03-2025,paid_social,retargeting,,,0
506388,03-03-2025,paid_social,prospecting_video,,,0
506389,03-03-2025,paid_social,prospecting_video,,,0
506390,03-03-2025,referral,,05-03-2025,monthly,19.98
506391,03-03-2025,paid_social,retargeting,,,0
506392,03-03-2025,paid_social,prospecting_video,,,0
506393,03-03-2025,paid_search,brand_search,,,0
506394,03-03-2025,paid_social,prospecting_video,,,0
506395,03-03-2025,paid_social,prospecting_video,,,0
506396,03-03-2025,paid_social,prospecting_video,,,0
506397,03-03-2025,paid_social,prospecting_video,,,0
506398,03-03-2025,paid_search,brand_search,,,0
506399,03-03-2025,paid_social,prospecting_video,,,0
506400,03-03-2025,paid_social,retargeting,,,0
506401,03-03-2025,paid_search,brand_search,,,0
506402,03-03-2025,paid_social,retargeting,04-03-2025,annual,79.99
506403,03-03-2025,organic,,,,0
506404,03-03-2025,paid_social,prospecting_video,,,0
506405,03-03-2025,paid_social,prospecting_video,,,0
506406,03-03-2025,paid_social,prospecting_video,,,0
506407,03-03-2025,organic,,,,0
506408,04-03-2025,organic,,,,0
506409,04-03-2025,paid_search,generic_search,,,0
506410,04-03-2025,paid_social,prospecting_video,,,0
506411,04-03-2025,paid_search,generic_search,,,0
506412,04-03-2025,paid_social,retargeting,,,0
506413,04-03-2025,paid_search,brand_search,,,0
506414,04-03-2025,organic,,,,0
506415,04-03-2025,paid_search,brand_search,,,0
506416,04-03-2025,organic,,,,0
506417,04-03-2025,paid_social,prospecting_video,,,0
506418,04-03-2025,paid_search,generic_search,,,0
506419,04-03-2025,paid_search,generic_search,,,0
506420,04-03-2025,paid_social,prospecting_video,,,0
506421,04-03-2025,organic,,,,0
506422,04-03-2025,paid_social,prospecting_video,,,0
506423,04-03-2025,referral,,,,0
506424,04-03-2025,paid_social,retargeting,,,0
506425,04-03-2025,paid_social,prospecting_video,,,0
506426,04-03-2025,organic,,,,0
506427,04-03-2025,organic,,09-03-2025,annual,79.99
506428,04-03-2025,paid_social,prospecting_video,,,0
506429,04-03-2025,paid_search,generic_search,,,0
506430,04-03-2025,paid_social,prospecting_video,,,0
506431,04-03-2025,paid_social,prospecting_video,,,0
506432,04-03-2025,paid_search,generic_search,,,0
506433,04-03-2025,paid_social,prospecting_video,,,0
506434,04-03-2025,referral,,,,0
506435,04-03-2025,paid_social,prospecting_video,,,0
506436,04-03-2025,paid_social,retargeting,,,0
506437,04-03-2025,affiliate,finance_blogs,,,0
506438,04-03-2025,organic,,,,0
506439,04-03-2025,referral,,04-03-2025,monthly,29.97
506440,04-03-2025,affiliate,finance_blogs,,,0
506441,04-03-2025,paid_social,retargeting,,,0
506442,04-03-2025,paid_search,brand_search,,,0
506443,04-03-2025,paid_social,retargeting,15-03-2025,monthly,29.97
506444,04-03-2025,paid_social,prospecting_video,,,0
506445,04-03-2025,display,display_network,,,0
506446,04-03-2025,paid_search,generic_search,,,0
506447,04-03-2025,paid_social,retargeting,,,0
506448,04-03-2025,referral,,,,0
506449,04-03-2025,display,display_network,,,0
506450,04-03-2025,paid_social,prospecting_video,,,0
506451,04-03-2025,paid_search,generic_search,,,0
506452,04-03-2025,paid_social,prospecting_video,,,0
506453,04-03-2025,paid_social,prospecting_video,,,0
506454,04-03-2025,paid_search,brand_search,,,0
506455,04-03-2025,organic,,,,0
506456,04-03-2025,paid_social,prospecting_video,,,0
506457,04-03-2025,organic,,,,0
506458,04-03-2025,paid_social,prospecting_video,,,0
506459,04-03-2025,paid_social,prospecting_video,,,0
506460,04-03-2025,paid_search,brand_search,,,0
506461,04-03-2025,referral,,,,0
506462,04-03-2025,paid_social,prospecting_video,,,0
506463,04-03-2025,paid_social,prospecting_video,,,0
506464,04-03-2025,paid_search,generic_search,,,0
506465,04-03-2025,paid_social,prospecting_video,,,0
506466,04-03-2025,paid_social,prospecting_video,,,0
506467,04-03-2025,paid_social,prospecting_video,08-03-2025,monthly,29.97
506468,04-03-2025,organic,,08-03-2025,monthly,19.98
506469,04-03-2025,paid_social,prospecting_video,,,0
506470,04-03-2025,paid_social,prospecting_video,,,0
506471,04-03-2025,paid_social,prospecting_video,,,0
506472,04-03-2025,paid_search,generic_search,04-03-2025,monthly,19.98
506473,04-03-2025,paid_social,prospecting_video,,,0
506474,04-03-2025,paid_social,prospecting_video,,,0
506475,04-03-2025,paid_search,generic_search,,,0
506476,04-03-2025,paid_social,prospecting_video,,,0
506477,04-03-2025,organic,,,,0
506478,04-03-2025,paid_social,prospecting_video,,,0
506479,04-03-2025,paid_social,prospecting_video,,,0
506480,04-03-2025,paid_social,prospecting_video,,,0
506481,04-03-2025,paid_social,prospecting_video,,,0
506482,04-03-2025,paid_search,generic_search,,,0
506483,04-03-2025,paid_social,prospecting_video,07-03-2025,monthly,29.97
506484,04-03-2025,paid_social,retargeting,,,0
506485,04-03-2025,display,display_network,,,0
506486,04-03-2025,affiliate,finance_blogs,,,0
506487,04-03-2025,paid_social,retargeting,,,0
506488,04-03-2025,affiliate,finance_blogs,,,0
506489,04-03-2025,paid_social,prospecting_video,,,0
506490,04-03-2025,paid_social,retargeting,,,0
506491,04-03-2025,paid_social,prospecting_video,,,0
506492,04-03-2025,referral,,,,0
506493,04-03-2025,paid_social,prospecting_video,,,0
506494,04-03-2025,referral,,,,0
506495,05-03-2025,paid_search,generic_search,,,0
506496,05-03-2025,affiliate,finance_blogs,05-03-2025,monthly,29.97
506497,05-03-2025,paid_social,prospecting_video,,,0
506498,05-03-2025,paid_search,brand_search,,,0
506499,05-03-2025,organic,,06-03-2025,monthly,19.98
506500,05-03-2025,paid_social,prospecting_video,,,0
506501,05-03-2025,paid_search,generic_search,14-03-2025,monthly,9.99
506502,05-03-2025,paid_search,brand_search,05-03-2025,annual,79.99
506503,05-03-2025,organic,,,,0
506504,05-03-2025,paid_search,brand_search,,,0
506505,05-03-2025,paid_search,brand_search,05-03-2025,monthly,19.98
506506,05-03-2025,organic,,,,0
506507,05-03-2025,paid_search,brand_search,,,0
506508,05-03-2025,paid_search,brand_search,,,0
506509,05-03-2025,paid_search,generic_search,,,0
506510,05-03-2025,paid_social,prospecting_video,,,0
506511,05-03-2025,paid_social,prospecting_video,,,0
506512,05-03-2025,referral,,,,0
506513,05-03-2025,paid_social,prospecting_video,,,0
506514,05-03-2025,organic,,,,0
506515,05-03-2025,paid_social,prospecting_video,,,0
506516,05-03-2025,paid_search,generic_search,,,0
506517,05-03-2025,affiliate,finance_blogs,06-03-2025,monthly,29.97
506518,05-03-2025,organic,,,,0
506519,05-03-2025,affiliate,finance_blogs,,,0
506520,05-03-2025,referral,,,,0
506521,05-03-2025,paid_search,brand_search,,,0
506522,05-03-2025,paid_social,prospecting_video,,,0
506523,05-03-2025,organic,,,,0
506524,05-03-2025,paid_social,prospecting_video,,,0
506525,05-03-2025,organic,,07-03-2025,monthly,9.99
506526,05-03-2025,organic,,,,0
506527,05-03-2025,paid_social,prospecting_video,,,0
506528,05-03-2025,paid_search,brand_search,,,0
506529,05-03-2025,affiliate,finance_blogs,,,0
506530,05-03-2025,organic,,,,0
506531,05-03-2025,paid_search,brand_search,07-03-2025,monthly,29.97
506532,05-03-2025,affiliate,finance_blogs,,,0
506533,05-03-2025,organic,,,,0
506534,05-03-2025,paid_social,prospecting_video,,,0
506535,05-03-2025,organic,,,,0
506536,05-03-2025,paid_social,prospecting_video,,,0
506537,05-03-2025,paid_social,prospecting_video,,,0
506538,05-03-2025,organic,,,,0
506539,05-03-2025,affiliate,finance_blogs,,,0
506540,05-03-2025,referral,,,,0
506541,05-03-2025,paid_search,generic_search,,,0
506542,05-03-2025,paid_social,prospecting_video,,,0
506543,05-03-2025,paid_social,prospecting_video,,,0
506544,05-03-2025,paid_search,generic_search,,,0
506545,05-03-2025,paid_search,generic_search,,,0
506546,05-03-2025,paid_social,prospecting_video,,,0
506547,05-03-2025,organic,,,,0
506548,05-03-2025,organic,,,,0
506549,05-03-2025,paid_social,prospecting_video,,,0
506550,05-03-2025,organic,,,,0
506551,05-03-2025,paid_social,prospecting_video,,,0
506552,05-03-2025,referral,,,,0
506553,05-03-2025,paid_social,prospecting_video,,,0
506554,05-03-2025,paid_search,brand_search,05-03-2025,annual,79.99
506555,05-03-2025,paid_social,prospecting_video,,,0
506556,05-03-2025,paid_social,prospecting_video,,,0
506557,05-03-2025,paid_social,prospecting_video,,,0
506558,05-03-2025,referral,,,,0
506559,05-03-2025,paid_search,generic_search,,,0
506560,05-03-2025,paid_search,generic_search,,,0
506561,05-03-2025,paid_search,generic_search,,,0
506562,05-03-2025,paid_social,prospecting_video,,,0
506563,05-03-2025,referral,,08-03-2025,annual,79.99
506564,05-03-2025,paid_search,generic_search,,,0
506565,05-03-2025,paid_social,retargeting,,,0
506566,05-03-2025,paid_social,retargeting,,,0
506567,05-03-2025,organic,,,,0
506568,05-03-2025,paid_social,prospecting_video,,,0
506569,05-03-2025,paid_social,retargeting,,,0
506570,05-03-2025,paid_social,retargeting,,,0
506571,05-03-2025,affiliate,finance_blogs,,,0
506572,05-03-2025,paid_social,prospecting_video,,,0
506573,05-03-2025,organic,,,,0
506574,05-03-2025,paid_social,prospecting_video,,,0
506575,05-03-2025,organic,,,,0
506576,05-03-2025,organic,,,,0
506577,05-03-2025,organic,,,,0
506578,05-03-2025,paid_social,prospecting_video,,,0
506579,05-03-2025,paid_social,prospecting_video,,,0
506580,05-03-2025,referral,,,,0
506581,05-03-2025,paid_social,prospecting_video,,,0
506582,05-03-2025,paid_search,brand_search,,,0
506583,06-03-2025,paid_social,prospecting_video,,,0
506584,06-03-2025,referral,,,,0
506585,06-03-2025,paid_social,prospecting_video,10-03-2025,annual,79.99
506586,06-03-2025,paid_search,brand_search,10-03-2025,annual,79.99
506587,06-03-2025,organic,,,,0
506588,06-03-2025,paid_social,prospecting_video,,,0
506589,06-03-2025,paid_social,retargeting,09-03-2025,monthly,29.97
506590,06-03-2025,organic,,,,0
506591,06-03-2025,paid_social,prospecting_video,,,0
506592,06-03-2025,paid_search,brand_search,,,0
506593,06-03-2025,paid_social,prospecting_video,,,0
506594,06-03-2025,organic,,,,0
506595,06-03-2025,paid_social,prospecting_video,,,0
506596,06-03-2025,paid_social,retargeting,,,0
506597,06-03-2025,affiliate,finance_blogs,14-03-2025,monthly,29.97
506598,06-03-2025,paid_social,prospecting_video,,,0
506599,06-03-2025,paid_social,retargeting,,,0
506600,06-03-2025,display,display_network,,,0
506601,06-03-2025,organic,,,,0
506602,06-03-2025,paid_social,prospecting_video,,,0
506603,06-03-2025,paid_search,brand_search,,,0
506604,06-03-2025,paid_search,brand_search,,,0
506605,06-03-2025,paid_social,prospecting_video,,,0
506606,06-03-2025,paid_social,prospecting_video,,,0
506607,06-03-2025,paid_social,prospecting_video,,,0
506608,06-03-2025,paid_social,retargeting,,,0
506609,06-03-2025,paid_social,prospecting_video,,,0
506610,06-03-2025,paid_social,retargeting,,,0
506611,06-03-2025,paid_social,prospecting_video,,,0
506612,06-03-2025,paid_social,retargeting,,,0
506613,06-03-2025,paid_social,retargeting,07-03-2025,annual,79.99
506614,06-03-2025,paid_social,prospecting_video,,,0
506615,06-03-2025,paid_social,prospecting_video,,,0
506616,06-03-2025,paid_social,prospecting_video,,,0
506617,06-03-2025,paid_search,brand_search,,,0
506618,06-03-2025,paid_social,prospecting_video,,,0
506619,06-03-2025,referral,,,,0
506620,06-03-2025,paid_social,prospecting_video,,,0
506621,06-03-2025,paid_search,generic_search,,,0
506622,06-03-2025,organic,,,,0
506623,06-03-2025,paid_social,prospecting_video,,,0
506624,06-03-2025,paid_search,generic_search,06-03-2025,monthly,9.99
506625,06-03-2025,organic,,,,0
506626,06-03-2025,paid_social,prospecting_video,,,0
506627,06-03-2025,affiliate,finance_blogs,19-03-2025,annual,79.99
506628,06-03-2025,paid_social,prospecting_video,,,0
506629,06-03-2025,organic,,07-03-2025,monthly,29.97
506630,06-03-2025,paid_search,brand_search,,,0
506631,06-03-2025,paid_search,generic_search,06-03-2025,monthly,29.97
506632,06-03-2025,paid_social,prospecting_video,06-03-2025,annual,79.99
506633,06-03-2025,paid_search,generic_search,,,0
506634,06-03-2025,organic,,,,0
506635,06-03-2025,paid_search,generic_search,07-03-2025,monthly,29.97
506636,06-03-2025,paid_search,brand_search,,,0
506637,06-03-2025,paid_social,retargeting,,,0
506638,06-03-2025,paid_social,prospecting_video,,,0
506639,06-03-2025,paid_search,generic_search,,,0
506640,06-03-2025,paid_social,prospecting_video,,,0
506641,06-03-2025,organic,,,,0
506642,06-03-2025,paid_search,brand_search,,,0
506643,06-03-2025,affiliate,finance_blogs,,,0
506644,06-03-2025,affiliate,finance_blogs,,,0
506645,06-03-2025,paid_social,retargeting,,,0
506646,06-03-2025,affiliate,finance_blogs,,,0
506647,06-03-2025,organic,,06-03-2025,annual,79.99
506648,06-03-2025,paid_social,prospecting_video,,,0
506649,06-03-2025,paid_search,generic_search,,,0
506650,06-03-2025,paid_search,brand_search,,,0
506651,06-03-2025,referral,,,,0
506652,06-03-2025,paid_social,prospecting_video,,,0
506653,06-03-2025,organic,,,,0
506654,06-03-2025,paid_social,prospecting_video,,,0
506655,06-03-2025,display,display_network,,,0
506656,06-03-2025,affiliate,finance_blogs,,,0
506657,06-03-2025,paid_social,retargeting,,,0
506658,06-03-2025,organic,,,,0
506659,06-03-2025,paid_social,prospecting_video,,,0
506660,06-03-2025,paid_social,prospecting_video,,,0
506661,06-03-2025,paid_social,prospecting_video,,,0
506662,06-03-2025,paid_search,brand_search,09-03-2025,monthly,29.97
506663,06-03-2025,paid_social,prospecting_video,,,0
506664,06-03-2025,paid_social,prospecting_video,,,0
506665,06-03-2025,paid_social,prospecting_video,,,0
506666,06-03-2025,referral,,09-03-2025,monthly,19.98
506667,06-03-2025,paid_search,brand_search,,,0
506668,06-03-2025,paid_search,generic_search,,,0
506669,06-03-2025,paid_social,retargeting,,,0
506670,06-03-2025,paid_search,generic_search,06-03-2025,annual,79.99
506671,06-03-2025,paid_social,retargeting,,,0
506672,06-03-2025,referral,,,,0
506673,06-03-2025,paid_search,generic_search,,,0
506674,06-03-2025,organic,,,,0
506675,06-03-2025,paid_social,prospecting_video,,,0
506676,06-03-2025,paid_social,retargeting,,,0
506677,06-03-2025,paid_social,prospecting_video,,,0
506678,06-03-2025,referral,,,,0
506679,06-03-2025,paid_social,prospecting_video,,,0
506680,06-03-2025,organic,,,,0
506681,06-03-2025,paid_search,brand_search,,,0
506682,06-03-2025,paid_search,generic_search,,,0
506683,06-03-2025,paid_social,prospecting_video,,,0
506684,06-03-2025,paid_social,prospecting_video,,,0
506685,06-03-2025,paid_social,prospecting_video,,,0
506686,06-03-2025,affiliate,finance_blogs,,,0
506687,06-03-2025,organic,,,,0
506688,06-03-2025,paid_social,prospecting_video,,,0
506689,06-03-2025,paid_social,prospecting_video,,,0
506690,06-03-2025,paid_search,generic_search,18-03-2025,monthly,9.99
506691,06-03-2025,paid_social,prospecting_video,,,0
506692,06-03-2025,paid_search,generic_search,07-03-2025,annual,79.99
506693,06-03-2025,paid_social,prospecting_video,,,0
506694,06-03-2025,paid_social,prospecting_video,,,0
506695,06-03-2025,paid_search,generic_search,,,0
506696,06-03-2025,organic,,,,0
506697,07-03-2025,display,display_network,,,0
506698,07-03-2025,paid_search,generic_search,,,0
506699,07-03-2025,paid_social,prospecting_video,,,0
506700,07-03-2025,organic,,,,0
506701,07-03-2025,paid_social,prospecting_video,,,0
506702,07-03-2025,paid_social,prospecting_video,,,0
506703,07-03-2025,paid_search,generic_search,,,0
506704,07-03-2025,referral,,,,0
506705,07-03-2025,paid_social,prospecting_video,,,0
506706,07-03-2025,paid_social,prospecting_video,,,0
506707,07-03-2025,paid_social,prospecting_video,,,0
506708,07-03-2025,paid_search,brand_search,,,0
506709,07-03-2025,paid_search,generic_search,,,0
506710,07-03-2025,paid_social,prospecting_video,,,0
506711,07-03-2025,paid_social,retargeting,,,0
506712,07-03-2025,paid_search,generic_search,,,0
506713,07-03-2025,paid_search,generic_search,,,0
506714,07-03-2025,paid_social,prospecting_video,,,0
506715,07-03-2025,affiliate,finance_blogs,,,0
506716,07-03-2025,paid_social,retargeting,09-03-2025,annual,79.99
506717,07-03-2025,paid_search,brand_search,,,0
506718,07-03-2025,paid_search,brand_search,,,0
506719,07-03-2025,paid_social,prospecting_video,,,0
506720,07-03-2025,paid_social,prospecting_video,,,0
506721,07-03-2025,paid_search,brand_search,,,0
506722,07-03-2025,paid_search,generic_search,,,0
506723,07-03-2025,paid_social,prospecting_video,,,0
506724,07-03-2025,paid_search,generic_search,,,0
506725,07-03-2025,referral,,,,0
506726,07-03-2025,paid_social,prospecting_video,,,0
506727,07-03-2025,paid_search,brand_search,,,0
506728,07-03-2025,paid_search,generic_search,,,0
506729,07-03-2025,organic,,,,0
506730,07-03-2025,organic,,,,0
506731,07-03-2025,affiliate,finance_blogs,07-03-2025,monthly,29.97
506732,07-03-2025,paid_social,prospecting_video,,,0
506733,07-03-2025,paid_social,prospecting_video,,,0
506734,07-03-2025,organic,,,,0
506735,07-03-2025,paid_social,retargeting,,,0
506736,07-03-2025,display,display_network,,,0
506737,07-03-2025,paid_search,generic_search,,,0
506738,07-03-2025,paid_search,brand_search,16-03-2025,monthly,29.97
506739,07-03-2025,paid_social,prospecting_video,,,0
506740,07-03-2025,paid_search,brand_search,,,0
506741,07-03-2025,paid_search,brand_search,16-03-2025,annual,79.99
506742,07-03-2025,paid_social,retargeting,,,0
506743,07-03-2025,paid_social,retargeting,08-03-2025,monthly,29.97
506744,07-03-2025,paid_social,prospecting_video,,,0
506745,07-03-2025,paid_search,brand_search,,,0
506746,07-03-2025,paid_search,generic_search,,,0
506747,07-03-2025,paid_social,prospecting_video,,,0
506748,07-03-2025,paid_social,retargeting,,,0
506749,07-03-2025,paid_social,prospecting_video,,,0
506750,07-03-2025,paid_social,prospecting_video,,,0
506751,07-03-2025,paid_search,brand_search,,,0
506752,07-03-2025,paid_search,brand_search,,,0
506753,07-03-2025,paid_search,brand_search,,,0
506754,07-03-2025,paid_social,retargeting,11-03-2025,annual,79.99
506755,07-03-2025,paid_social,retargeting,07-03-2025,monthly,29.97
506756,07-03-2025,paid_social,prospecting_video,,,0
506757,07-03-2025,paid_social,retargeting,,,0
506758,07-03-2025,organic,,,,0
506759,07-03-2025,affiliate,finance_blogs,,,0
506760,07-03-2025,paid_social,prospecting_video,,,0
506761,07-03-2025,paid_social,prospecting_video,,,0
506762,07-03-2025,paid_social,retargeting,,,0
506763,07-03-2025,paid_social,retargeting,,,0
506764,07-03-2025,paid_search,generic_search,,,0
506765,07-03-2025,paid_social,retargeting,07-03-2025,annual,79.99
506766,07-03-2025,paid_social,retargeting,,,0
506767,07-03-2025,paid_social,prospecting_video,,,0
506768,07-03-2025,paid_social,prospecting_video,,,0
506769,07-03-2025,paid_search,generic_search,,,0
506770,07-03-2025,paid_search,generic_search,,,0
506771,07-03-2025,paid_search,generic_search,,,0
506772,07-03-2025,referral,,,,0
506773,07-03-2025,paid_social,retargeting,11-03-2025,annual,79.99
506774,07-03-2025,organic,,,,0
506775,07-03-2025,organic,,,,0
506776,07-03-2025,referral,,,,0
506777,07-03-2025,paid_search,brand_search,12-03-2025,monthly,29.97
506778,07-03-2025,paid_social,prospecting_video,,,0
506779,07-03-2025,affiliate,finance_blogs,,,0
506780,07-03-2025,paid_search,generic_search,,,0
506781,07-03-2025,paid_search,brand_search,,,0
506782,07-03-2025,paid_social,retargeting,,,0
506783,07-03-2025,organic,,,,0
506784,07-03-2025,paid_search,brand_search,,,0
506785,07-03-2025,paid_social,prospecting_video,,,0
506786,07-03-2025,paid_search,brand_search,,,0
506787,07-03-2025,paid_search,brand_search,,,0
506788,07-03-2025,paid_search,brand_search,,,0
506789,07-03-2025,organic,,20-03-2025,annual,79.99
506790,07-03-2025,paid_search,brand_search,,,0
506791,07-03-2025,referral,,,,0
506792,07-03-2025,paid_search,brand_search,11-03-2025,monthly,29.97
506793,07-03-2025,paid_social,prospecting_video,,,0
506794,07-03-2025,paid_social,prospecting_video,,,0
506795,07-03-2025,paid_social,prospecting_video,,,0
506796,07-03-2025,referral,,,,0
506797,08-03-2025,paid_social,prospecting_video,,,0
506798,08-03-2025,paid_social,prospecting_video,,,0
506799,08-03-2025,paid_social,prospecting_video,,,0
506800,08-03-2025,organic,,,,0
506801,08-03-2025,paid_search,generic_search,,,0
506802,08-03-2025,paid_search,generic_search,,,0
506803,08-03-2025,organic,,14-03-2025,monthly,19.98
506804,08-03-2025,organic,,,,0
506805,08-03-2025,organic,,,,0
506806,08-03-2025,organic,,,,0
506807,08-03-2025,paid_social,prospecting_video,,,0
506808,08-03-2025,organic,,,,0
506809,08-03-2025,paid_social,prospecting_video,,,0
506810,08-03-2025,affiliate,finance_blogs,,,0
506811,08-03-2025,organic,,09-03-2025,annual,79.99
506812,08-03-2025,paid_social,prospecting_video,,,0
506813,08-03-2025,display,display_network,,,0
506814,08-03-2025,paid_search,generic_search,10-03-2025,monthly,29.97
506815,08-03-2025,organic,,,,0
506816,08-03-2025,organic,,,,0
506817,08-03-2025,referral,,,,0
506818,08-03-2025,referral,,10-03-2025,monthly,29.97
506819,08-03-2025,paid_search,brand_search,13-03-2025,monthly,19.98
506820,08-03-2025,paid_search,generic_search,11-03-2025,monthly,9.99
506821,08-03-2025,paid_social,prospecting_video,,,0
506822,08-03-2025,paid_social,prospecting_video,,,0
506823,08-03-2025,paid_search,generic_search,,,0
506824,08-03-2025,referral,,13-03-2025,monthly,29.97
506825,08-03-2025,paid_search,brand_search,,,0
506826,08-03-2025,paid_social,prospecting_video,,,0
506827,08-03-2025,organic,,,,0
506828,08-03-2025,organic,,,,0
506829,08-03-2025,paid_search,brand_search,11-03-2025,monthly,29.97
506830,08-03-2025,organic,,09-03-2025,monthly,29.97
506831,08-03-2025,referral,,,,0
506832,08-03-2025,paid_search,brand_search,,,0
506833,08-03-2025,organic,,,,0
506834,08-03-2025,organic,,,,0
506835,08-03-2025,organic,,,,0
506836,08-03-2025,paid_search,generic_search,,,0
506837,08-03-2025,organic,,,,0
506838,08-03-2025,display,display_network,,,0
506839,08-03-2025,paid_search,brand_search,09-03-2025,annual,79.99
506840,08-03-2025,paid_social,retargeting,,,0
506841,08-03-2025,paid_search,brand_search,,,0
506842,08-03-2025,organic,,,,0
506843,08-03-2025,paid_search,brand_search,,,0
506844,08-03-2025,organic,,,,0
506845,08-03-2025,referral,,,,0
506846,08-03-2025,organic,,,,0
506847,08-03-2025,organic,,,,0
506848,08-03-2025,paid_social,prospecting_video,,,0
506849,08-03-2025,paid_social,prospecting_video,,,0
506850,08-03-2025,paid_social,prospecting_video,,,0
506851,08-03-2025,paid_social,prospecting_video,,,0
506852,08-03-2025,paid_social,prospecting_video,,,0
506853,08-03-2025,paid_search,brand_search,,,0
506854,08-03-2025,paid_social,prospecting_video,,,0
506855,08-03-2025,organic,,,,0
506856,08-03-2025,organic,,,,0
506857,08-03-2025,organic,,,,0
506858,08-03-2025,display,display_network,,,0
506859,08-03-2025,paid_social,retargeting,,,0
506860,08-03-2025,affiliate,finance_blogs,,,0
506861,08-03-2025,paid_social,prospecting_video,,,0
506862,08-03-2025,organic,,,,0
506863,08-03-2025,paid_social,prospecting_video,,,0
506864,08-03-2025,paid_search,generic_search,,,0
506865,08-03-2025,paid_social,retargeting,,,0
506866,08-03-2025,paid_search,brand_search,,,0
506867,08-03-2025,paid_search,generic_search,,,0
506868,08-03-2025,paid_social,prospecting_video,,,0
506869,08-03-2025,paid_social,prospecting_video,,,0
506870,08-03-2025,paid_search,brand_search,13-03-2025,monthly,29.97
506871,08-03-2025,paid_search,generic_search,08-03-2025,monthly,19.98
506872,08-03-2025,paid_social,prospecting_video,,,0
506873,08-03-2025,paid_social,prospecting_video,,,0
506874,08-03-2025,paid_search,brand_search,,,0
506875,08-03-2025,organic,,,,0
506876,08-03-2025,paid_social,prospecting_video,,,0
506877,08-03-2025,paid_social,prospecting_video,,,0
506878,08-03-2025,paid_social,prospecting_video,,,0
506879,08-03-2025,paid_search,generic_search,,,0
506880,09-03-2025,paid_social,prospecting_video,,,0
506881,09-03-2025,paid_social,retargeting,,,0
506882,09-03-2025,paid_social,prospecting_video,,,0
506883,09-03-2025,organic,,12-03-2025,monthly,29.97
506884,09-03-2025,referral,,,,0
506885,09-03-2025,paid_social,retargeting,,,0
506886,09-03-2025,paid_search,brand_search,,,0
506887,09-03-2025,affiliate,finance_blogs,13-03-2025,monthly,29.97
506888,09-03-2025,paid_social,prospecting_video,,,0
506889,09-03-2025,paid_social,prospecting_video,,,0
506890,09-03-2025,paid_social,retargeting,,,0
506891,09-03-2025,affiliate,finance_blogs,,,0
506892,09-03-2025,organic,,,,0
506893,09-03-2025,paid_social,prospecting_video,,,0
506894,09-03-2025,organic,,,,0
506895,09-03-2025,paid_social,prospecting_video,,,0
506896,09-03-2025,organic,,,,0
506897,09-03-2025,organic,,,,0
506898,09-03-2025,organic,,,,0
506899,09-03-2025,paid_search,brand_search,,,0
506900,09-03-2025,paid_search,brand_search,10-03-2025,monthly,29.97
506901,09-03-2025,paid_social,retargeting,,,0
506902,09-03-2025,organic,,,,0
506903,09-03-2025,organic,,,,0
506904,09-03-2025,paid_social,prospecting_video,,,0
506905,09-03-2025,affiliate,finance_blogs,,,0
506906,09-03-2025,paid_social,prospecting_video,,,0
506907,09-03-2025,paid_search,brand_search,13-03-2025,monthly,19.98
506908,09-03-2025,paid_social,prospecting_video,,,0
506909,09-03-2025,paid_social,retargeting,,,0
506910,09-03-2025,paid_social,retargeting,,,0
506911,09-03-2025,paid_social,retargeting,,,0
506912,09-03-2025,paid_search,brand_search,,,0
506913,09-03-2025,paid_social,retargeting,10-03-2025,monthly,29.97
506914,09-03-2025,organic,,,,0
506915,09-03-2025,paid_social,prospecting_video,,,0
506916,09-03-2025,organic,,12-03-2025,monthly,29.97
506917,09-03-2025,paid_social,retargeting,,,0
506918,09-03-2025,paid_search,generic_search,,,0
506919,09-03-2025,paid_search,brand_search,,,0
506920,09-03-2025,organic,,10-03-2025,monthly,9.99
506921,09-03-2025,paid_social,prospecting_video,,,0
506922,09-03-2025,paid_social,prospecting_video,,,0
506923,09-03-2025,organic,,,,0
506924,09-03-2025,paid_social,retargeting,,,0
506925,09-03-2025,organic,,,,0
506926,09-03-2025,organic,,,,0
506927,09-03-2025,paid_social,retargeting,13-03-2025,monthly,29.97
506928,09-03-2025,paid_search,generic_search,,,0
506929,09-03-2025,paid_social,prospecting_video,,,0
506930,09-03-2025,paid_social,prospecting_video,,,0
506931,09-03-2025,paid_social,prospecting_video,,,0
506932,09-03-2025,affiliate,finance_blogs,,,0
506933,09-03-2025,paid_social,prospecting_video,,,0
506934,09-03-2025,paid_social,prospecting_video,,,0
506935,09-03-2025,paid_social,prospecting_video,,,0
506936,09-03-2025,paid_social,retargeting,,,0
506937,09-03-2025,paid_social,prospecting_video,09-03-2025,annual,79.99
506938,09-03-2025,paid_social,prospecting_video,15-03-2025,monthly,29.97
506939,09-03-2025,paid_social,retargeting,,,0
506940,09-03-2025,paid_social,prospecting_video,,,0
506941,09-03-2025,paid_social,prospecting_video,,,0
506942,09-03-2025,organic,,,,0
506943,09-03-2025,organic,,,,0
506944,09-03-2025,paid_social,prospecting_video,,,0
506945,09-03-2025,paid_social,prospecting_video,,,0
506946,09-03-2025,affiliate,finance_blogs,,,0
506947,09-03-2025,organic,,,,0
506948,09-03-2025,paid_social,prospecting_video,,,0
506949,09-03-2025,affiliate,finance_blogs,14-03-2025,annual,79.99
506950,09-03-2025,paid_social,retargeting,,,0
506951,09-03-2025,paid_search,generic_search,,,0
506952,09-03-2025,organic,,10-03-2025,monthly,19.98
506953,09-03-2025,paid_social,prospecting_video,,,0
506954,09-03-2025,organic,,,,0
506955,09-03-2025,paid_social,retargeting,,,0
506956,09-03-2025,paid_search,brand_search,,,0
506957,09-03-2025,paid_social,retargeting,11-03-2025,monthly,29.97
506958,09-03-2025,organic,,,,0
506959,09-03-2025,organic,,,,0
506960,09-03-2025,display,display_network,,,0
506961,09-03-2025,paid_social,prospecting_video,,,0
506962,09-03-2025,organic,,,,0
506963,09-03-2025,paid_social,prospecting_video,,,0
506964,09-03-2025,paid_search,brand_search,,,0
506965,09-03-2025,paid_search,brand_search,,,0
506966,09-03-2025,paid_search,generic_search,17-03-2025,annual,79.99
506967,09-03-2025,paid_social,prospecting_video,,,0
506968,09-03-2025,paid_social,prospecting_video,,,0
506969,09-03-2025,paid_social,prospecting_video,,,0
506970,09-03-2025,paid_social,prospecting_video,,,0
506971,09-03-2025,paid_search,generic_search,,,0
506972,09-03-2025,paid_search,generic_search,13-03-2025,monthly,29.97
506973,09-03-2025,paid_social,prospecting_video,,,0
506974,09-03-2025,organic,,,,0
506975,09-03-2025,paid_social,prospecting_video,,,0
506976,09-03-2025,paid_social,prospecting_video,,,0
506977,09-03-2025,paid_search,brand_search,,,0
506978,09-03-2025,paid_social,retargeting,,,0
506979,09-03-2025,paid_social,prospecting_video,,,0
506980,09-03-2025,organic,,,,0
506981,09-03-2025,paid_social,prospecting_video,,,0
506982,10-03-2025,paid_social,prospecting_video,,,0
506983,10-03-2025,referral,,,,0
506984,10-03-2025,paid_social,prospecting_video,,,0
506985,10-03-2025,paid_social,prospecting_video,,,0
506986,10-03-2025,paid_social,prospecting_video,,,0
506987,10-03-2025,paid_search,brand_search,,,0
506988,10-03-2025,paid_social,prospecting_video,,,0
506989,10-03-2025,paid_social,prospecting_video,,,0
506990,10-03-2025,paid_search,brand_search,,,0
506991,10-03-2025,paid_search,brand_search,,,0
506992,10-03-2025,paid_social,retargeting,,,0
506993,10-03-2025,referral,,,,0
506994,10-03-2025,paid_social,prospecting_video,,,0
506995,10-03-2025,affiliate,finance_blogs,,,0
506996,10-03-2025,paid_search,brand_search,,,0
506997,10-03-2025,paid_search,brand_search,,,0
506998,10-03-2025,paid_social,prospecting_video,,,0
506999,10-03-2025,paid_search,generic_search,,,0
507000,10-03-2025,paid_search,generic_search,15-03-2025,monthly,29.97
507001,10-03-2025,paid_social,retargeting,,,0
507002,10-03-2025,organic,,,,0
507003,10-03-2025,paid_social,prospecting_video,,,0
507004,10-03-2025,paid_social,prospecting_video,,,0
507005,10-03-2025,paid_social,prospecting_video,,,0
507006,10-03-2025,paid_search,generic_search,11-03-2025,monthly,29.97
507007,10-03-2025,paid_social,prospecting_video,,,0
507008,10-03-2025,paid_social,retargeting,12-03-2025,annual,79.99
507009,10-03-2025,display,display_network,,,0
507010,10-03-2025,organic,,,,0
507011,10-03-2025,paid_search,generic_search,18-03-2025,monthly,29.97
507012,10-03-2025,paid_social,prospecting_video,,,0
507013,10-03-2025,paid_social,prospecting_video,,,0
507014,10-03-2025,paid_social,prospecting_video,,,0
507015,10-03-2025,paid_social,prospecting_video,,,0
507016,10-03-2025,paid_search,generic_search,,,0
507017,10-03-2025,paid_search,generic_search,,,0
507018,10-03-2025,organic,,,,0
507019,10-03-2025,paid_social,retargeting,,,0
507020,10-03-2025,paid_social,prospecting_video,,,0
507021,10-03-2025,organic,,,,0
507022,10-03-2025,paid_search,brand_search,,,0
507023,10-03-2025,paid_social,retargeting,,,0
507024,10-03-2025,paid_social,prospecting_video,,,0
507025,10-03-2025,paid_social,retargeting,,,0
507026,10-03-2025,paid_search,brand_search,,,0
507027,10-03-2025,paid_social,retargeting,,,0
507028,10-03-2025,paid_search,generic_search,,,0
507029,10-03-2025,display,display_network,,,0
507030,10-03-2025,organic,,,,0
507031,10-03-2025,paid_search,generic_search,,,0
507032,10-03-2025,paid_search,brand_search,,,0
507033,10-03-2025,paid_social,retargeting,,,0
507034,10-03-2025,organic,,,,0
507035,10-03-2025,paid_social,prospecting_video,,,0
507036,10-03-2025,paid_social,prospecting_video,,,0
507037,10-03-2025,paid_social,prospecting_video,,,0
507038,10-03-2025,paid_social,prospecting_video,,,0
507039,10-03-2025,paid_social,retargeting,,,0
507040,10-03-2025,paid_social,retargeting,,,0
507041,10-03-2025,paid_social,prospecting_video,,,0
507042,10-03-2025,paid_social,prospecting_video,,,0
507043,10-03-2025,paid_social,prospecting_video,,,0
507044,10-03-2025,paid_social,prospecting_video,,,0
507045,10-03-2025,organic,,,,0
507046,10-03-2025,paid_social,prospecting_video,,,0
507047,10-03-2025,paid_search,brand_search,,,0
507048,10-03-2025,paid_social,prospecting_video,,,0
507049,10-03-2025,paid_social,prospecting_video,,,0
507050,10-03-2025,paid_social,prospecting_video,,,0
507051,10-03-2025,affiliate,finance_blogs,,,0
507052,10-03-2025,organic,,,,0
507053,10-03-2025,paid_social,retargeting,,,0
507054,10-03-2025,affiliate,finance_blogs,,,0
507055,10-03-2025,paid_social,prospecting_video,,,0
507056,10-03-2025,paid_social,prospecting_video,,,0
507057,10-03-2025,organic,,,,0
507058,10-03-2025,organic,,,,0
507059,10-03-2025,paid_social,prospecting_video,,,0
507060,10-03-2025,paid_search,brand_search,,,0
507061,10-03-2025,paid_social,prospecting_video,,,0
507062,10-03-2025,paid_social,prospecting_video,,,0
507063,10-03-2025,paid_search,brand_search,11-03-2025,annual,79.99
507064,10-03-2025,paid_social,prospecting_video,,,0
507065,10-03-2025,paid_search,generic_search,,,0
507066,10-03-2025,paid_search,brand_search,,,0
507067,10-03-2025,paid_search,brand_search,,,0
507068,10-03-2025,paid_search,brand_search,11-03-2025,monthly,29.97
507069,10-03-2025,paid_social,prospecting_video,,,0
507070,10-03-2025,paid_social,retargeting,,,0
507071,10-03-2025,paid_search,generic_search,,,0
507072,10-03-2025,paid_social,prospecting_video,,,0
507073,10-03-2025,referral,,12-03-2025,monthly,29.97
507074,10-03-2025,paid_social,prospecting_video,,,0
507075,10-03-2025,paid_social,retargeting,,,0
507076,10-03-2025,paid_social,prospecting_video,,,0
507077,10-03-2025,paid_social,retargeting,,,0
507078,10-03-2025,paid_social,prospecting_video,,,0
507079,10-03-2025,organic,,,,0
507080,10-03-2025,paid_social,retargeting,,,0
507081,10-03-2025,paid_search,generic_search,,,0
507082,10-03-2025,paid_social,prospecting_video,,,0
507083,10-03-2025,paid_social,retargeting,,,0
507084,10-03-2025,paid_social,prospecting_video,,,0
507085,10-03-2025,paid_search,brand_search,10-03-2025,monthly,29.97
507086,11-03-2025,paid_search,brand_search,,,0
507087,11-03-2025,paid_search,generic_search,,,0
507088,11-03-2025,paid_search,brand_search,,,0
507089,11-03-2025,paid_social,prospecting_video,12-03-2025,monthly,29.97
507090,11-03-2025,paid_social,prospecting_video,,,0
507091,11-03-2025,paid_social,retargeting,,,0
507092,11-03-2025,organic,,,,0
507093,11-03-2025,paid_social,prospecting_video,,,0
507094,11-03-2025,paid_social,prospecting_video,,,0
507095,11-03-2025,paid_social,prospecting_video,,,0
507096,11-03-2025,paid_social,prospecting_video,,,0
507097,11-03-2025,organic,,,,0
507098,11-03-2025,paid_search,brand_search,,,0
507099,11-03-2025,organic,,13-03-2025,monthly,29.97
507100,11-03-2025,paid_social,prospecting_video,,,0
507101,11-03-2025,paid_search,brand_search,,,0
507102,11-03-2025,paid_social,retargeting,21-03-2025,monthly,29.97
507103,11-03-2025,paid_social,retargeting,,,0
507104,11-03-2025,referral,,,,0
507105,11-03-2025,paid_social,prospecting_video,,,0
507106,11-03-2025,paid_social,retargeting,11-03-2025,monthly,19.98
507107,11-03-2025,organic,,,,0
507108,11-03-2025,paid_social,retargeting,,,0
507109,11-03-2025,paid_search,brand_search,,,0
507110,11-03-2025,affiliate,finance_blogs,13-03-2025,monthly,19.98
507111,11-03-2025,paid_social,prospecting_video,,,0
507112,11-03-2025,paid_social,retargeting,,,0
507113,11-03-2025,paid_social,prospecting_video,,,0
507114,11-03-2025,paid_social,prospecting_video,,,0
507115,11-03-2025,paid_social,prospecting_video,,,0
507116,11-03-2025,paid_social,prospecting_video,,,0
507117,11-03-2025,referral,,,,0
507118,11-03-2025,paid_social,prospecting_video,11-03-2025,monthly,29.97
507119,11-03-2025,paid_social,prospecting_video,,,0
507120,11-03-2025,paid_social,prospecting_video,,,0
507121,11-03-2025,organic,,,,0
507122,11-03-2025,referral,,,,0
507123,11-03-2025,paid_search,brand_search,14-03-2025,annual,79.99
507124,11-03-2025,paid_social,prospecting_video,,,0
507125,11-03-2025,affiliate,finance_blogs,,,0
507126,11-03-2025,paid_social,prospecting_video,,,0
507127,11-03-2025,paid_social,retargeting,,,0
507128,11-03-2025,paid_social,retargeting,,,0
507129,11-03-2025,paid_search,brand_search,,,0
507130,11-03-2025,paid_social,prospecting_video,,,0
507131,11-03-2025,paid_social,retargeting,,,0
507132,11-03-2025,paid_search,brand_search,14-03-2025,monthly,29.97
507133,11-03-2025,paid_social,prospecting_video,,,0
507134,11-03-2025,affiliate,finance_blogs,,,0
507135,11-03-2025,organic,,,,0
507136,11-03-2025,paid_social,prospecting_video,,,0
507137,11-03-2025,paid_social,retargeting,17-03-2025,monthly,29.97
507138,11-03-2025,paid_social,prospecting_video,,,0
507139,11-03-2025,organic,,,,0
507140,11-03-2025,organic,,,,0
507141,11-03-2025,paid_social,prospecting_video,,,0
507142,11-03-2025,paid_social,retargeting,,,0
507143,11-03-2025,paid_social,prospecting_video,,,0
507144,11-03-2025,display,display_network,,,0
507145,11-03-2025,organic,,13-03-2025,monthly,29.97
507146,11-03-2025,organic,,,,0
507147,11-03-2025,paid_social,prospecting_video,,,0
507148,11-03-2025,paid_social,prospecting_video,,,0
507149,11-03-2025,paid_social,prospecting_video,,,0
507150,11-03-2025,organic,,,,0
507151,11-03-2025,paid_search,brand_search,,,0
507152,11-03-2025,paid_social,prospecting_video,,,0
507153,11-03-2025,paid_social,retargeting,12-03-2025,monthly,29.97
507154,11-03-2025,paid_social,prospecting_video,,,0
507155,11-03-2025,organic,,,,0
507156,11-03-2025,paid_search,brand_search,,,0
507157,11-03-2025,paid_search,brand_search,,,0
507158,11-03-2025,paid_search,brand_search,,,0
507159,11-03-2025,organic,,,,0
507160,11-03-2025,paid_search,generic_search,,,0
507161,11-03-2025,paid_social,retargeting,,,0
507162,11-03-2025,paid_search,generic_search,,,0
507163,11-03-2025,paid_social,prospecting_video,,,0
507164,11-03-2025,paid_social,prospecting_video,,,0
507165,11-03-2025,paid_social,prospecting_video,,,0
507166,11-03-2025,organic,,,,0
507167,11-03-2025,paid_search,brand_search,,,0
507168,11-03-2025,paid_search,brand_search,,,0
507169,11-03-2025,paid_search,brand_search,,,0
507170,11-03-2025,organic,,,,0
507171,11-03-2025,organic,,,,0
507172,11-03-2025,paid_social,prospecting_video,,,0
507173,11-03-2025,affiliate,finance_blogs,,,0
507174,11-03-2025,paid_social,retargeting,,,0
507175,11-03-2025,paid_search,brand_search,,,0
507176,11-03-2025,organic,,,,0
507177,11-03-2025,paid_search,generic_search,,,0
507178,11-03-2025,paid_search,brand_search,,,0
507179,11-03-2025,paid_social,prospecting_video,,,0
507180,11-03-2025,paid_search,generic_search,,,0
507181,11-03-2025,paid_search,brand_search,,,0
507182,11-03-2025,referral,,,,0
507183,11-03-2025,paid_search,generic_search,,,0
507184,11-03-2025,paid_search,brand_search,,,0
507185,11-03-2025,paid_social,retargeting,,,0
507186,11-03-2025,paid_search,generic_search,20-03-2025,annual,79.99
507187,11-03-2025,paid_search,generic_search,,,0
507188,11-03-2025,affiliate,finance_blogs,,,0
507189,11-03-2025,paid_social,retargeting,,,0
507190,11-03-2025,organic,,16-03-2025,monthly,9.99
507191,11-03-2025,organic,,,,0
507192,11-03-2025,paid_social,prospecting_video,,,0
507193,11-03-2025,paid_social,prospecting_video,,,0
507194,11-03-2025,paid_social,prospecting_video,,,0
507195,11-03-2025,paid_social,prospecting_video,,,0
507196,11-03-2025,referral,,,,0
507197,11-03-2025,paid_search,generic_search,,,0
507198,11-03-2025,paid_social,prospecting_video,,,0
507199,11-03-2025,paid_social,prospecting_video,,,0
507200,11-03-2025,paid_search,generic_search,,,0
507201,11-03-2025,paid_social,retargeting,,,0
507202,11-03-2025,paid_search,generic_search,24-03-2025,monthly,29.97
507203,11-03-2025,paid_social,prospecting_video,,,0
507204,11-03-2025,organic,,,,0
507205,11-03-2025,paid_social,retargeting,,,0
507206,11-03-2025,paid_search,brand_search,,,0
507207,11-03-2025,organic,,,,0
507208,11-03-2025,paid_social,prospecting_video,,,0
507209,11-03-2025,paid_social,retargeting,,,0
507210,11-03-2025,paid_social,prospecting_video,,,0
507211,11-03-2025,paid_social,prospecting_video,,,0
507212,11-03-2025,paid_search,brand_search,11-03-2025,annual,79.99
507213,11-03-2025,paid_search,generic_search,,,0
507214,11-03-2025,paid_search,brand_search,,,0
507215,11-03-2025,affiliate,finance_blogs,11-03-2025,monthly,29.97
507216,11-03-2025,paid_search,brand_search,,,0
507217,11-03-2025,paid_social,prospecting_video,,,0
507218,11-03-2025,display,display_network,,,0
507219,11-03-2025,paid_social,retargeting,,,0
507220,12-03-2025,paid_social,prospecting_video,,,0
507221,12-03-2025,organic,,,,0
507222,12-03-2025,paid_search,brand_search,,,0
507223,12-03-2025,paid_social,prospecting_video,,,0
507224,12-03-2025,paid_social,prospecting_video,,,0
507225,12-03-2025,paid_search,brand_search,,,0
507226,12-03-2025,affiliate,finance_blogs,,,0
507227,12-03-2025,affiliate,finance_blogs,,,0
507228,12-03-2025,paid_search,brand_search,,,0
507229,12-03-2025,paid_search,generic_search,,,0
507230,12-03-2025,organic,,,,0
507231,12-03-2025,paid_search,generic_search,13-03-2025,monthly,29.97
507232,12-03-2025,paid_social,prospecting_video,,,0
507233,12-03-2025,organic,,,,0
507234,12-03-2025,paid_social,prospecting_video,,,0
507235,12-03-2025,organic,,,,0
507236,12-03-2025,paid_social,prospecting_video,,,0
507237,12-03-2025,paid_search,generic_search,,,0
507238,12-03-2025,paid_social,retargeting,,,0
507239,12-03-2025,paid_social,prospecting_video,,,0
507240,12-03-2025,organic,,,,0
507241,12-03-2025,paid_social,retargeting,,,0
507242,12-03-2025,paid_search,brand_search,,,0
507243,12-03-2025,paid_social,retargeting,,,0
507244,12-03-2025,paid_social,retargeting,,,0
507245,12-03-2025,organic,,,,0
507246,12-03-2025,paid_social,prospecting_video,,,0
507247,12-03-2025,display,display_network,,,0
507248,12-03-2025,paid_social,prospecting_video,,,0
507249,12-03-2025,paid_social,retargeting,16-03-2025,monthly,29.97
507250,12-03-2025,referral,,16-03-2025,monthly,19.98
507251,12-03-2025,paid_search,brand_search,,,0
507252,12-03-2025,paid_social,prospecting_video,,,0
507253,12-03-2025,paid_search,brand_search,,,0
507254,12-03-2025,organic,,,,0
507255,12-03-2025,paid_search,brand_search,,,0
507256,12-03-2025,paid_social,retargeting,,,0
507257,12-03-2025,paid_social,prospecting_video,,,0
507258,12-03-2025,paid_social,prospecting_video,,,0
507259,12-03-2025,organic,,,,0
507260,12-03-2025,paid_social,prospecting_video,,,0
507261,12-03-2025,paid_social,retargeting,13-03-2025,monthly,29.97
507262,12-03-2025,organic,,,,0
507263,12-03-2025,paid_search,generic_search,,,0
507264,12-03-2025,paid_social,retargeting,17-03-2025,monthly,19.98
507265,12-03-2025,organic,,,,0
507266,12-03-2025,paid_search,brand_search,12-03-2025,monthly,29.97
507267,12-03-2025,paid_search,brand_search,,,0
507268,12-03-2025,organic,,,,0
507269,12-03-2025,paid_search,brand_search,17-03-2025,monthly,29.97
507270,12-03-2025,paid_search,generic_search,,,0
507271,12-03-2025,organic,,15-03-2025,monthly,19.98
507272,12-03-2025,organic,,,,0
507273,12-03-2025,paid_search,brand_search,,,0
507274,12-03-2025,paid_search,brand_search,,,0
507275,12-03-2025,paid_search,generic_search,,,0
507276,12-03-2025,paid_social,retargeting,20-03-2025,monthly,29.97
507277,12-03-2025,paid_social,prospecting_video,,,0
507278,12-03-2025,referral,,,,0
507279,12-03-2025,paid_social,prospecting_video,,,0
507280,12-03-2025,organic,,,,0
507281,12-03-2025,paid_social,prospecting_video,,,0
507282,12-03-2025,paid_social,retargeting,,,0
507283,12-03-2025,paid_search,brand_search,,,0
507284,12-03-2025,referral,,12-03-2025,annual,79.99
507285,12-03-2025,paid_social,prospecting_video,,,0
507286,12-03-2025,paid_search,generic_search,24-03-2025,annual,79.99
507287,12-03-2025,paid_social,prospecting_video,,,0
507288,12-03-2025,organic,,16-03-2025,monthly,29.97
507289,12-03-2025,paid_social,retargeting,,,0
507290,12-03-2025,paid_search,generic_search,,,0
507291,12-03-2025,paid_social,prospecting_video,,,0
507292,12-03-2025,paid_social,retargeting,,,0
507293,12-03-2025,paid_social,prospecting_video,,,0
507294,12-03-2025,paid_social,prospecting_video,,,0
507295,12-03-2025,paid_social,retargeting,,,0
507296,12-03-2025,referral,,22-03-2025,monthly,29.97
507297,12-03-2025,paid_social,prospecting_video,,,0
507298,12-03-2025,paid_search,generic_search,,,0
507299,12-03-2025,organic,,17-03-2025,annual,79.99
507300,12-03-2025,organic,,,,0
507301,12-03-2025,affiliate,finance_blogs,,,0
507302,12-03-2025,paid_social,retargeting,,,0
507303,12-03-2025,paid_social,prospecting_video,,,0
507304,12-03-2025,paid_search,generic_search,,,0
507305,12-03-2025,display,display_network,,,0
507306,12-03-2025,paid_search,generic_search,,,0
507307,12-03-2025,paid_social,prospecting_video,,,0
507308,12-03-2025,paid_search,brand_search,,,0
507309,12-03-2025,organic,,,,0
507310,12-03-2025,organic,,12-03-2025,annual,79.99
507311,12-03-2025,paid_search,brand_search,,,0
507312,12-03-2025,affiliate,finance_blogs,,,0
507313,13-03-2025,organic,,19-03-2025,monthly,29.97
507314,13-03-2025,referral,,,,0
507315,13-03-2025,paid_social,prospecting_video,,,0
507316,13-03-2025,paid_search,brand_search,,,0
507317,13-03-2025,paid_search,generic_search,15-03-2025,monthly,29.97
507318,13-03-2025,paid_social,prospecting_video,,,0
507319,13-03-2025,paid_social,prospecting_video,,,0
507320,13-03-2025,organic,,,,0
507321,13-03-2025,organic,,15-03-2025,monthly,29.97
507322,13-03-2025,organic,,,,0
507323,13-03-2025,organic,,,,0
507324,13-03-2025,paid_search,brand_search,14-03-2025,monthly,29.97
507325,13-03-2025,paid_social,retargeting,15-03-2025,monthly,29.97
507326,13-03-2025,organic,,,,0
507327,13-03-2025,paid_social,retargeting,,,0
507328,13-03-2025,paid_search,brand_search,,,0
507329,13-03-2025,affiliate,finance_blogs,,,0
507330,13-03-2025,paid_social,retargeting,,,0
507331,13-03-2025,paid_social,prospecting_video,,,0
507332,13-03-2025,paid_social,retargeting,,,0
507333,13-03-2025,paid_social,prospecting_video,,,0
507334,13-03-2025,referral,,,,0
507335,13-03-2025,paid_social,prospecting_video,,,0
507336,13-03-2025,paid_social,prospecting_video,,,0
507337,13-03-2025,paid_search,generic_search,15-03-2025,monthly,19.98
507338,13-03-2025,paid_social,prospecting_video,,,0
507339,13-03-2025,paid_search,brand_search,,,0
507340,13-03-2025,paid_social,retargeting,,,0
507341,13-03-2025,organic,,,,0
507342,13-03-2025,paid_social,retargeting,,,0
507343,13-03-2025,paid_search,brand_search,,,0
507344,13-03-2025,paid_social,prospecting_video,,,0
507345,13-03-2025,organic,,,,0
507346,13-03-2025,affiliate,finance_blogs,,,0
507347,13-03-2025,paid_search,brand_search,,,0
507348,13-03-2025,referral,,,,0
507349,13-03-2025,paid_social,prospecting_video,,,0
507350,13-03-2025,paid_social,prospecting_video,,,0
507351,13-03-2025,paid_social,prospecting_video,,,0
507352,13-03-2025,paid_search,generic_search,,,0
507353,13-03-2025,affiliate,finance_blogs,,,0
507354,13-03-2025,paid_search,brand_search,,,0
507355,13-03-2025,paid_search,brand_search,,,0
507356,13-03-2025,paid_search,generic_search,,,0
507357,13-03-2025,organic,,,,0
507358,13-03-2025,referral,,,,0
507359,13-03-2025,paid_search,brand_search,22-03-2025,monthly,29.97
507360,13-03-2025,paid_search,generic_search,,,0
507361,13-03-2025,organic,,,,0
507362,13-03-2025,organic,,,,0
507363,13-03-2025,paid_search,generic_search,,,0
507364,13-03-2025,paid_social,prospecting_video,,,0
507365,13-03-2025,paid_search,brand_search,13-03-2025,monthly,29.97
507366,13-03-2025,paid_social,prospecting_video,,,0
507367,13-03-2025,paid_social,retargeting,,,0
507368,13-03-2025,paid_search,generic_search,,,0
507369,13-03-2025,affiliate,finance_blogs,,,0
507370,13-03-2025,paid_search,brand_search,,,0
507371,13-03-2025,paid_social,prospecting_video,,,0
507372,13-03-2025,paid_social,retargeting,,,0
507373,13-03-2025,organic,,19-03-2025,monthly,29.97
507374,13-03-2025,organic,,,,0
507375,13-03-2025,organic,,,,0
507376,13-03-2025,paid_search,generic_search,23-03-2025,monthly,29.97
507377,13-03-2025,paid_search,generic_search,13-03-2025,annual,79.99
507378,13-03-2025,paid_social,prospecting_video,,,0
507379,13-03-2025,paid_social,prospecting_video,,,0
507380,13-03-2025,organic,,,,0
507381,13-03-2025,paid_social,retargeting,,,0
507382,13-03-2025,organic,,,,0
507383,13-03-2025,paid_social,retargeting,18-03-2025,monthly,29.97
507384,13-03-2025,paid_social,prospecting_video,,,0
507385,13-03-2025,paid_social,prospecting_video,,,0
507386,13-03-2025,paid_social,retargeting,,,0
507387,13-03-2025,paid_social,prospecting_video,,,0
507388,13-03-2025,paid_search,brand_search,,,0
507389,13-03-2025,paid_social,prospecting_video,,,0
507390,13-03-2025,affiliate,finance_blogs,,,0
507391,13-03-2025,organic,,,,0
507392,13-03-2025,paid_social,prospecting_video,,,0
507393,13-03-2025,organic,,,,0
507394,13-03-2025,organic,,,,0
507395,13-03-2025,paid_social,retargeting,24-03-2025,monthly,29.97
507396,13-03-2025,paid_search,generic_search,,,0
507397,13-03-2025,referral,,16-03-2025,monthly,29.97
507398,13-03-2025,paid_search,generic_search,,,0
507399,13-03-2025,paid_search,brand_search,,,0
507400,13-03-2025,organic,,,,0
507401,13-03-2025,paid_social,retargeting,,,0
507402,13-03-2025,paid_social,prospecting_video,,,0
507403,13-03-2025,paid_social,prospecting_video,,,0
507404,13-03-2025,organic,,,,0
507405,13-03-2025,organic,,,,0
507406,13-03-2025,paid_search,generic_search,,,0
507407,13-03-2025,paid_social,prospecting_video,,,0
507408,13-03-2025,organic,,19-03-2025,monthly,19.98
507409,13-03-2025,organic,,,,0
507410,13-03-2025,paid_search,brand_search,,,0
507411,13-03-2025,paid_social,prospecting_video,,,0
507412,13-03-2025,paid_search,brand_search,,,0
507413,13-03-2025,organic,,,,0
507414,13-03-2025,paid_search,brand_search,,,0
507415,13-03-2025,referral,,,,0
507416,13-03-2025,paid_search,generic_search,,,0
507417,13-03-2025,paid_social,prospecting_video,,,0
507418,13-03-2025,affiliate,finance_blogs,17-03-2025,monthly,29.97
507419,13-03-2025,paid_social,prospecting_video,,,0
507420,13-03-2025,paid_social,prospecting_video,,,0
507421,13-03-2025,organic,,,,0
507422,13-03-2025,paid_social,prospecting_video,,,0
507423,13-03-2025,paid_social,retargeting,,,0
507424,13-03-2025,paid_social,prospecting_video,,,0
507425,14-03-2025,paid_social,prospecting_video,,,0
507426,14-03-2025,paid_search,brand_search,,,0
507427,14-03-2025,paid_social,prospecting_video,,,0
507428,14-03-2025,organic,,,,0
507429,14-03-2025,paid_social,prospecting_video,,,0
507430,14-03-2025,paid_social,prospecting_video,,,0
507431,14-03-2025,paid_social,prospecting_video,,,0
507432,14-03-2025,organic,,,,0
507433,14-03-2025,paid_search,brand_search,,,0
507434,14-03-2025,paid_social,retargeting,16-03-2025,monthly,19.98
507435,14-03-2025,paid_social,retargeting,14-03-2025,annual,79.99
507436,14-03-2025,referral,,17-03-2025,annual,79.99
507437,14-03-2025,organic,,15-03-2025,monthly,29.97
507438,14-03-2025,paid_social,prospecting_video,,,0
507439,14-03-2025,paid_social,prospecting_video,,,0
507440,14-03-2025,affiliate,finance_blogs,,,0
507441,14-03-2025,paid_social,prospecting_video,,,0
507442,14-03-2025,paid_social,retargeting,,,0
507443,14-03-2025,paid_social,prospecting_video,,,0
507444,14-03-2025,paid_search,generic_search,,,0
507445,14-03-2025,paid_social,prospecting_video,,,0
507446,14-03-2025,paid_social,retargeting,,,0
507447,14-03-2025,paid_social,prospecting_video,,,0
507448,14-03-2025,referral,,21-03-2025,monthly,29.97
507449,14-03-2025,affiliate,finance_blogs,,,0
507450,14-03-2025,paid_social,prospecting_video,,,0
507451,14-03-2025,paid_search,brand_search,,,0
507452,14-03-2025,affiliate,finance_blogs,,,0
507453,14-03-2025,affiliate,finance_blogs,18-03-2025,monthly,29.97
507454,14-03-2025,affiliate,finance_blogs,,,0
507455,14-03-2025,paid_social,retargeting,,,0
507456,14-03-2025,paid_search,brand_search,,,0
507457,14-03-2025,paid_social,prospecting_video,,,0
507458,14-03-2025,paid_search,generic_search,,,0
507459,14-03-2025,paid_social,prospecting_video,,,0
507460,14-03-2025,paid_search,brand_search,,,0
507461,14-03-2025,paid_social,retargeting,,,0
507462,14-03-2025,paid_search,brand_search,,,0
507463,14-03-2025,organic,,,,0
507464,14-03-2025,affiliate,finance_blogs,14-03-2025,monthly,29.97
507465,14-03-2025,referral,,,,0
507466,14-03-2025,paid_social,prospecting_video,,,0
507467,14-03-2025,referral,,,,0
507468,14-03-2025,paid_search,brand_search,,,0
507469,14-03-2025,paid_search,generic_search,,,0
507470,14-03-2025,paid_social,prospecting_video,,,0
507471,14-03-2025,paid_social,prospecting_video,,,0
507472,14-03-2025,affiliate,finance_blogs,,,0
507473,14-03-2025,paid_social,prospecting_video,,,0
507474,14-03-2025,paid_social,prospecting_video,,,0
507475,14-03-2025,paid_social,prospecting_video,,,0
507476,14-03-2025,paid_social,prospecting_video,,,0
507477,14-03-2025,paid_search,brand_search,,,0
507478,14-03-2025,paid_social,prospecting_video,,,0
507479,14-03-2025,display,display_network,,,0
507480,14-03-2025,affiliate,finance_blogs,,,0
507481,14-03-2025,paid_social,prospecting_video,,,0
507482,14-03-2025,paid_social,prospecting_video,,,0
507483,14-03-2025,paid_social,prospecting_video,,,0
507484,14-03-2025,paid_social,prospecting_video,,,0
507485,14-03-2025,paid_social,prospecting_video,,,0
507486,14-03-2025,organic,,,,0
507487,14-03-2025,paid_social,prospecting_video,,,0
507488,14-03-2025,paid_search,brand_search,,,0
507489,14-03-2025,paid_social,retargeting,,,0
507490,14-03-2025,paid_social,prospecting_video,,,0
507491,14-03-2025,paid_social,prospecting_video,,,0
507492,14-03-2025,paid_search,brand_search,,,0
507493,14-03-2025,paid_social,prospecting_video,,,0
507494,14-03-2025,paid_social,prospecting_video,,,0
507495,14-03-2025,organic,,,,0
507496,14-03-2025,paid_social,prospecting_video,,,0
507497,14-03-2025,paid_social,retargeting,,,0
507498,14-03-2025,paid_social,prospecting_video,,,0
507499,14-03-2025,organic,,,,0
507500,14-03-2025,paid_social,prospecting_video,,,0
507501,14-03-2025,paid_social,prospecting_video,,,0
507502,14-03-2025,paid_social,prospecting_video,,,0
507503,14-03-2025,paid_social,prospecting_video,,,0
507504,14-03-2025,paid_social,prospecting_video,,,0
507505,14-03-2025,paid_social,prospecting_video,,,0
507506,14-03-2025,paid_social,prospecting_video,,,0
507507,14-03-2025,paid_social,retargeting,,,0
507508,14-03-2025,organic,,,,0
507509,14-03-2025,organic,,,,0
507510,14-03-2025,paid_social,retargeting,,,0
507511,14-03-2025,paid_social,prospecting_video,,,0
507512,14-03-2025,paid_social,prospecting_video,,,0
507513,14-03-2025,paid_social,prospecting_video,,,0
507514,14-03-2025,paid_social,prospecting_video,,,0
507515,14-03-2025,paid_social,prospecting_video,,,0
507516,14-03-2025,paid_search,generic_search,,,0
507517,14-03-2025,referral,,14-03-2025,monthly,29.97
507518,14-03-2025,paid_social,prospecting_video,,,0
507519,14-03-2025,paid_social,retargeting,,,0
507520,14-03-2025,organic,,,,0
507521,14-03-2025,paid_search,generic_search,,,0
507522,14-03-2025,referral,,18-03-2025,monthly,29.97
507523,14-03-2025,paid_social,prospecting_video,,,0
507524,14-03-2025,paid_search,brand_search,,,0
507525,14-03-2025,paid_social,prospecting_video,,,0
507526,14-03-2025,display,display_network,,,0
507527,14-03-2025,paid_social,prospecting_video,,,0
507528,14-03-2025,paid_social,prospecting_video,,,0
507529,14-03-2025,paid_social,prospecting_video,,,0
507530,14-03-2025,paid_search,brand_search,,,0
507531,14-03-2025,organic,,,,0
507532,14-03-2025,organic,,,,0
507533,14-03-2025,paid_social,prospecting_video,,,0
507534,14-03-2025,paid_social,prospecting_video,,,0
507535,14-03-2025,paid_social,prospecting_video,,,0
507536,14-03-2025,paid_social,retargeting,20-03-2025,monthly,9.99
507537,14-03-2025,paid_social,retargeting,,,0
507538,14-03-2025,paid_social,prospecting_video,,,0
507539,14-03-2025,organic,,,,0
507540,14-03-2025,paid_search,brand_search,,,0
507541,14-03-2025,organic,,,,0
507542,14-03-2025,paid_search,generic_search,,,0
507543,14-03-2025,paid_search,brand_search,,,0
507544,14-03-2025,paid_social,retargeting,,,0
507545,14-03-2025,paid_social,retargeting,,,0
507546,14-03-2025,paid_search,brand_search,,,0
507547,14-03-2025,paid_social,retargeting,,,0
507548,14-03-2025,paid_search,generic_search,,,0
507549,14-03-2025,paid_search,generic_search,,,0
507550,14-03-2025,paid_search,generic_search,,,0
507551,14-03-2025,paid_social,prospecting_video,,,0
507552,14-03-2025,paid_search,generic_search,,,0
507553,14-03-2025,paid_search,generic_search,,,0
507554,14-03-2025,paid_social,prospecting_video,,,0
507555,14-03-2025,paid_search,brand_search,,,0
507556,14-03-2025,paid_search,generic_search,,,0
507557,15-03-2025,paid_social,prospecting_video,,,0
507558,15-03-2025,paid_search,generic_search,,,0
507559,15-03-2025,paid_search,brand_search,,,0
507560,15-03-2025,paid_social,prospecting_video,,,0
507561,15-03-2025,organic,,,,0
507562,15-03-2025,paid_social,retargeting,,,0
507563,15-03-2025,paid_social,prospecting_video,,,0
507564,15-03-2025,paid_social,prospecting_video,,,0
507565,15-03-2025,paid_social,prospecting_video,,,0
507566,15-03-2025,paid_social,prospecting_video,,,0
507567,15-03-2025,paid_social,prospecting_video,,,0
507568,15-03-2025,paid_social,prospecting_video,,,0
507569,15-03-2025,paid_social,prospecting_video,,,0
507570,15-03-2025,paid_social,prospecting_video,,,0
507571,15-03-2025,organic,,,,0
507572,15-03-2025,organic,,,,0
507573,15-03-2025,paid_social,prospecting_video,,,0
507574,15-03-2025,paid_social,prospecting_video,,,0
507575,15-03-2025,organic,,,,0
507576,15-03-2025,referral,,15-03-2025,annual,79.99
507577,15-03-2025,paid_social,retargeting,,,0
507578,15-03-2025,referral,,,,0
507579,15-03-2025,display,display_network,,,0
507580,15-03-2025,paid_search,brand_search,,,0
507581,15-03-2025,paid_search,brand_search,,,0
507582,15-03-2025,paid_search,brand_search,,,0
507583,15-03-2025,paid_social,retargeting,20-03-2025,monthly,29.97
507584,15-03-2025,paid_search,brand_search,,,0
507585,15-03-2025,paid_search,generic_search,17-03-2025,monthly,29.97
507586,15-03-2025,paid_social,prospecting_video,,,0
507587,15-03-2025,paid_social,retargeting,,,0
507588,15-03-2025,paid_social,prospecting_video,,,0
507589,15-03-2025,paid_social,prospecting_video,17-03-2025,monthly,29.97
507590,15-03-2025,organic,,,,0
507591,15-03-2025,organic,,,,0
507592,15-03-2025,display,display_network,,,0
507593,15-03-2025,paid_search,brand_search,28-03-2025,monthly,29.97
507594,15-03-2025,organic,,,,0
507595,15-03-2025,display,display_network,,,0
507596,15-03-2025,paid_social,prospecting_video,,,0
507597,15-03-2025,organic,,,,0
507598,15-03-2025,paid_social,prospecting_video,,,0
507599,15-03-2025,paid_social,prospecting_video,,,0
507600,15-03-2025,paid_search,brand_search,17-03-2025,annual,79.99
507601,15-03-2025,referral,,,,0
507602,15-03-2025,paid_social,prospecting_video,,,0
507603,15-03-2025,paid_social,retargeting,,,0
507604,15-03-2025,paid_social,prospecting_video,,,0
507605,15-03-2025,paid_social,retargeting,,,0
507606,15-03-2025,organic,,,,0
507607,15-03-2025,paid_social,prospecting_video,,,0
507608,15-03-2025,organic,,,,0
507609,15-03-2025,paid_social,prospecting_video,,,0
507610,15-03-2025,paid_search,generic_search,,,0
507611,15-03-2025,paid_social,retargeting,,,0
507612,15-03-2025,paid_social,prospecting_video,,,0
507613,15-03-2025,paid_social,prospecting_video,,,0
507614,15-03-2025,organic,,,,0
507615,15-03-2025,paid_social,prospecting_video,,,0
507616,15-03-2025,paid_social,prospecting_video,,,0
507617,15-03-2025,paid_social,prospecting_video,,,0
507618,15-03-2025,paid_social,prospecting_video,,,0
507619,15-03-2025,paid_social,retargeting,17-03-2025,monthly,29.97
507620,15-03-2025,paid_social,retargeting,,,0
507621,15-03-2025,paid_social,retargeting,,,0
507622,15-03-2025,paid_search,brand_search,,,0
507623,15-03-2025,paid_social,prospecting_video,,,0
507624,15-03-2025,paid_social,prospecting_video,,,0
507625,15-03-2025,paid_social,prospecting_video,,,0
507626,15-03-2025,paid_search,brand_search,,,0
507627,15-03-2025,paid_search,generic_search,,,0
507628,15-03-2025,paid_search,brand_search,15-03-2025,monthly,19.98
507629,15-03-2025,paid_social,prospecting_video,,,0
507630,15-03-2025,organic,,,,0
507631,15-03-2025,referral,,,,0
507632,15-03-2025,organic,,,,0
507633,15-03-2025,affiliate,finance_blogs,,,0
507634,15-03-2025,paid_social,prospecting_video,,,0
507635,15-03-2025,organic,,21-03-2025,monthly,9.99
507636,15-03-2025,organic,,,,0
507637,15-03-2025,referral,,,,0
507638,15-03-2025,paid_social,retargeting,,,0
507639,15-03-2025,organic,,,,0
507640,15-03-2025,paid_search,brand_search,,,0
507641,15-03-2025,paid_search,generic_search,15-03-2025,monthly,9.99
507642,15-03-2025,organic,,,,0
507643,15-03-2025,paid_social,retargeting,,,0
507644,15-03-2025,organic,,,,0
507645,15-03-2025,paid_search,generic_search,,,0
507646,15-03-2025,paid_social,prospecting_video,,,0
507647,15-03-2025,paid_search,generic_search,15-03-2025,monthly,9.99
507648,15-03-2025,paid_social,prospecting_video,,,0
507649,15-03-2025,organic,,,,0
507650,15-03-2025,paid_search,generic_search,,,0
507651,15-03-2025,paid_search,generic_search,,,0
507652,15-03-2025,paid_social,prospecting_video,,,0
507653,15-03-2025,paid_social,prospecting_video,,,0
507654,15-03-2025,paid_social,prospecting_video,,,0
507655,15-03-2025,paid_social,prospecting_video,,,0
507656,15-03-2025,paid_social,prospecting_video,,,0
507657,15-03-2025,organic,,16-03-2025,annual,79.99
507658,15-03-2025,paid_social,retargeting,,,0
507659,15-03-2025,paid_search,generic_search,,,0
507660,15-03-2025,paid_social,prospecting_video,,,0
507661,15-03-2025,paid_search,generic_search,,,0
507662,15-03-2025,paid_social,retargeting,,,0
507663,15-03-2025,organic,,,,0
507664,15-03-2025,affiliate,finance_blogs,15-03-2025,monthly,29.97
507665,16-03-2025,organic,,,,0
507666,16-03-2025,paid_search,brand_search,,,0
507667,16-03-2025,organic,,,,0
507668,16-03-2025,paid_search,brand_search,,,0
507669,16-03-2025,organic,,,,0
507670,16-03-2025,referral,,,,0
507671,16-03-2025,referral,,,,0
507672,16-03-2025,organic,,,,0
507673,16-03-2025,paid_search,generic_search,,,0
507674,16-03-2025,paid_social,prospecting_video,,,0
507675,16-03-2025,paid_search,generic_search,,,0
507676,16-03-2025,organic,,16-03-2025,annual,79.99
507677,16-03-2025,paid_social,prospecting_video,,,0
507678,16-03-2025,organic,,,,0
507679,16-03-2025,paid_social,prospecting_video,,,0
507680,16-03-2025,paid_social,prospecting_video,,,0
507681,16-03-2025,paid_social,prospecting_video,,,0
507682,16-03-2025,organic,,,,0
507683,16-03-2025,organic,,,,0
507684,16-03-2025,display,display_network,,,0
507685,16-03-2025,paid_social,prospecting_video,,,0
507686,16-03-2025,paid_search,brand_search,18-03-2025,monthly,29.97
507687,16-03-2025,paid_social,prospecting_video,,,0
507688,16-03-2025,referral,,,,0
507689,16-03-2025,paid_search,generic_search,,,0
507690,16-03-2025,paid_social,prospecting_video,,,0
507691,16-03-2025,paid_social,prospecting_video,,,0
507692,16-03-2025,paid_social,retargeting,,,0
507693,16-03-2025,organic,,,,0
507694,16-03-2025,paid_social,prospecting_video,,,0
507695,16-03-2025,referral,,,,0
507696,16-03-2025,paid_social,prospecting_video,,,0
507697,16-03-2025,paid_social,prospecting_video,,,0
507698,16-03-2025,paid_social,prospecting_video,,,0
507699,16-03-2025,paid_social,prospecting_video,,,0
507700,16-03-2025,organic,,,,0
507701,16-03-2025,paid_social,prospecting_video,19-03-2025,monthly,19.98
507702,16-03-2025,paid_social,retargeting,,,0
507703,16-03-2025,paid_social,prospecting_video,,,0
507704,16-03-2025,paid_social,prospecting_video,,,0
507705,16-03-2025,referral,,,,0
507706,16-03-2025,display,display_network,,,0
507707,16-03-2025,paid_social,retargeting,,,0
507708,16-03-2025,organic,,,,0
507709,16-03-2025,paid_social,retargeting,,,0
507710,16-03-2025,paid_social,prospecting_video,,,0
507711,16-03-2025,paid_social,prospecting_video,,,0
507712,16-03-2025,organic,,,,0
507713,16-03-2025,paid_social,retargeting,,,0
507714,16-03-2025,paid_social,prospecting_video,,,0
507715,16-03-2025,paid_social,prospecting_video,,,0
507716,16-03-2025,paid_social,prospecting_video,,,0
507717,16-03-2025,paid_social,prospecting_video,,,0
507718,16-03-2025,paid_social,retargeting,,,0
507719,16-03-2025,paid_search,brand_search,,,0
507720,16-03-2025,paid_social,prospecting_video,,,0
507721,16-03-2025,paid_social,prospecting_video,,,0
507722,16-03-2025,paid_search,brand_search,,,0
507723,16-03-2025,paid_search,generic_search,,,0
507724,16-03-2025,paid_social,prospecting_video,,,0
507725,16-03-2025,organic,,,,0
507726,16-03-2025,organic,,,,0
507727,16-03-2025,referral,,,,0
507728,16-03-2025,paid_social,prospecting_video,,,0
507729,16-03-2025,paid_social,retargeting,20-03-2025,annual,79.99
507730,16-03-2025,organic,,,,0
507731,16-03-2025,organic,,,,0
507732,16-03-2025,paid_social,prospecting_video,,,0
507733,16-03-2025,organic,,,,0
507734,16-03-2025,paid_social,prospecting_video,,,0
507735,16-03-2025,organic,,,,0
507736,16-03-2025,paid_social,prospecting_video,,,0
507737,16-03-2025,paid_social,retargeting,,,0
507738,16-03-2025,affiliate,finance_blogs,,,0
507739,16-03-2025,paid_social,retargeting,,,0
507740,16-03-2025,organic,,,,0
507741,16-03-2025,referral,,,,0
507742,16-03-2025,paid_social,retargeting,,,0
507743,16-03-2025,paid_social,retargeting,,,0
507744,16-03-2025,paid_social,prospecting_video,,,0
507745,16-03-2025,paid_search,brand_search,18-03-2025,monthly,29.97
507746,16-03-2025,paid_social,retargeting,,,0
507747,16-03-2025,organic,,,,0
507748,16-03-2025,paid_social,prospecting_video,,,0
507749,16-03-2025,paid_search,brand_search,,,0
507750,16-03-2025,organic,,,,0
507751,16-03-2025,paid_search,generic_search,23-03-2025,monthly,29.97
507752,16-03-2025,paid_search,brand_search,16-03-2025,monthly,29.97
507753,16-03-2025,paid_search,generic_search,,,0
507754,16-03-2025,paid_social,retargeting,,,0
507755,16-03-2025,organic,,,,0
507756,16-03-2025,organic,,,,0
507757,16-03-2025,affiliate,finance_blogs,,,0
507758,16-03-2025,paid_social,prospecting_video,16-03-2025,monthly,29.97
507759,16-03-2025,paid_social,prospecting_video,,,0
507760,16-03-2025,organic,,,,0
507761,16-03-2025,organic,,,,0
507762,16-03-2025,paid_search,brand_search,,,0
507763,16-03-2025,paid_search,generic_search,24-03-2025,monthly,19.98
507764,16-03-2025,paid_search,generic_search,18-03-2025,annual,79.99
507765,16-03-2025,organic,,,,0
507766,17-03-2025,organic,,,,0
507767,17-03-2025,paid_social,retargeting,,,0
507768,17-03-2025,paid_search,generic_search,,,0
507769,17-03-2025,paid_search,brand_search,,,0
507770,17-03-2025,paid_search,generic_search,,,0
507771,17-03-2025,paid_social,prospecting_video,,,0
507772,17-03-2025,paid_search,brand_search,,,0
507773,17-03-2025,paid_search,generic_search,,,0
507774,17-03-2025,organic,,,,0
507775,17-03-2025,paid_social,retargeting,,,0
507776,17-03-2025,referral,,,,0
507777,17-03-2025,organic,,,,0
507778,17-03-2025,paid_search,generic_search,,,0
507779,17-03-2025,paid_search,brand_search,,,0
507780,17-03-2025,paid_search,brand_search,,,0
507781,17-03-2025,paid_social,retargeting,,,0
507782,17-03-2025,paid_social,prospecting_video,,,0
507783,17-03-2025,affiliate,finance_blogs,,,0
507784,17-03-2025,paid_search,generic_search,,,0
507785,17-03-2025,organic,,,,0
507786,17-03-2025,paid_social,prospecting_video,,,0
507787,17-03-2025,organic,,,,0
507788,17-03-2025,referral,,,,0
507789,17-03-2025,organic,,,,0
507790,17-03-2025,paid_search,brand_search,,,0
507791,17-03-2025,affiliate,finance_blogs,,,0
507792,17-03-2025,referral,,,,0
507793,17-03-2025,referral,,,,0
507794,17-03-2025,referral,,,,0
507795,17-03-2025,paid_social,prospecting_video,,,0
507796,17-03-2025,paid_social,retargeting,,,0
507797,17-03-2025,referral,,20-03-2025,annual,79.99
507798,17-03-2025,paid_search,generic_search,17-03-2025,monthly,19.98
507799,17-03-2025,paid_search,brand_search,17-03-2025,monthly,19.98
507800,17-03-2025,display,display_network,,,0
507801,17-03-2025,paid_social,retargeting,,,0
507802,17-03-2025,paid_social,prospecting_video,,,0
507803,17-03-2025,organic,,,,0
507804,17-03-2025,referral,,17-03-2025,annual,79.99
507805,17-03-2025,organic,,,,0
507806,17-03-2025,organic,,,,0
507807,17-03-2025,paid_social,prospecting_video,,,0
507808,17-03-2025,paid_social,retargeting,22-03-2025,monthly,29.97
507809,17-03-2025,paid_social,retargeting,,,0
507810,17-03-2025,organic,,,,0
507811,17-03-2025,paid_social,retargeting,,,0
507812,17-03-2025,paid_social,prospecting_video,,,0
507813,17-03-2025,paid_social,prospecting_video,,,0
507814,17-03-2025,referral,,,,0
507815,17-03-2025,paid_social,retargeting,23-03-2025,monthly,9.99
507816,17-03-2025,paid_search,brand_search,,,0
507817,17-03-2025,organic,,,,0
507818,17-03-2025,organic,,,,0
507819,17-03-2025,display,display_network,,,0
507820,17-03-2025,paid_search,generic_search,,,0
507821,17-03-2025,paid_social,prospecting_video,,,0
507822,17-03-2025,affiliate,finance_blogs,,,0
507823,17-03-2025,paid_social,retargeting,,,0
507824,17-03-2025,paid_social,retargeting,,,0
507825,17-03-2025,affiliate,finance_blogs,,,0
507826,17-03-2025,paid_search,brand_search,21-03-2025,annual,79.99
507827,17-03-2025,paid_search,generic_search,,,0
507828,17-03-2025,paid_social,prospecting_video,,,0
507829,17-03-2025,paid_search,brand_search,,,0
507830,17-03-2025,paid_social,retargeting,,,0
507831,17-03-2025,paid_social,prospecting_video,,,0
507832,17-03-2025,paid_social,prospecting_video,,,0
507833,17-03-2025,paid_social,prospecting_video,,,0
507834,17-03-2025,paid_social,prospecting_video,,,0
507835,17-03-2025,organic,,,,0
507836,17-03-2025,paid_social,retargeting,,,0
507837,17-03-2025,paid_social,prospecting_video,,,0
507838,17-03-2025,organic,,,,0
507839,17-03-2025,paid_social,retargeting,,,0
507840,17-03-2025,paid_social,prospecting_video,,,0
507841,17-03-2025,paid_social,prospecting_video,,,0
507842,17-03-2025,organic,,,,0
507843,17-03-2025,paid_search,brand_search,,,0
507844,17-03-2025,paid_social,prospecting_video,,,0
507845,17-03-2025,organic,,,,0
507846,17-03-2025,affiliate,finance_blogs,,,0
507847,17-03-2025,paid_search,generic_search,,,0
507848,17-03-2025,paid_search,brand_search,19-03-2025,annual,79.99
507849,17-03-2025,paid_social,prospecting_video,,,0
507850,17-03-2025,paid_search,brand_search,,,0
507851,17-03-2025,organic,,,,0
507852,17-03-2025,paid_social,prospecting_video,,,0
507853,17-03-2025,paid_social,prospecting_video,,,0
507854,17-03-2025,paid_search,generic_search,,,0
507855,17-03-2025,paid_social,retargeting,,,0
507856,17-03-2025,paid_search,generic_search,,,0
507857,17-03-2025,paid_social,prospecting_video,,,0
507858,17-03-2025,paid_social,prospecting_video,,,0
507859,17-03-2025,organic,,,,0
507860,17-03-2025,paid_social,prospecting_video,,,0
507861,17-03-2025,paid_social,prospecting_video,,,0
507862,17-03-2025,affiliate,finance_blogs,23-03-2025,monthly,29.97
507863,17-03-2025,paid_social,prospecting_video,,,0
507864,17-03-2025,paid_social,prospecting_video,,,0
507865,17-03-2025,paid_social,retargeting,,,0
507866,17-03-2025,organic,,,,0
507867,17-03-2025,affiliate,finance_blogs,,,0
507868,17-03-2025,display,display_network,,,0
507869,17-03-2025,paid_search,generic_search,20-03-2025,monthly,9.99
507870,17-03-2025,organic,,,,0
507871,17-03-2025,paid_social,prospecting_video,,,0
507872,17-03-2025,paid_search,generic_search,,,0
507873,17-03-2025,paid_social,retargeting,,,0
507874,17-03-2025,paid_social,retargeting,,,0
507875,17-03-2025,paid_social,prospecting_video,,,0
507876,17-03-2025,paid_social,prospecting_video,,,0
507877,17-03-2025,paid_search,brand_search,,,0
507878,18-03-2025,paid_search,brand_search,,,0
507879,18-03-2025,paid_search,generic_search,,,0
507880,18-03-2025,affiliate,finance_blogs,,,0
507881,18-03-2025,paid_social,prospecting_video,,,0
507882,18-03-2025,organic,,,,0
507883,18-03-2025,paid_search,generic_search,,,0
507884,18-03-2025,organic,,,,0
507885,18-03-2025,paid_social,retargeting,,,0
507886,18-03-2025,referral,,,,0
507887,18-03-2025,paid_social,prospecting_video,,,0
507888,18-03-2025,paid_social,prospecting_video,,,0
507889,18-03-2025,paid_search,brand_search,27-03-2025,monthly,29.97
507890,18-03-2025,paid_social,retargeting,,,0
507891,18-03-2025,paid_social,retargeting,,,0
507892,18-03-2025,organic,,,,0
507893,18-03-2025,paid_social,prospecting_video,,,0
507894,18-03-2025,paid_social,prospecting_video,,,0
507895,18-03-2025,paid_search,brand_search,,,0
507896,18-03-2025,referral,,21-03-2025,monthly,29.97
507897,18-03-2025,paid_search,brand_search,,,0
507898,18-03-2025,paid_search,brand_search,,,0
507899,18-03-2025,affiliate,finance_blogs,,,0
507900,18-03-2025,paid_search,brand_search,,,0
507901,18-03-2025,organic,,,,0
507902,18-03-2025,paid_search,generic_search,19-03-2025,annual,79.99
507903,18-03-2025,affiliate,finance_blogs,,,0
507904,18-03-2025,paid_social,prospecting_video,,,0
507905,18-03-2025,organic,,,,0
507906,18-03-2025,organic,,,,0
507907,18-03-2025,affiliate,finance_blogs,,,0
507908,18-03-2025,paid_search,generic_search,,,0
507909,18-03-2025,paid_search,brand_search,,,0
507910,18-03-2025,paid_search,brand_search,,,0
507911,18-03-2025,paid_search,brand_search,,,0
507912,18-03-2025,paid_social,prospecting_video,,,0
507913,18-03-2025,paid_social,prospecting_video,,,0
507914,18-03-2025,paid_search,generic_search,,,0
507915,18-03-2025,paid_social,prospecting_video,,,0
507916,18-03-2025,paid_social,prospecting_video,,,0
507917,18-03-2025,paid_social,prospecting_video,,,0
507918,18-03-2025,paid_search,generic_search,,,0
507919,18-03-2025,paid_social,prospecting_video,,,0
507920,18-03-2025,paid_search,generic_search,,,0
507921,18-03-2025,paid_social,prospecting_video,,,0
507922,18-03-2025,affiliate,finance_blogs,,,0
507923,18-03-2025,paid_social,prospecting_video,,,0
507924,18-03-2025,paid_social,prospecting_video,,,0
507925,18-03-2025,paid_search,brand_search,31-03-2025,monthly,19.98
507926,18-03-2025,paid_social,prospecting_video,,,0
507927,18-03-2025,paid_social,prospecting_video,,,0
507928,18-03-2025,referral,,,,0
507929,18-03-2025,paid_social,prospecting_video,,,0
507930,18-03-2025,paid_social,prospecting_video,,,0
507931,18-03-2025,paid_search,brand_search,,,0
507932,18-03-2025,paid_search,generic_search,20-03-2025,annual,79.99
507933,18-03-2025,display,display_network,,,0
507934,18-03-2025,paid_social,retargeting,,,0
507935,18-03-2025,affiliate,finance_blogs,,,0
507936,18-03-2025,paid_social,prospecting_video,,,0
507937,18-03-2025,paid_search,generic_search,,,0
507938,18-03-2025,paid_social,prospecting_video,,,0
507939,18-03-2025,paid_search,generic_search,,,0
507940,18-03-2025,paid_search,brand_search,,,0
507941,18-03-2025,paid_social,prospecting_video,,,0
507942,18-03-2025,display,display_network,,,0
507943,18-03-2025,paid_social,prospecting_video,20-03-2025,monthly,29.97
507944,18-03-2025,paid_search,brand_search,,,0
507945,18-03-2025,paid_search,brand_search,,,0
507946,18-03-2025,paid_social,prospecting_video,,,0
507947,18-03-2025,paid_social,retargeting,,,0
507948,18-03-2025,paid_search,brand_search,19-03-2025,monthly,19.98
507949,18-03-2025,paid_social,prospecting_video,,,0
507950,18-03-2025,paid_social,prospecting_video,,,0
507951,18-03-2025,paid_social,retargeting,,,0
507952,18-03-2025,paid_social,retargeting,,,0
507953,18-03-2025,paid_social,prospecting_video,,,0
507954,18-03-2025,paid_search,brand_search,,,0
507955,18-03-2025,paid_social,retargeting,,,0
507956,18-03-2025,organic,,,,0
507957,18-03-2025,paid_search,brand_search,,,0
507958,18-03-2025,paid_social,retargeting,,,0
507959,18-03-2025,paid_social,retargeting,19-03-2025,monthly,29.97
507960,18-03-2025,paid_social,prospecting_video,,,0
507961,18-03-2025,paid_social,retargeting,,,0
507962,18-03-2025,paid_search,brand_search,,,0
507963,18-03-2025,paid_social,prospecting_video,,,0
507964,18-03-2025,paid_social,prospecting_video,,,0
507965,18-03-2025,paid_search,generic_search,,,0
507966,18-03-2025,display,display_network,,,0
507967,18-03-2025,affiliate,finance_blogs,,,0
507968,18-03-2025,paid_social,prospecting_video,,,0
507969,18-03-2025,paid_search,brand_search,,,0
507970,18-03-2025,paid_social,retargeting,18-03-2025,monthly,19.98
507971,18-03-2025,paid_social,prospecting_video,,,0
507972,19-03-2025,paid_search,brand_search,21-03-2025,monthly,9.99
507973,19-03-2025,paid_search,brand_search,,,0
507974,19-03-2025,paid_search,brand_search,,,0
507975,19-03-2025,paid_social,prospecting_video,,,0
507976,19-03-2025,referral,,,,0
507977,19-03-2025,paid_social,prospecting_video,,,0
507978,19-03-2025,organic,,,,0
507979,19-03-2025,paid_social,prospecting_video,,,0
507980,19-03-2025,paid_social,retargeting,,,0
507981,19-03-2025,paid_search,brand_search,20-03-2025,annual,79.99
507982,19-03-2025,paid_social,prospecting_video,,,0
507983,19-03-2025,paid_social,prospecting_video,,,0
507984,19-03-2025,affiliate,finance_blogs,,,0
507985,19-03-2025,paid_social,prospecting_video,,,0
507986,19-03-2025,paid_search,brand_search,,,0
507987,19-03-2025,paid_social,prospecting_video,,,0
507988,19-03-2025,paid_social,prospecting_video,,,0
507989,19-03-2025,paid_search,generic_search,,,0
507990,19-03-2025,organic,,,,0
507991,19-03-2025,paid_social,retargeting,27-03-2025,monthly,29.97
507992,19-03-2025,paid_social,prospecting_video,,,0
507993,19-03-2025,paid_social,prospecting_video,,,0
507994,19-03-2025,paid_social,prospecting_video,,,0
507995,19-03-2025,paid_search,brand_search,,,0
507996,19-03-2025,referral,,20-03-2025,monthly,29.97
507997,19-03-2025,paid_social,retargeting,,,0
507998,19-03-2025,paid_social,prospecting_video,,,0
507999,19-03-2025,affiliate,finance_blogs,,,0
508000,19-03-2025,paid_search,generic_search,21-03-2025,monthly,29.97
508001,19-03-2025,paid_social,prospecting_video,,,0
508002,19-03-2025,organic,,,,0
508003,19-03-2025,paid_social,prospecting_video,,,0
508004,19-03-2025,organic,,,,0
508005,19-03-2025,paid_search,generic_search,,,0
508006,19-03-2025,paid_social,prospecting_video,,,0
508007,19-03-2025,paid_social,prospecting_video,,,0
508008,19-03-2025,paid_social,retargeting,,,0
508009,19-03-2025,referral,,,,0
508010,19-03-2025,paid_social,prospecting_video,,,0
508011,19-03-2025,organic,,,,0
508012,19-03-2025,paid_search,generic_search,,,0
508013,19-03-2025,organic,,,,0
508014,19-03-2025,paid_social,prospecting_video,,,0
508015,19-03-2025,paid_social,prospecting_video,,,0
508016,19-03-2025,paid_social,prospecting_video,,,0
508017,19-03-2025,paid_social,prospecting_video,23-03-2025,annual,79.99
508018,19-03-2025,paid_search,brand_search,19-03-2025,monthly,29.97
508019,19-03-2025,paid_social,retargeting,,,0
508020,19-03-2025,paid_search,brand_search,,,0
508021,19-03-2025,paid_social,prospecting_video,,,0
508022,19-03-2025,paid_social,prospecting_video,,,0
508023,19-03-2025,paid_search,brand_search,,,0
508024,19-03-2025,organic,,,,0
508025,19-03-2025,paid_social,retargeting,,,0
508026,19-03-2025,paid_social,prospecting_video,,,0
508027,19-03-2025,paid_social,prospecting_video,,,0
508028,19-03-2025,paid_social,prospecting_video,,,0
508029,19-03-2025,paid_social,prospecting_video,,,0
508030,19-03-2025,paid_social,retargeting,19-03-2025,monthly,19.98
508031,19-03-2025,paid_search,brand_search,,,0
508032,19-03-2025,paid_search,generic_search,,,0
508033,19-03-2025,referral,,29-03-2025,monthly,9.99
508034,19-03-2025,paid_social,retargeting,,,0
508035,19-03-2025,referral,,,,0
508036,19-03-2025,organic,,19-03-2025,monthly,9.99
508037,19-03-2025,organic,,,,0
508038,19-03-2025,paid_search,generic_search,,,0
508039,19-03-2025,paid_search,brand_search,,,0
508040,19-03-2025,paid_social,retargeting,21-03-2025,monthly,29.97
508041,19-03-2025,paid_search,generic_search,,,0
508042,19-03-2025,organic,,25-03-2025,monthly,29.97
508043,19-03-2025,paid_search,brand_search,23-03-2025,monthly,29.97
508044,19-03-2025,paid_social,prospecting_video,,,0
508045,19-03-2025,paid_social,retargeting,,,0
508046,19-03-2025,paid_social,prospecting_video,,,0
508047,19-03-2025,paid_social,prospecting_video,,,0
508048,19-03-2025,paid_social,prospecting_video,,,0
508049,19-03-2025,paid_social,prospecting_video,,,0
508050,19-03-2025,paid_social,prospecting_video,,,0
508051,19-03-2025,paid_search,brand_search,27-03-2025,monthly,29.97
508052,19-03-2025,paid_social,retargeting,22-03-2025,annual,79.99
508053,19-03-2025,paid_social,prospecting_video,,,0
508054,19-03-2025,paid_social,prospecting_video,,,0
508055,19-03-2025,display,display_network,,,0
508056,19-03-2025,paid_search,brand_search,,,0
508057,19-03-2025,paid_social,prospecting_video,,,0
508058,19-03-2025,paid_search,brand_search,21-03-2025,monthly,29.97
508059,19-03-2025,paid_search,generic_search,,,0
508060,19-03-2025,paid_social,prospecting_video,,,0
508061,19-03-2025,paid_search,generic_search,,,0
508062,19-03-2025,paid_social,prospecting_video,,,0
508063,19-03-2025,affiliate,finance_blogs,,,0
508064,19-03-2025,organic,,,,0
508065,19-03-2025,paid_social,prospecting_video,,,0
508066,19-03-2025,paid_social,prospecting_video,,,0
508067,19-03-2025,paid_social,retargeting,,,0
508068,19-03-2025,paid_social,prospecting_video,,,0
508069,19-03-2025,organic,,,,0
508070,19-03-2025,organic,,,,0
508071,19-03-2025,paid_social,retargeting,,,0
508072,19-03-2025,referral,,,,0
508073,19-03-2025,paid_social,prospecting_video,,,0
508074,19-03-2025,referral,,23-03-2025,monthly,19.98
508075,19-03-2025,paid_social,prospecting_video,,,0
508076,19-03-2025,paid_search,brand_search,,,0
508077,20-03-2025,organic,,,,0
508078,20-03-2025,paid_social,prospecting_video,,,0
508079,20-03-2025,paid_search,generic_search,,,0
508080,20-03-2025,affiliate,finance_blogs,20-03-2025,monthly,29.97
508081,20-03-2025,paid_social,prospecting_video,,,0
508082,20-03-2025,organic,,25-03-2025,monthly,29.97
508083,20-03-2025,paid_social,retargeting,27-03-2025,monthly,29.97
508084,20-03-2025,paid_social,prospecting_video,,,0
508085,20-03-2025,organic,,,,0
508086,20-03-2025,paid_social,prospecting_video,,,0
508087,20-03-2025,referral,,24-03-2025,annual,79.99
508088,20-03-2025,organic,,,,0
508089,20-03-2025,paid_search,generic_search,,,0
508090,20-03-2025,paid_search,brand_search,29-03-2025,annual,79.99
508091,20-03-2025,paid_search,brand_search,,,0
508092,20-03-2025,referral,,,,0
508093,20-03-2025,paid_search,generic_search,,,0
508094,20-03-2025,paid_search,generic_search,,,0
508095,20-03-2025,paid_search,brand_search,,,0
508096,20-03-2025,paid_social,retargeting,,,0
508097,20-03-2025,paid_social,retargeting,,,0
508098,20-03-2025,organic,,,,0
508099,20-03-2025,organic,,,,0
508100,20-03-2025,paid_social,prospecting_video,,,0
508101,20-03-2025,paid_social,prospecting_video,,,0
508102,20-03-2025,paid_social,prospecting_video,,,0
508103,20-03-2025,paid_search,generic_search,,,0
508104,20-03-2025,paid_social,prospecting_video,20-03-2025,monthly,29.97
508105,20-03-2025,paid_search,brand_search,,,0
508106,20-03-2025,organic,,,,0
508107,20-03-2025,paid_social,prospecting_video,,,0
508108,20-03-2025,organic,,,,0
508109,20-03-2025,paid_social,prospecting_video,,,0
508110,20-03-2025,paid_search,generic_search,,,0
508111,20-03-2025,paid_social,prospecting_video,,,0
508112,20-03-2025,organic,,,,0
508113,20-03-2025,paid_social,prospecting_video,,,0
508114,20-03-2025,paid_search,brand_search,21-03-2025,annual,79.99
508115,20-03-2025,paid_social,prospecting_video,,,0
508116,20-03-2025,paid_search,brand_search,,,0
508117,20-03-2025,organic,,,,0
508118,20-03-2025,paid_search,brand_search,,,0
508119,20-03-2025,paid_social,retargeting,,,0
508120,20-03-2025,organic,,,,0
508121,20-03-2025,organic,,,,0
508122,20-03-2025,paid_social,retargeting,,,0
508123,20-03-2025,paid_social,prospecting_video,,,0
508124,20-03-2025,paid_social,prospecting_video,,,0
508125,20-03-2025,paid_social,prospecting_video,,,0
508126,20-03-2025,referral,,,,0
508127,20-03-2025,paid_social,prospecting_video,23-03-2025,monthly,29.97
508128,20-03-2025,paid_social,prospecting_video,,,0
508129,20-03-2025,organic,,,,0
508130,20-03-2025,paid_search,generic_search,21-03-2025,monthly,29.97
508131,20-03-2025,paid_social,retargeting,,,0
508132,20-03-2025,paid_social,prospecting_video,,,0
508133,20-03-2025,paid_social,prospecting_video,,,0
508134,20-03-2025,paid_social,prospecting_video,,,0
508135,20-03-2025,paid_social,prospecting_video,,,0
508136,20-03-2025,paid_search,generic_search,,,0
508137,20-03-2025,referral,,,,0
508138,20-03-2025,organic,,,,0
508139,20-03-2025,paid_social,prospecting_video,,,0
508140,20-03-2025,paid_social,prospecting_video,,,0
508141,20-03-2025,paid_social,retargeting,,,0
508142,20-03-2025,paid_social,prospecting_video,,,0
508143,20-03-2025,organic,,,,0
508144,20-03-2025,paid_social,prospecting_video,,,0
508145,20-03-2025,organic,,,,0
508146,20-03-2025,paid_social,prospecting_video,,,0
508147,20-03-2025,paid_search,brand_search,,,0
508148,20-03-2025,paid_social,prospecting_video,,,0
508149,20-03-2025,display,display_network,,,0
508150,20-03-2025,paid_social,prospecting_video,,,0
508151,20-03-2025,organic,,,,0
508152,20-03-2025,organic,,,,0
508153,20-03-2025,paid_social,retargeting,,,0
508154,20-03-2025,paid_search,brand_search,,,0
508155,20-03-2025,organic,,,,0
508156,20-03-2025,paid_social,prospecting_video,,,0
508157,20-03-2025,paid_social,prospecting_video,,,0
508158,20-03-2025,paid_social,prospecting_video,,,0
508159,20-03-2025,referral,,,,0
508160,20-03-2025,paid_social,prospecting_video,,,0
508161,20-03-2025,paid_social,prospecting_video,,,0
508162,20-03-2025,paid_social,prospecting_video,,,0
508163,20-03-2025,paid_social,prospecting_video,,,0
508164,20-03-2025,referral,,,,0
508165,20-03-2025,organic,,23-03-2025,monthly,29.97
508166,20-03-2025,organic,,,,0
508167,20-03-2025,paid_social,prospecting_video,,,0
508168,20-03-2025,organic,,,,0
508169,20-03-2025,referral,,,,0
508170,20-03-2025,paid_social,prospecting_video,,,0
508171,20-03-2025,paid_social,prospecting_video,,,0
508172,20-03-2025,paid_social,retargeting,,,0
508173,20-03-2025,paid_social,retargeting,,,0
508174,20-03-2025,organic,,02-04-2025,annual,79.99
508175,20-03-2025,paid_social,prospecting_video,,,0
508176,20-03-2025,paid_social,retargeting,,,0
508177,20-03-2025,paid_social,prospecting_video,,,0
508178,20-03-2025,paid_search,generic_search,,,0
508179,21-03-2025,referral,,,,0
508180,21-03-2025,paid_social,prospecting_video,,,0
508181,21-03-2025,paid_social,prospecting_video,,,0
508182,21-03-2025,organic,,,,0
508183,21-03-2025,paid_social,prospecting_video,,,0
508184,21-03-2025,paid_social,prospecting_video,,,0
508185,21-03-2025,paid_search,brand_search,,,0
508186,21-03-2025,paid_search,brand_search,,,0
508187,21-03-2025,paid_search,generic_search,23-03-2025,annual,79.99
508188,21-03-2025,paid_social,prospecting_video,,,0
508189,21-03-2025,paid_social,prospecting_video,,,0
508190,21-03-2025,organic,,,,0
508191,21-03-2025,paid_social,retargeting,,,0
508192,21-03-2025,paid_search,brand_search,,,0
508193,21-03-2025,paid_social,retargeting,,,0
508194,21-03-2025,paid_search,brand_search,,,0
508195,21-03-2025,paid_social,prospecting_video,,,0
508196,21-03-2025,paid_social,prospecting_video,,,0
508197,21-03-2025,paid_social,retargeting,,,0
508198,21-03-2025,referral,,,,0
508199,21-03-2025,referral,,,,0
508200,21-03-2025,paid_search,generic_search,,,0
508201,21-03-2025,referral,,,,0
508202,21-03-2025,paid_search,generic_search,,,0
508203,21-03-2025,organic,,,,0
508204,21-03-2025,paid_social,prospecting_video,,,0
508205,21-03-2025,referral,,,,0
508206,21-03-2025,organic,,,,0
508207,21-03-2025,paid_social,prospecting_video,23-03-2025,annual,79.99
508208,21-03-2025,paid_social,retargeting,,,0
508209,21-03-2025,paid_social,prospecting_video,,,0
508210,21-03-2025,paid_search,brand_search,22-03-2025,monthly,29.97
508211,21-03-2025,organic,,,,0
508212,21-03-2025,paid_social,prospecting_video,,,0
508213,21-03-2025,paid_search,generic_search,,,0
508214,21-03-2025,paid_search,brand_search,21-03-2025,annual,79.99
508215,21-03-2025,paid_social,retargeting,,,0
508216,21-03-2025,paid_search,generic_search,,,0
508217,21-03-2025,paid_search,generic_search,,,0
508218,21-03-2025,paid_social,prospecting_video,,,0
508219,21-03-2025,organic,,,,0
508220,21-03-2025,paid_social,prospecting_video,,,0
508221,21-03-2025,paid_social,retargeting,,,0
508222,21-03-2025,organic,,,,0
508223,21-03-2025,affiliate,finance_blogs,,,0
508224,21-03-2025,paid_social,prospecting_video,21-03-2025,monthly,29.97
508225,21-03-2025,organic,,,,0
508226,21-03-2025,paid_search,brand_search,,,0
508227,21-03-2025,display,display_network,,,0
508228,21-03-2025,paid_social,retargeting,,,0
508229,21-03-2025,paid_social,prospecting_video,,,0
508230,21-03-2025,paid_social,prospecting_video,,,0
508231,21-03-2025,paid_search,generic_search,,,0
508232,21-03-2025,organic,,,,0
508233,21-03-2025,paid_social,prospecting_video,,,0
508234,21-03-2025,affiliate,finance_blogs,,,0
508235,21-03-2025,paid_social,prospecting_video,,,0
508236,21-03-2025,paid_search,generic_search,,,0
508237,21-03-2025,paid_social,prospecting_video,,,0
508238,21-03-2025,paid_social,prospecting_video,,,0
508239,21-03-2025,affiliate,finance_blogs,,,0
508240,21-03-2025,affiliate,finance_blogs,,,0
508241,21-03-2025,paid_social,prospecting_video,,,0
508242,21-03-2025,referral,,,,0
508243,21-03-2025,paid_social,retargeting,,,0
508244,21-03-2025,paid_search,generic_search,,,0
508245,21-03-2025,paid_search,brand_search,,,0
508246,21-03-2025,paid_search,brand_search,,,0
508247,21-03-2025,paid_social,retargeting,,,0
508248,21-03-2025,paid_social,prospecting_video,,,0
508249,21-03-2025,organic,,,,0
508250,21-03-2025,referral,,,,0
508251,21-03-2025,paid_social,retargeting,,,0
508252,21-03-2025,paid_social,prospecting_video,,,0
508253,21-03-2025,paid_search,brand_search,,,0
508254,21-03-2025,paid_search,generic_search,,,0
508255,21-03-2025,organic,,,,0
508256,21-03-2025,paid_social,prospecting_video,,,0
508257,21-03-2025,paid_social,prospecting_video,,,0
508258,21-03-2025,paid_social,retargeting,,,0
508259,21-03-2025,organic,,,,0
508260,21-03-2025,paid_social,retargeting,22-03-2025,annual,79.99
508261,21-03-2025,paid_social,retargeting,,,0
508262,21-03-2025,paid_social,prospecting_video,,,0
508263,21-03-2025,paid_social,prospecting_video,,,0
508264,21-03-2025,paid_social,prospecting_video,,,0
508265,21-03-2025,paid_social,retargeting,,,0
508266,21-03-2025,paid_social,prospecting_video,,,0
508267,21-03-2025,organic,,,,0
508268,21-03-2025,paid_social,prospecting_video,,,0
508269,21-03-2025,paid_social,prospecting_video,,,0
508270,21-03-2025,organic,,,,0
508271,21-03-2025,paid_social,prospecting_video,,,0
508272,21-03-2025,paid_social,prospecting_video,,,0
508273,21-03-2025,paid_social,prospecting_video,,,0
508274,21-03-2025,paid_social,retargeting,,,0
508275,21-03-2025,organic,,,,0
508276,21-03-2025,paid_social,retargeting,,,0
508277,21-03-2025,paid_social,prospecting_video,,,0
508278,21-03-2025,paid_social,retargeting,21-03-2025,monthly,29.97
508279,21-03-2025,organic,,,,0
508280,21-03-2025,affiliate,finance_blogs,,,0
508281,21-03-2025,paid_search,brand_search,,,0
508282,21-03-2025,paid_social,retargeting,,,0
508283,21-03-2025,paid_social,prospecting_video,,,0
508284,21-03-2025,paid_social,prospecting_video,,,0
508285,21-03-2025,paid_social,prospecting_video,,,0
508286,21-03-2025,paid_social,retargeting,,,0
508287,21-03-2025,paid_social,retargeting,,,0
508288,21-03-2025,paid_social,prospecting_video,,,0
508289,21-03-2025,display,display_network,,,0
508290,21-03-2025,paid_search,brand_search,,,0
508291,21-03-2025,organic,,,,0
508292,21-03-2025,referral,,,,0
508293,21-03-2025,paid_search,generic_search,21-03-2025,monthly,29.97
508294,21-03-2025,paid_social,prospecting_video,,,0
508295,22-03-2025,paid_search,brand_search,22-03-2025,monthly,29.97
508296,22-03-2025,affiliate,finance_blogs,,,0
508297,22-03-2025,paid_social,prospecting_video,,,0
508298,22-03-2025,affiliate,finance_blogs,,,0
508299,22-03-2025,paid_social,prospecting_video,,,0
508300,22-03-2025,paid_social,prospecting_video,25-03-2025,monthly,29.97
508301,22-03-2025,paid_social,prospecting_video,,,0
508302,22-03-2025,paid_search,generic_search,25-03-2025,monthly,29.97
508303,22-03-2025,paid_social,prospecting_video,,,0
508304,22-03-2025,paid_social,prospecting_video,,,0
508305,22-03-2025,paid_search,generic_search,,,0
508306,22-03-2025,paid_social,prospecting_video,,,0
508307,22-03-2025,organic,,,,0
508308,22-03-2025,paid_social,prospecting_video,,,0
508309,22-03-2025,paid_search,generic_search,,,0
508310,22-03-2025,organic,,,,0
508311,22-03-2025,paid_social,prospecting_video,,,0
508312,22-03-2025,paid_search,generic_search,,,0
508313,22-03-2025,organic,,,,0
508314,22-03-2025,organic,,,,0
508315,22-03-2025,paid_social,prospecting_video,,,0
508316,22-03-2025,referral,,,,0
508317,22-03-2025,organic,,,,0
508318,22-03-2025,organic,,,,0
508319,22-03-2025,paid_social,retargeting,,,0
508320,22-03-2025,paid_social,prospecting_video,,,0
508321,22-03-2025,organic,,,,0
508322,22-03-2025,paid_social,prospecting_video,,,0
508323,22-03-2025,paid_social,prospecting_video,,,0
508324,22-03-2025,paid_search,brand_search,29-03-2025,monthly,29.97
508325,22-03-2025,organic,,,,0
508326,22-03-2025,paid_social,retargeting,,,0
508327,22-03-2025,referral,,,,0
508328,22-03-2025,paid_search,generic_search,,,0
508329,22-03-2025,paid_search,generic_search,,,0
508330,22-03-2025,paid_search,brand_search,,,0
508331,22-03-2025,paid_social,retargeting,,,0
508332,22-03-2025,organic,,,,0
508333,22-03-2025,paid_social,prospecting_video,,,0
508334,22-03-2025,paid_social,prospecting_video,,,0
508335,22-03-2025,paid_search,generic_search,,,0
508336,22-03-2025,paid_social,prospecting_video,,,0
508337,22-03-2025,referral,,,,0
508338,22-03-2025,paid_search,generic_search,,,0
508339,22-03-2025,paid_social,prospecting_video,,,0
508340,22-03-2025,organic,,,,0
508341,22-03-2025,affiliate,finance_blogs,,,0
508342,22-03-2025,paid_social,prospecting_video,,,0
508343,22-03-2025,paid_social,prospecting_video,,,0
508344,22-03-2025,paid_social,prospecting_video,,,0
508345,22-03-2025,organic,,23-03-2025,monthly,29.97
508346,22-03-2025,paid_search,generic_search,,,0
508347,22-03-2025,paid_search,brand_search,27-03-2025,annual,79.99
508348,22-03-2025,paid_social,prospecting_video,,,0
508349,22-03-2025,organic,,,,0
508350,22-03-2025,paid_social,prospecting_video,,,0
508351,22-03-2025,paid_social,prospecting_video,,,0
508352,22-03-2025,paid_search,generic_search,,,0
508353,22-03-2025,organic,,23-03-2025,annual,79.99
508354,22-03-2025,paid_social,prospecting_video,,,0
508355,22-03-2025,paid_social,prospecting_video,,,0
508356,22-03-2025,organic,,,,0
508357,22-03-2025,paid_social,prospecting_video,,,0
508358,22-03-2025,paid_social,prospecting_video,,,0
508359,22-03-2025,paid_social,retargeting,23-03-2025,monthly,19.98
508360,22-03-2025,paid_social,retargeting,,,0
508361,22-03-2025,referral,,,,0
508362,22-03-2025,paid_social,prospecting_video,,,0
508363,22-03-2025,organic,,,,0
508364,22-03-2025,organic,,23-03-2025,monthly,19.98
508365,22-03-2025,paid_search,brand_search,,,0
508366,22-03-2025,organic,,,,0
508367,22-03-2025,paid_search,brand_search,,,0
508368,22-03-2025,paid_search,generic_search,,,0
508369,22-03-2025,paid_social,prospecting_video,,,0
508370,22-03-2025,organic,,,,0
508371,22-03-2025,paid_social,retargeting,,,0
508372,22-03-2025,paid_social,prospecting_video,,,0
508373,22-03-2025,organic,,,,0
508374,22-03-2025,organic,,,,0
508375,22-03-2025,paid_social,prospecting_video,22-03-2025,monthly,29.97
508376,22-03-2025,referral,,,,0
508377,22-03-2025,paid_social,prospecting_video,,,0
508378,23-03-2025,organic,,,,0
508379,23-03-2025,paid_social,prospecting_video,,,0
508380,23-03-2025,paid_social,prospecting_video,,,0
508381,23-03-2025,paid_social,prospecting_video,,,0
508382,23-03-2025,paid_social,prospecting_video,,,0
508383,23-03-2025,paid_social,prospecting_video,,,0
508384,23-03-2025,paid_social,prospecting_video,,,0
508385,23-03-2025,paid_search,generic_search,,,0
508386,23-03-2025,paid_social,retargeting,29-03-2025,monthly,29.97
508387,23-03-2025,paid_search,brand_search,,,0
508388,23-03-2025,paid_search,generic_search,,,0
508389,23-03-2025,affiliate,finance_blogs,,,0
508390,23-03-2025,organic,,,,0
508391,23-03-2025,paid_social,prospecting_video,,,0
508392,23-03-2025,paid_social,prospecting_video,,,0
508393,23-03-2025,paid_social,prospecting_video,,,0
508394,23-03-2025,paid_search,generic_search,,,0
508395,23-03-2025,paid_social,prospecting_video,,,0
508396,23-03-2025,paid_search,brand_search,05-04-2025,monthly,9.99
508397,23-03-2025,paid_social,prospecting_video,,,0
508398,23-03-2025,paid_social,prospecting_video,,,0
508399,23-03-2025,paid_social,retargeting,23-03-2025,monthly,19.98
508400,23-03-2025,organic,,26-03-2025,monthly,19.98
508401,23-03-2025,paid_search,generic_search,,,0
508402,23-03-2025,organic,,,,0
508403,23-03-2025,organic,,,,0
508404,23-03-2025,organic,,,,0
508405,23-03-2025,paid_social,prospecting_video,,,0
508406,23-03-2025,organic,,,,0
508407,23-03-2025,affiliate,finance_blogs,,,0
508408,23-03-2025,paid_social,prospecting_video,,,0
508409,23-03-2025,referral,,,,0
508410,23-03-2025,paid_search,generic_search,,,0
508411,23-03-2025,affiliate,finance_blogs,,,0
508412,23-03-2025,paid_social,retargeting,,,0
508413,23-03-2025,organic,,,,0
508414,23-03-2025,referral,,25-03-2025,monthly,29.97
508415,23-03-2025,paid_social,prospecting_video,,,0
508416,23-03-2025,affiliate,finance_blogs,,,0
508417,23-03-2025,paid_social,prospecting_video,,,0
508418,23-03-2025,paid_social,prospecting_video,,,0
508419,23-03-2025,paid_search,generic_search,,,0
508420,23-03-2025,paid_social,prospecting_video,,,0
508421,23-03-2025,paid_social,prospecting_video,,,0
508422,23-03-2025,paid_social,prospecting_video,,,0
508423,23-03-2025,paid_search,generic_search,,,0
508424,23-03-2025,organic,,,,0
508425,23-03-2025,paid_social,prospecting_video,,,0
508426,23-03-2025,paid_social,retargeting,,,0
508427,23-03-2025,organic,,,,0
508428,23-03-2025,paid_search,brand_search,,,0
508429,23-03-2025,organic,,,,0
508430,23-03-2025,paid_social,retargeting,05-04-2025,monthly,29.97
508431,23-03-2025,paid_search,brand_search,,,0
508432,23-03-2025,paid_search,brand_search,,,0
508433,23-03-2025,paid_social,prospecting_video,,,0
508434,23-03-2025,paid_social,retargeting,,,0
508435,23-03-2025,referral,,,,0
508436,23-03-2025,paid_social,retargeting,,,0
508437,23-03-2025,display,display_network,,,0
508438,23-03-2025,paid_social,prospecting_video,,,0
508439,23-03-2025,paid_social,prospecting_video,,,0
508440,23-03-2025,paid_social,prospecting_video,,,0
508441,23-03-2025,paid_social,retargeting,29-03-2025,monthly,19.98
508442,23-03-2025,paid_search,generic_search,31-03-2025,monthly,19.98
508443,23-03-2025,organic,,,,0
508444,23-03-2025,paid_search,brand_search,,,0
508445,23-03-2025,organic,,,,0
508446,23-03-2025,paid_search,generic_search,,,0
508447,23-03-2025,paid_social,prospecting_video,,,0
508448,23-03-2025,organic,,,,0
508449,23-03-2025,paid_social,retargeting,,,0
508450,23-03-2025,paid_social,prospecting_video,,,0
508451,23-03-2025,paid_social,retargeting,26-03-2025,monthly,29.97
508452,23-03-2025,paid_social,prospecting_video,,,0
508453,23-03-2025,paid_social,prospecting_video,,,0
508454,23-03-2025,paid_search,brand_search,,,0
508455,23-03-2025,paid_search,brand_search,,,0
508456,23-03-2025,organic,,,,0
508457,23-03-2025,paid_social,retargeting,,,0
508458,23-03-2025,referral,,,,0
508459,23-03-2025,paid_social,retargeting,,,0
508460,23-03-2025,organic,,,,0
508461,23-03-2025,organic,,,,0
508462,23-03-2025,paid_social,prospecting_video,,,0
508463,23-03-2025,paid_social,retargeting,,,0
508464,23-03-2025,referral,,24-03-2025,annual,79.99
508465,23-03-2025,organic,,25-03-2025,annual,79.99
508466,23-03-2025,organic,,,,0
508467,23-03-2025,paid_social,retargeting,,,0
508468,23-03-2025,affiliate,finance_blogs,25-03-2025,monthly,19.98
508469,23-03-2025,paid_social,prospecting_video,,,0
508470,23-03-2025,paid_social,prospecting_video,,,0
508471,23-03-2025,paid_social,prospecting_video,,,0
508472,23-03-2025,referral,,,,0
508473,23-03-2025,paid_search,brand_search,,,0
508474,23-03-2025,paid_search,brand_search,,,0
508475,23-03-2025,paid_social,prospecting_video,,,0
508476,24-03-2025,paid_social,prospecting_video,,,0
508477,24-03-2025,referral,,,,0
508478,24-03-2025,organic,,,,0
508479,24-03-2025,paid_social,prospecting_video,,,0
508480,24-03-2025,affiliate,finance_blogs,26-03-2025,monthly,29.97
508481,24-03-2025,paid_social,prospecting_video,,,0
508482,24-03-2025,paid_search,brand_search,,,0
508483,24-03-2025,paid_search,generic_search,25-03-2025,monthly,29.97
508484,24-03-2025,organic,,,,0
508485,24-03-2025,paid_social,prospecting_video,,,0
508486,24-03-2025,referral,,25-03-2025,annual,79.99
508487,24-03-2025,referral,,24-03-2025,monthly,19.98
508488,24-03-2025,paid_social,prospecting_video,,,0
508489,24-03-2025,paid_social,prospecting_video,,,0
508490,24-03-2025,paid_social,prospecting_video,,,0
508491,24-03-2025,paid_social,retargeting,25-03-2025,monthly,29.97
508492,24-03-2025,paid_social,prospecting_video,,,0
508493,24-03-2025,referral,,27-03-2025,annual,79.99
508494,24-03-2025,paid_search,generic_search,,,0
508495,24-03-2025,organic,,,,0
508496,24-03-2025,affiliate,finance_blogs,,,0
508497,24-03-2025,display,display_network,,,0
508498,24-03-2025,paid_social,prospecting_video,,,0
508499,24-03-2025,paid_search,brand_search,,,0
508500,24-03-2025,paid_social,prospecting_video,,,0
508501,24-03-2025,referral,,,,0
508502,24-03-2025,organic,,,,0
508503,24-03-2025,paid_search,brand_search,,,0
508504,24-03-2025,paid_social,prospecting_video,,,0
508505,24-03-2025,paid_social,prospecting_video,,,0
508506,24-03-2025,paid_social,prospecting_video,,,0
508507,24-03-2025,paid_social,prospecting_video,,,0
508508,24-03-2025,paid_search,generic_search,,,0
508509,24-03-2025,paid_social,prospecting_video,,,0
508510,24-03-2025,paid_social,prospecting_video,,,0
508511,24-03-2025,paid_social,prospecting_video,,,0
508512,24-03-2025,paid_social,prospecting_video,,,0
508513,24-03-2025,paid_social,prospecting_video,,,0
508514,24-03-2025,referral,,,,0
508515,24-03-2025,paid_social,prospecting_video,,,0
508516,24-03-2025,organic,,,,0
508517,24-03-2025,organic,,,,0
508518,24-03-2025,paid_social,retargeting,,,0
508519,24-03-2025,organic,,,,0
508520,24-03-2025,paid_search,brand_search,,,0
508521,24-03-2025,display,display_network,,,0
508522,24-03-2025,paid_social,retargeting,,,0
508523,24-03-2025,paid_search,brand_search,,,0
508524,24-03-2025,paid_social,prospecting_video,,,0
508525,24-03-2025,paid_social,prospecting_video,,,0
508526,24-03-2025,organic,,,,0
508527,24-03-2025,paid_social,prospecting_video,,,0
508528,24-03-2025,organic,,,,0
508529,24-03-2025,paid_social,prospecting_video,,,0
508530,24-03-2025,paid_social,prospecting_video,,,0
508531,24-03-2025,paid_social,retargeting,,,0
508532,24-03-2025,paid_social,prospecting_video,,,0
508533,24-03-2025,paid_search,brand_search,,,0
508534,24-03-2025,paid_social,prospecting_video,,,0
508535,24-03-2025,paid_social,prospecting_video,,,0
508536,24-03-2025,paid_social,prospecting_video,,,0
508537,24-03-2025,paid_search,brand_search,,,0
508538,24-03-2025,paid_social,retargeting,,,0
508539,24-03-2025,organic,,,,0
508540,24-03-2025,organic,,,,0
508541,24-03-2025,paid_search,generic_search,,,0
508542,24-03-2025,paid_social,prospecting_video,,,0
508543,24-03-2025,organic,,,,0
508544,24-03-2025,paid_social,prospecting_video,,,0
508545,24-03-2025,paid_search,brand_search,02-04-2025,annual,79.99
508546,24-03-2025,organic,,,,0
508547,24-03-2025,paid_social,prospecting_video,,,0
508548,24-03-2025,organic,,,,0
508549,24-03-2025,paid_social,prospecting_video,,,0
508550,24-03-2025,organic,,,,0
508551,24-03-2025,paid_social,prospecting_video,,,0
508552,24-03-2025,referral,,,,0
508553,24-03-2025,paid_social,prospecting_video,,,0
508554,24-03-2025,paid_social,retargeting,24-03-2025,monthly,29.97
508555,24-03-2025,paid_social,prospecting_video,,,0
508556,24-03-2025,referral,,,,0
508557,24-03-2025,organic,,,,0
508558,24-03-2025,referral,,,,0
508559,24-03-2025,paid_search,brand_search,,,0
508560,24-03-2025,paid_social,retargeting,,,0
508561,24-03-2025,organic,,26-03-2025,monthly,29.97
508562,24-03-2025,referral,,,,0
508563,24-03-2025,paid_search,generic_search,,,0
508564,24-03-2025,paid_search,brand_search,,,0
508565,24-03-2025,paid_social,prospecting_video,,,0
508566,24-03-2025,paid_social,prospecting_video,,,0
508567,24-03-2025,paid_social,prospecting_video,,,0
508568,24-03-2025,paid_search,brand_search,,,0
508569,24-03-2025,paid_social,prospecting_video,,,0
508570,24-03-2025,organic,,,,0
508571,24-03-2025,organic,,,,0
508572,25-03-2025,organic,,,,0
508573,25-03-2025,paid_search,generic_search,26-03-2025,monthly,29.97
508574,25-03-2025,organic,,,,0
508575,25-03-2025,paid_social,prospecting_video,,,0
508576,25-03-2025,paid_social,retargeting,,,0
508577,25-03-2025,paid_social,prospecting_video,,,0
508578,25-03-2025,paid_search,brand_search,,,0
508579,25-03-2025,paid_social,prospecting_video,,,0
508580,25-03-2025,paid_social,retargeting,27-03-2025,annual,79.99
508581,25-03-2025,paid_social,prospecting_video,,,0
508582,25-03-2025,paid_social,retargeting,,,0
508583,25-03-2025,paid_search,generic_search,26-03-2025,monthly,29.97
508584,25-03-2025,paid_social,prospecting_video,,,0
508585,25-03-2025,paid_social,prospecting_video,25-03-2025,monthly,29.97
508586,25-03-2025,affiliate,finance_blogs,,,0
508587,25-03-2025,paid_social,prospecting_video,,,0
508588,25-03-2025,paid_social,retargeting,,,0
508589,25-03-2025,paid_social,prospecting_video,,,0
508590,25-03-2025,paid_social,prospecting_video,,,0
508591,25-03-2025,organic,,,,0
508592,25-03-2025,paid_search,brand_search,,,0
508593,25-03-2025,paid_social,prospecting_video,,,0
508594,25-03-2025,paid_social,prospecting_video,,,0
508595,25-03-2025,paid_social,prospecting_video,,,0
508596,25-03-2025,paid_search,brand_search,,,0
508597,25-03-2025,paid_social,prospecting_video,,,0
508598,25-03-2025,paid_social,prospecting_video,,,0
508599,25-03-2025,paid_search,generic_search,,,0
508600,25-03-2025,paid_search,generic_search,28-03-2025,monthly,29.97
508601,25-03-2025,paid_social,prospecting_video,,,0
508602,25-03-2025,paid_social,prospecting_video,,,0
508603,25-03-2025,paid_social,prospecting_video,,,0
508604,25-03-2025,paid_search,generic_search,,,0
508605,25-03-2025,paid_social,prospecting_video,,,0
508606,25-03-2025,organic,,,,0
508607,25-03-2025,organic,,,,0
508608,25-03-2025,organic,,,,0
508609,25-03-2025,organic,,,,0
508610,25-03-2025,organic,,,,0
508611,25-03-2025,paid_social,prospecting_video,,,0
508612,25-03-2025,referral,,,,0
508613,25-03-2025,affiliate,finance_blogs,,,0
508614,25-03-2025,paid_social,prospecting_video,,,0
508615,25-03-2025,paid_social,retargeting,,,0
508616,25-03-2025,referral,,,,0
508617,25-03-2025,paid_social,prospecting_video,,,0
508618,25-03-2025,paid_social,prospecting_video,,,0
508619,25-03-2025,paid_social,retargeting,,,0
508620,25-03-2025,paid_social,retargeting,,,0
508621,25-03-2025,paid_social,prospecting_video,,,0
508622,25-03-2025,paid_social,prospecting_video,,,0
508623,25-03-2025,paid_social,prospecting_video,,,0
508624,25-03-2025,paid_social,prospecting_video,,,0
508625,25-03-2025,paid_search,generic_search,,,0
508626,25-03-2025,paid_search,brand_search,26-03-2025,annual,79.99
508627,25-03-2025,paid_search,brand_search,,,0
508628,25-03-2025,organic,,,,0
508629,25-03-2025,referral,,,,0
508630,25-03-2025,paid_search,generic_search,26-03-2025,annual,79.99
508631,25-03-2025,paid_social,retargeting,,,0
508632,25-03-2025,paid_search,brand_search,,,0
508633,25-03-2025,paid_search,generic_search,28-03-2025,monthly,29.97
508634,25-03-2025,organic,,,,0
508635,25-03-2025,paid_social,prospecting_video,,,0
508636,25-03-2025,paid_search,generic_search,28-03-2025,monthly,29.97
508637,25-03-2025,paid_social,retargeting,,,0
508638,25-03-2025,paid_social,prospecting_video,,,0
508639,25-03-2025,paid_search,brand_search,,,0
508640,25-03-2025,paid_social,prospecting_video,,,0
508641,25-03-2025,paid_social,prospecting_video,27-03-2025,annual,79.99
508642,25-03-2025,organic,,,,0
508643,25-03-2025,display,display_network,,,0
508644,25-03-2025,paid_search,brand_search,,,0
508645,25-03-2025,paid_search,generic_search,26-03-2025,annual,79.99
508646,25-03-2025,paid_social,prospecting_video,,,0
508647,25-03-2025,paid_search,generic_search,,,0
508648,25-03-2025,paid_social,retargeting,,,0
508649,25-03-2025,paid_search,brand_search,,,0
508650,25-03-2025,affiliate,finance_blogs,,,0
508651,25-03-2025,referral,,,,0
508652,25-03-2025,paid_social,prospecting_video,,,0
508653,25-03-2025,paid_search,brand_search,,,0
508654,25-03-2025,paid_social,retargeting,25-03-2025,monthly,19.98
508655,25-03-2025,paid_social,prospecting_video,,,0
508656,25-03-2025,paid_search,brand_search,,,0
508657,25-03-2025,paid_social,retargeting,,,0
508658,25-03-2025,paid_social,prospecting_video,,,0
508659,25-03-2025,referral,,,,0
508660,25-03-2025,paid_search,brand_search,,,0
508661,25-03-2025,paid_social,prospecting_video,,,0
508662,25-03-2025,affiliate,finance_blogs,,,0
508663,25-03-2025,paid_social,retargeting,30-03-2025,monthly,29.97
508664,25-03-2025,paid_social,retargeting,,,0
508665,25-03-2025,paid_social,prospecting_video,,,0
508666,25-03-2025,affiliate,finance_blogs,,,0
508667,25-03-2025,paid_social,prospecting_video,,,0
508668,25-03-2025,paid_search,brand_search,,,0
508669,25-03-2025,paid_social,prospecting_video,,,0
508670,25-03-2025,paid_social,prospecting_video,,,0
508671,25-03-2025,paid_social,prospecting_video,,,0
508672,25-03-2025,organic,,,,0
508673,25-03-2025,paid_social,retargeting,,,0
508674,25-03-2025,paid_social,prospecting_video,,,0
508675,25-03-2025,paid_social,retargeting,,,0
508676,25-03-2025,paid_search,brand_search,31-03-2025,annual,79.99
508677,25-03-2025,referral,,,,0
508678,25-03-2025,paid_social,prospecting_video,,,0
508679,25-03-2025,paid_social,retargeting,,,0
508680,25-03-2025,referral,,,,0
508681,25-03-2025,paid_social,prospecting_video,,,0
508682,25-03-2025,organic,,,,0
508683,25-03-2025,paid_social,prospecting_video,,,0
508684,25-03-2025,paid_search,brand_search,25-03-2025,annual,79.99
508685,25-03-2025,paid_social,prospecting_video,,,0
508686,25-03-2025,paid_search,generic_search,,,0
508687,25-03-2025,paid_social,prospecting_video,,,0
508688,25-03-2025,organic,,,,0
508689,25-03-2025,paid_search,brand_search,,,0
508690,25-03-2025,paid_search,brand_search,,,0
508691,25-03-2025,paid_social,prospecting_video,,,0
508692,26-03-2025,affiliate,finance_blogs,,,0
508693,26-03-2025,organic,,,,0
508694,26-03-2025,paid_search,generic_search,26-03-2025,monthly,29.97
508695,26-03-2025,paid_social,prospecting_video,,,0
508696,26-03-2025,paid_social,prospecting_video,,,0
508697,26-03-2025,paid_social,prospecting_video,,,0
508698,26-03-2025,paid_search,generic_search,,,0
508699,26-03-2025,paid_social,prospecting_video,26-03-2025,monthly,9.99
508700,26-03-2025,organic,,,,0
508701,26-03-2025,paid_social,retargeting,,,0
508702,26-03-2025,paid_social,prospecting_video,,,0
508703,26-03-2025,organic,,28-03-2025,annual,79.99
508704,26-03-2025,referral,,,,0
508705,26-03-2025,paid_social,prospecting_video,,,0
508706,26-03-2025,paid_search,generic_search,,,0
508707,26-03-2025,paid_social,retargeting,,,0
508708,26-03-2025,paid_search,generic_search,,,0
508709,26-03-2025,paid_social,prospecting_video,,,0
508710,26-03-2025,paid_search,brand_search,,,0
508711,26-03-2025,paid_social,prospecting_video,,,0
508712,26-03-2025,paid_search,brand_search,,,0
508713,26-03-2025,organic,,,,0
508714,26-03-2025,paid_search,brand_search,,,0
508715,26-03-2025,organic,,,,0
508716,26-03-2025,paid_search,brand_search,,,0
508717,26-03-2025,paid_social,retargeting,,,0
508718,26-03-2025,organic,,30-03-2025,monthly,29.97
508719,26-03-2025,affiliate,finance_blogs,,,0
508720,26-03-2025,paid_social,prospecting_video,,,0
508721,26-03-2025,paid_search,brand_search,,,0
508722,26-03-2025,organic,,,,0
508723,26-03-2025,paid_search,generic_search,,,0
508724,26-03-2025,paid_social,prospecting_video,,,0
508725,26-03-2025,paid_social,prospecting_video,,,0
508726,26-03-2025,organic,,,,0
508727,26-03-2025,organic,,,,0
508728,26-03-2025,paid_search,generic_search,29-03-2025,annual,79.99
508729,26-03-2025,organic,,,,0
508730,26-03-2025,paid_social,prospecting_video,,,0
508731,26-03-2025,organic,,,,0
508732,26-03-2025,paid_social,prospecting_video,,,0
508733,26-03-2025,paid_search,generic_search,,,0
508734,26-03-2025,organic,,,,0
508735,26-03-2025,organic,,,,0
508736,26-03-2025,paid_search,brand_search,,,0
508737,26-03-2025,paid_social,prospecting_video,,,0
508738,26-03-2025,affiliate,finance_blogs,27-03-2025,monthly,29.97
508739,26-03-2025,paid_social,retargeting,,,0
508740,26-03-2025,paid_social,prospecting_video,,,0
508741,26-03-2025,affiliate,finance_blogs,,,0
508742,26-03-2025,paid_social,prospecting_video,,,0
508743,26-03-2025,affiliate,finance_blogs,29-03-2025,monthly,29.97
508744,26-03-2025,organic,,,,0
508745,26-03-2025,organic,,26-03-2025,monthly,29.97
508746,26-03-2025,paid_social,prospecting_video,,,0
508747,26-03-2025,paid_search,brand_search,,,0
508748,26-03-2025,paid_social,prospecting_video,,,0
508749,26-03-2025,paid_social,retargeting,04-04-2025,monthly,19.98
508750,26-03-2025,paid_search,generic_search,,,0
508751,26-03-2025,paid_search,generic_search,,,0
508752,26-03-2025,paid_social,retargeting,26-03-2025,monthly,29.97
508753,26-03-2025,paid_social,prospecting_video,,,0
508754,26-03-2025,paid_search,brand_search,26-03-2025,monthly,29.97
508755,26-03-2025,paid_social,prospecting_video,,,0
508756,26-03-2025,paid_social,prospecting_video,,,0
508757,26-03-2025,organic,,,,0
508758,26-03-2025,organic,,,,0
508759,26-03-2025,organic,,31-03-2025,monthly,29.97
508760,26-03-2025,paid_social,prospecting_video,,,0
508761,26-03-2025,paid_search,generic_search,,,0
508762,26-03-2025,paid_social,prospecting_video,,,0
508763,26-03-2025,paid_social,prospecting_video,,,0
508764,26-03-2025,affiliate,finance_blogs,,,0
508765,26-03-2025,display,display_network,,,0
508766,26-03-2025,organic,,,,0
508767,26-03-2025,organic,,26-03-2025,monthly,19.98
508768,26-03-2025,paid_search,generic_search,,,0
508769,26-03-2025,paid_social,prospecting_video,,,0
508770,26-03-2025,paid_social,retargeting,,,0
508771,26-03-2025,paid_search,brand_search,,,0
508772,26-03-2025,paid_search,brand_search,,,0
508773,26-03-2025,paid_search,generic_search,,,0
508774,26-03-2025,paid_search,brand_search,,,0
508775,26-03-2025,paid_social,prospecting_video,,,0
508776,26-03-2025,paid_search,generic_search,,,0
508777,26-03-2025,affiliate,finance_blogs,,,0
508778,26-03-2025,paid_social,prospecting_video,,,0
508779,26-03-2025,paid_search,generic_search,,,0
508780,26-03-2025,organic,,,,0
508781,26-03-2025,paid_search,brand_search,,,0
508782,26-03-2025,paid_social,prospecting_video,,,0
508783,26-03-2025,organic,,,,0
508784,26-03-2025,paid_social,retargeting,,,0
508785,26-03-2025,paid_search,generic_search,,,0
508786,26-03-2025,paid_social,prospecting_video,,,0
508787,26-03-2025,paid_social,prospecting_video,,,0
508788,26-03-2025,organic,,,,0
508789,26-03-2025,paid_social,prospecting_video,,,0
508790,26-03-2025,affiliate,finance_blogs,,,0
508791,26-03-2025,paid_social,retargeting,,,0
508792,26-03-2025,paid_social,prospecting_video,,,0
508793,26-03-2025,paid_social,prospecting_video,,,0
508794,26-03-2025,paid_search,generic_search,27-03-2025,annual,79.99
508795,26-03-2025,paid_search,generic_search,,,0
508796,26-03-2025,paid_social,prospecting_video,,,0
508797,26-03-2025,organic,,,,0
508798,26-03-2025,paid_social,prospecting_video,,,0
508799,26-03-2025,paid_search,generic_search,29-03-2025,annual,79.99
508800,26-03-2025,paid_social,prospecting_video,,,0
508801,27-03-2025,paid_search,generic_search,,,0
508802,27-03-2025,paid_social,retargeting,,,0
508803,27-03-2025,organic,,,,0
508804,27-03-2025,paid_social,prospecting_video,,,0
508805,27-03-2025,paid_social,prospecting_video,,,0
508806,27-03-2025,paid_social,prospecting_video,,,0
508807,27-03-2025,organic,,,,0
508808,27-03-2025,paid_social,prospecting_video,,,0
508809,27-03-2025,paid_social,prospecting_video,,,0
508810,27-03-2025,paid_social,prospecting_video,,,0
508811,27-03-2025,paid_social,prospecting_video,,,0
508812,27-03-2025,affiliate,finance_blogs,,,0
508813,27-03-2025,paid_social,prospecting_video,,,0
508814,27-03-2025,paid_social,prospecting_video,,,0
508815,27-03-2025,paid_social,prospecting_video,,,0
508816,27-03-2025,paid_search,brand_search,,,0
508817,27-03-2025,paid_search,generic_search,,,0
508818,27-03-2025,paid_social,prospecting_video,,,0
508819,27-03-2025,paid_search,generic_search,,,0
508820,27-03-2025,paid_social,prospecting_video,,,0
508821,27-03-2025,paid_social,prospecting_video,27-03-2025,monthly,29.97
508822,27-03-2025,paid_social,prospecting_video,,,0
508823,27-03-2025,paid_social,retargeting,28-03-2025,annual,79.99
508824,27-03-2025,referral,,30-03-2025,monthly,9.99
508825,27-03-2025,paid_social,prospecting_video,,,0
508826,27-03-2025,affiliate,finance_blogs,,,0
508827,27-03-2025,paid_social,retargeting,,,0
508828,27-03-2025,paid_social,prospecting_video,,,0
508829,27-03-2025,paid_social,prospecting_video,,,0
508830,27-03-2025,organic,,,,0
508831,27-03-2025,paid_search,generic_search,,,0
508832,27-03-2025,affiliate,finance_blogs,,,0
508833,27-03-2025,paid_social,retargeting,,,0
508834,27-03-2025,referral,,,,0
508835,27-03-2025,paid_social,prospecting_video,,,0
508836,27-03-2025,paid_social,prospecting_video,,,0
508837,27-03-2025,paid_search,generic_search,03-04-2025,monthly,19.98
508838,27-03-2025,paid_social,prospecting_video,,,0
508839,27-03-2025,affiliate,finance_blogs,,,0
508840,27-03-2025,paid_search,brand_search,,,0
508841,27-03-2025,paid_search,generic_search,,,0
508842,27-03-2025,paid_social,prospecting_video,,,0
508843,27-03-2025,organic,,,,0
508844,27-03-2025,paid_search,generic_search,,,0
508845,27-03-2025,organic,,,,0
508846,27-03-2025,organic,,,,0
508847,27-03-2025,affiliate,finance_blogs,,,0
508848,27-03-2025,display,display_network,,,0
508849,27-03-2025,paid_search,brand_search,,,0
508850,27-03-2025,paid_search,brand_search,,,0
508851,27-03-2025,paid_search,brand_search,,,0
508852,27-03-2025,paid_social,retargeting,,,0
508853,27-03-2025,organic,,,,0
508854,27-03-2025,paid_social,prospecting_video,,,0
508855,27-03-2025,paid_search,brand_search,,,0
508856,27-03-2025,affiliate,finance_blogs,,,0
508857,27-03-2025,paid_social,retargeting,,,0
508858,27-03-2025,organic,,,,0
508859,27-03-2025,paid_search,brand_search,,,0
508860,27-03-2025,paid_search,generic_search,,,0
508861,27-03-2025,paid_social,prospecting_video,,,0
508862,27-03-2025,paid_social,retargeting,,,0
508863,27-03-2025,paid_search,generic_search,,,0
508864,27-03-2025,paid_search,generic_search,,,0
508865,27-03-2025,paid_social,prospecting_video,,,0
508866,27-03-2025,affiliate,finance_blogs,07-04-2025,annual,79.99
508867,27-03-2025,paid_social,prospecting_video,29-03-2025,monthly,29.97
508868,27-03-2025,paid_social,prospecting_video,,,0
508869,27-03-2025,paid_search,generic_search,31-03-2025,monthly,29.97
508870,27-03-2025,paid_search,generic_search,,,0
508871,27-03-2025,paid_social,prospecting_video,05-04-2025,monthly,29.97
508872,27-03-2025,organic,,,,0
508873,27-03-2025,paid_search,generic_search,,,0
508874,27-03-2025,paid_social,prospecting_video,,,0
508875,27-03-2025,paid_social,prospecting_video,,,0
508876,27-03-2025,paid_social,retargeting,30-03-2025,monthly,19.98
508877,27-03-2025,paid_social,retargeting,,,0
508878,27-03-2025,paid_social,prospecting_video,,,0
508879,27-03-2025,organic,,,,0
508880,27-03-2025,paid_social,prospecting_video,,,0
508881,27-03-2025,referral,,,,0
508882,27-03-2025,organic,,,,0
508883,27-03-2025,referral,,,,0
508884,27-03-2025,paid_social,prospecting_video,,,0
508885,27-03-2025,paid_search,generic_search,27-03-2025,monthly,29.97
508886,27-03-2025,organic,,,,0
508887,27-03-2025,paid_search,brand_search,,,0
508888,27-03-2025,paid_social,prospecting_video,,,0
508889,27-03-2025,organic,,28-03-2025,annual,79.99
508890,27-03-2025,organic,,,,0
508891,27-03-2025,display,display_network,,,0
508892,27-03-2025,paid_search,generic_search,,,0
508893,27-03-2025,organic,,,,0
508894,27-03-2025,paid_social,prospecting_video,,,0
508895,27-03-2025,organic,,,,0
508896,27-03-2025,paid_search,generic_search,,,0
508897,27-03-2025,referral,,,,0
508898,27-03-2025,paid_social,prospecting_video,,,0
508899,27-03-2025,paid_search,generic_search,,,0
508900,27-03-2025,paid_social,retargeting,,,0
508901,28-03-2025,paid_social,prospecting_video,,,0
508902,28-03-2025,paid_social,prospecting_video,,,0
508903,28-03-2025,paid_search,generic_search,,,0
508904,28-03-2025,paid_search,generic_search,31-03-2025,monthly,19.98
508905,28-03-2025,paid_social,prospecting_video,,,0
508906,28-03-2025,paid_social,prospecting_video,,,0
508907,28-03-2025,paid_social,prospecting_video,,,0
508908,28-03-2025,paid_social,prospecting_video,,,0
508909,28-03-2025,organic,,,,0
508910,28-03-2025,paid_search,brand_search,,,0
508911,28-03-2025,referral,,,,0
508912,28-03-2025,paid_social,prospecting_video,,,0
508913,28-03-2025,organic,,,,0
508914,28-03-2025,paid_search,brand_search,,,0
508915,28-03-2025,paid_social,retargeting,,,0
508916,28-03-2025,paid_search,generic_search,,,0
508917,28-03-2025,organic,,,,0
508918,28-03-2025,paid_search,generic_search,,,0
508919,28-03-2025,paid_search,generic_search,,,0
508920,28-03-2025,paid_social,prospecting_video,,,0
508921,28-03-2025,paid_social,prospecting_video,,,0
508922,28-03-2025,paid_search,generic_search,,,0
508923,28-03-2025,paid_search,generic_search,,,0
508924,28-03-2025,paid_search,generic_search,,,0
508925,28-03-2025,paid_social,prospecting_video,,,0
508926,28-03-2025,paid_social,retargeting,,,0
508927,28-03-2025,paid_social,prospecting_video,,,0
508928,28-03-2025,paid_search,generic_search,28-03-2025,monthly,29.97
508929,28-03-2025,paid_social,prospecting_video,,,0
508930,28-03-2025,paid_social,retargeting,,,0
508931,28-03-2025,paid_social,prospecting_video,31-03-2025,monthly,29.97
508932,28-03-2025,paid_social,prospecting_video,,,0
508933,28-03-2025,paid_social,retargeting,,,0
508934,28-03-2025,paid_search,brand_search,10-04-2025,annual,79.99
508935,28-03-2025,organic,,,,0
508936,28-03-2025,paid_search,brand_search,,,0
508937,28-03-2025,paid_social,retargeting,,,0
508938,28-03-2025,paid_social,prospecting_video,,,0
508939,28-03-2025,organic,,,,0
508940,28-03-2025,display,display_network,,,0
508941,28-03-2025,organic,,,,0
508942,28-03-2025,paid_search,brand_search,31-03-2025,monthly,29.97
508943,28-03-2025,organic,,,,0
508944,28-03-2025,referral,,,,0
508945,28-03-2025,paid_search,generic_search,,,0
508946,28-03-2025,display,display_network,,,0
508947,28-03-2025,paid_social,prospecting_video,,,0
508948,28-03-2025,affiliate,finance_blogs,,,0
508949,28-03-2025,paid_social,retargeting,,,0
508950,28-03-2025,paid_social,retargeting,,,0
508951,28-03-2025,paid_search,generic_search,,,0
508952,28-03-2025,paid_social,prospecting_video,,,0
508953,28-03-2025,paid_search,brand_search,,,0
508954,28-03-2025,paid_social,retargeting,,,0
508955,28-03-2025,paid_social,prospecting_video,,,0
508956,28-03-2025,paid_social,retargeting,,,0
508957,28-03-2025,paid_social,prospecting_video,,,0
508958,28-03-2025,paid_social,prospecting_video,,,0
508959,28-03-2025,paid_social,prospecting_video,,,0
508960,28-03-2025,paid_social,prospecting_video,,,0
508961,28-03-2025,paid_search,brand_search,,,0
508962,28-03-2025,referral,,,,0
508963,28-03-2025,affiliate,finance_blogs,,,0
508964,28-03-2025,paid_search,brand_search,08-04-2025,annual,79.99
508965,28-03-2025,paid_social,retargeting,,,0
508966,28-03-2025,paid_search,brand_search,,,0
508967,28-03-2025,paid_search,generic_search,,,0
508968,28-03-2025,paid_search,generic_search,,,0
508969,28-03-2025,organic,,,,0
508970,28-03-2025,paid_social,prospecting_video,,,0
508971,28-03-2025,paid_search,brand_search,,,0
508972,28-03-2025,organic,,,,0
508973,28-03-2025,referral,,,,0
508974,28-03-2025,paid_social,prospecting_video,,,0
508975,28-03-2025,paid_search,brand_search,02-04-2025,annual,79.99
508976,28-03-2025,paid_social,retargeting,,,0
508977,28-03-2025,organic,,01-04-2025,monthly,29.97
508978,28-03-2025,organic,,,,0
508979,28-03-2025,organic,,,,0
508980,28-03-2025,paid_social,retargeting,,,0
508981,28-03-2025,paid_search,generic_search,,,0
508982,28-03-2025,paid_social,prospecting_video,,,0
508983,28-03-2025,paid_social,retargeting,,,0
508984,28-03-2025,paid_social,retargeting,,,0
508985,28-03-2025,paid_social,prospecting_video,,,0
508986,28-03-2025,paid_social,prospecting_video,,,0
508987,28-03-2025,paid_search,generic_search,,,0
508988,28-03-2025,organic,,,,0
508989,28-03-2025,paid_search,generic_search,,,0
508990,28-03-2025,organic,,29-03-2025,monthly,19.98
508991,28-03-2025,paid_social,prospecting_video,,,0
508992,28-03-2025,paid_social,prospecting_video,,,0
508993,28-03-2025,paid_social,prospecting_video,,,0
508994,28-03-2025,paid_search,brand_search,03-04-2025,monthly,19.98
508995,28-03-2025,paid_search,brand_search,,,0
508996,28-03-2025,paid_social,prospecting_video,,,0
508997,28-03-2025,paid_search,generic_search,,,0
508998,28-03-2025,paid_social,prospecting_video,,,0
508999,28-03-2025,paid_social,prospecting_video,29-03-2025,monthly,19.98
509000,28-03-2025,paid_search,brand_search,,,0
509001,28-03-2025,affiliate,finance_blogs,02-04-2025,annual,79.99
509002,28-03-2025,organic,,,,0
509003,28-03-2025,organic,,,,0
509004,28-03-2025,paid_social,prospecting_video,,,0
509005,28-03-2025,paid_social,prospecting_video,,,0
509006,28-03-2025,paid_social,prospecting_video,,,0
509007,28-03-2025,paid_social,prospecting_video,,,0
509008,28-03-2025,paid_social,retargeting,,,0
509009,28-03-2025,organic,,,,0
509010,28-03-2025,paid_social,retargeting,,,0
509011,28-03-2025,paid_search,brand_search,,,0
509012,28-03-2025,referral,,,,0
509013,28-03-2025,affiliate,finance_blogs,28-03-2025,monthly,29.97
509014,28-03-2025,paid_search,generic_search,,,0
509015,28-03-2025,paid_search,generic_search,,,0
509016,28-03-2025,referral,,29-03-2025,monthly,29.97
509017,28-03-2025,paid_social,prospecting_video,,,0
509018,28-03-2025,paid_social,retargeting,,,0
509019,28-03-2025,paid_search,generic_search,,,0
509020,28-03-2025,paid_social,prospecting_video,,,0
509021,28-03-2025,paid_social,prospecting_video,,,0
509022,28-03-2025,paid_search,generic_search,,,0
509023,28-03-2025,paid_social,prospecting_video,,,0
509024,28-03-2025,paid_social,prospecting_video,,,0
509025,28-03-2025,paid_search,generic_search,09-04-2025,monthly,29.97
509026,28-03-2025,paid_search,brand_search,,,0
509027,28-03-2025,paid_social,prospecting_video,,,0
509028,28-03-2025,paid_search,generic_search,30-03-2025,monthly,29.97
509029,29-03-2025,paid_search,generic_search,,,0
509030,29-03-2025,paid_search,generic_search,,,0
509031,29-03-2025,affiliate,finance_blogs,,,0
509032,29-03-2025,referral,,,,0
509033,29-03-2025,paid_search,brand_search,,,0
509034,29-03-2025,paid_social,retargeting,,,0
509035,29-03-2025,paid_search,brand_search,,,0
509036,29-03-2025,paid_social,prospecting_video,,,0
509037,29-03-2025,paid_search,brand_search,,,0
509038,29-03-2025,paid_social,prospecting_video,,,0
509039,29-03-2025,paid_search,brand_search,,,0
509040,29-03-2025,paid_social,retargeting,,,0
509041,29-03-2025,organic,,,,0
509042,29-03-2025,referral,,,,0
509043,29-03-2025,paid_search,generic_search,01-04-2025,monthly,9.99
509044,29-03-2025,organic,,,,0
509045,29-03-2025,organic,,,,0
509046,29-03-2025,paid_social,prospecting_video,,,0
509047,29-03-2025,paid_social,retargeting,,,0
509048,29-03-2025,organic,,29-03-2025,monthly,29.97
509049,29-03-2025,organic,,,,0
509050,29-03-2025,paid_social,retargeting,,,0
509051,29-03-2025,referral,,,,0
509052,29-03-2025,organic,,,,0
509053,29-03-2025,paid_social,prospecting_video,,,0
509054,29-03-2025,affiliate,finance_blogs,,,0
509055,29-03-2025,paid_social,prospecting_video,,,0
509056,29-03-2025,paid_social,prospecting_video,30-03-2025,monthly,29.97
509057,29-03-2025,organic,,,,0
509058,29-03-2025,paid_social,retargeting,,,0
509059,29-03-2025,organic,,,,0
509060,29-03-2025,paid_search,generic_search,,,0
509061,29-03-2025,organic,,,,0
509062,29-03-2025,organic,,,,0
509063,29-03-2025,organic,,,,0
509064,29-03-2025,paid_social,prospecting_video,,,0
509065,29-03-2025,paid_social,prospecting_video,,,0
509066,29-03-2025,affiliate,finance_blogs,,,0
509067,29-03-2025,paid_search,generic_search,29-03-2025,annual,79.99
509068,29-03-2025,paid_social,prospecting_video,,,0
509069,29-03-2025,organic,,31-03-2025,monthly,19.98
509070,29-03-2025,organic,,,,0
509071,29-03-2025,paid_search,brand_search,,,0
509072,29-03-2025,paid_social,prospecting_video,,,0
509073,29-03-2025,organic,,,,0
509074,29-03-2025,paid_social,prospecting_video,,,0
509075,29-03-2025,paid_social,prospecting_video,,,0
509076,29-03-2025,referral,,,,0
509077,29-03-2025,organic,,,,0
509078,29-03-2025,paid_search,brand_search,,,0
509079,29-03-2025,organic,,,,0
509080,29-03-2025,paid_social,prospecting_video,,,0
509081,29-03-2025,paid_social,prospecting_video,,,0
509082,29-03-2025,affiliate,finance_blogs,,,0
509083,29-03-2025,paid_social,prospecting_video,,,0
509084,29-03-2025,paid_search,generic_search,,,0
509085,29-03-2025,paid_social,retargeting,,,0
509086,29-03-2025,organic,,,,0
509087,29-03-2025,organic,,,,0
509088,29-03-2025,referral,,,,0
509089,29-03-2025,paid_search,generic_search,,,0
509090,29-03-2025,paid_search,generic_search,,,0
509091,29-03-2025,paid_social,prospecting_video,01-04-2025,monthly,29.97
509092,29-03-2025,organic,,,,0
509093,29-03-2025,paid_social,prospecting_video,,,0
509094,29-03-2025,paid_social,prospecting_video,,,0
509095,29-03-2025,paid_social,prospecting_video,,,0
509096,29-03-2025,paid_search,brand_search,,,0
509097,29-03-2025,paid_search,generic_search,,,0
509098,29-03-2025,paid_search,brand_search,,,0
509099,29-03-2025,paid_social,prospecting_video,,,0
509100,29-03-2025,paid_search,brand_search,,,0
509101,29-03-2025,organic,,,,0
509102,29-03-2025,organic,,,,0
509103,29-03-2025,paid_social,retargeting,,,0
509104,29-03-2025,referral,,,,0
509105,29-03-2025,affiliate,finance_blogs,,,0
509106,29-03-2025,paid_social,retargeting,,,0
509107,29-03-2025,paid_social,prospecting_video,,,0
509108,29-03-2025,paid_search,generic_search,,,0
509109,29-03-2025,paid_social,prospecting_video,,,0
509110,29-03-2025,referral,,,,0
509111,29-03-2025,paid_social,prospecting_video,,,0
509112,29-03-2025,paid_social,retargeting,,,0
509113,29-03-2025,organic,,,,0
509114,29-03-2025,paid_search,generic_search,02-04-2025,annual,79.99
509115,29-03-2025,paid_social,prospecting_video,,,0
509116,29-03-2025,paid_social,prospecting_video,,,0
509117,29-03-2025,paid_social,prospecting_video,,,0
509118,29-03-2025,paid_social,retargeting,,,0
509119,29-03-2025,paid_social,prospecting_video,,,0
509120,29-03-2025,paid_social,retargeting,,,0
509121,29-03-2025,organic,,,,0
509122,29-03-2025,organic,,,,0
509123,29-03-2025,paid_search,generic_search,,,0
509124,29-03-2025,paid_search,brand_search,,,0
509125,29-03-2025,paid_social,prospecting_video,,,0
509126,30-03-2025,paid_search,brand_search,,,0
509127,30-03-2025,organic,,,,0
509128,30-03-2025,paid_social,prospecting_video,,,0
509129,30-03-2025,affiliate,finance_blogs,31-03-2025,monthly,29.97
509130,30-03-2025,organic,,,,0
509131,30-03-2025,paid_search,generic_search,,,0
509132,30-03-2025,paid_social,retargeting,03-04-2025,monthly,29.97
509133,30-03-2025,paid_social,prospecting_video,,,0
509134,30-03-2025,referral,,,,0
509135,30-03-2025,paid_search,brand_search,,,0
509136,30-03-2025,paid_social,prospecting_video,,,0
509137,30-03-2025,organic,,,,0
509138,30-03-2025,paid_social,prospecting_video,31-03-2025,monthly,29.97
509139,30-03-2025,paid_social,prospecting_video,,,0
509140,30-03-2025,paid_social,prospecting_video,,,0
509141,30-03-2025,paid_social,prospecting_video,,,0
509142,30-03-2025,paid_social,prospecting_video,,,0
509143,30-03-2025,paid_search,generic_search,,,0
509144,30-03-2025,organic,,,,0
509145,30-03-2025,organic,,,,0
509146,30-03-2025,paid_social,retargeting,,,0
509147,30-03-2025,paid_search,brand_search,,,0
509148,30-03-2025,paid_social,prospecting_video,,,0
509149,30-03-2025,paid_social,prospecting_video,,,0
509150,30-03-2025,paid_social,prospecting_video,,,0
509151,30-03-2025,paid_social,prospecting_video,,,0
509152,30-03-2025,organic,,,,0
509153,30-03-2025,paid_social,prospecting_video,,,0
509154,30-03-2025,paid_social,prospecting_video,,,0
509155,30-03-2025,paid_social,prospecting_video,,,0
509156,30-03-2025,referral,,03-04-2025,monthly,29.97
509157,30-03-2025,paid_search,brand_search,,,0
509158,30-03-2025,organic,,,,0
509159,30-03-2025,paid_search,brand_search,,,0
509160,30-03-2025,paid_social,retargeting,,,0
509161,30-03-2025,paid_social,prospecting_video,,,0
509162,30-03-2025,affiliate,finance_blogs,,,0
509163,30-03-2025,paid_social,prospecting_video,,,0
509164,30-03-2025,paid_social,retargeting,,,0
509165,30-03-2025,paid_social,prospecting_video,,,0
509166,30-03-2025,paid_social,prospecting_video,,,0
509167,30-03-2025,paid_social,prospecting_video,,,0
509168,30-03-2025,referral,,,,0
509169,30-03-2025,paid_social,prospecting_video,,,0
509170,30-03-2025,paid_social,prospecting_video,,,0
509171,30-03-2025,paid_social,prospecting_video,08-04-2025,annual,79.99
509172,30-03-2025,organic,,,,0
509173,30-03-2025,paid_social,prospecting_video,,,0
509174,30-03-2025,paid_search,brand_search,,,0
509175,30-03-2025,paid_search,generic_search,,,0
509176,30-03-2025,referral,,,,0
509177,30-03-2025,paid_search,brand_search,,,0
509178,30-03-2025,paid_social,prospecting_video,,,0
509179,30-03-2025,organic,,,,0
509180,30-03-2025,paid_search,brand_search,,,0
509181,30-03-2025,paid_social,retargeting,,,0
509182,30-03-2025,paid_search,generic_search,,,0
509183,30-03-2025,organic,,,,0
509184,30-03-2025,paid_search,generic_search,,,0
509185,30-03-2025,paid_social,prospecting_video,,,0
509186,30-03-2025,paid_social,prospecting_video,,,0
509187,30-03-2025,paid_search,brand_search,,,0
509188,30-03-2025,paid_social,prospecting_video,,,0
509189,30-03-2025,paid_search,brand_search,,,0
509190,30-03-2025,organic,,,,0
509191,30-03-2025,organic,,,,0
509192,30-03-2025,organic,,,,0
509193,30-03-2025,referral,,,,0
509194,30-03-2025,organic,,,,0
509195,30-03-2025,paid_social,retargeting,31-03-2025,monthly,29.97
509196,30-03-2025,paid_social,prospecting_video,,,0
509197,30-03-2025,paid_social,prospecting_video,,,0
509198,30-03-2025,organic,,,,0
509199,30-03-2025,paid_search,brand_search,,,0
509200,30-03-2025,paid_social,retargeting,,,0
509201,30-03-2025,paid_search,generic_search,,,0
509202,30-03-2025,paid_social,retargeting,,,0
509203,30-03-2025,paid_social,prospecting_video,,,0
509204,30-03-2025,paid_search,generic_search,,,0
509205,30-03-2025,paid_search,brand_search,,,0
509206,30-03-2025,paid_social,prospecting_video,,,0
509207,30-03-2025,paid_social,retargeting,,,0
509208,30-03-2025,paid_social,prospecting_video,,,0
509209,30-03-2025,paid_social,prospecting_video,,,0
509210,30-03-2025,organic,,,,0
509211,30-03-2025,organic,,31-03-2025,monthly,29.97
509212,30-03-2025,paid_social,prospecting_video,,,0
509213,30-03-2025,organic,,,,0
509214,30-03-2025,paid_social,prospecting_video,,,0
509215,30-03-2025,organic,,,,0
509216,30-03-2025,paid_social,retargeting,,,0
509217,30-03-2025,paid_social,prospecting_video,02-04-2025,monthly,29.97
509218,31-03-2025,paid_social,prospecting_video,,,0
509219,31-03-2025,paid_search,brand_search,,,0
509220,31-03-2025,paid_social,prospecting_video,,,0
509221,31-03-2025,paid_social,prospecting_video,,,0
509222,31-03-2025,affiliate,finance_blogs,,,0
509223,31-03-2025,paid_social,prospecting_video,,,0
509224,31-03-2025,paid_search,generic_search,02-04-2025,monthly,19.98
509225,31-03-2025,paid_social,prospecting_video,,,0
509226,31-03-2025,paid_social,prospecting_video,,,0
509227,31-03-2025,organic,,,,0
509228,31-03-2025,referral,,01-04-2025,monthly,29.97
509229,31-03-2025,paid_search,generic_search,,,0
509230,31-03-2025,paid_social,prospecting_video,,,0
509231,31-03-2025,paid_search,brand_search,04-04-2025,monthly,19.98
509232,31-03-2025,paid_search,generic_search,01-04-2025,monthly,29.97
509233,31-03-2025,organic,,,,0
509234,31-03-2025,paid_search,brand_search,,,0
509235,31-03-2025,paid_search,generic_search,,,0
509236,31-03-2025,referral,,,,0
509237,31-03-2025,referral,,,,0
509238,31-03-2025,paid_search,generic_search,,,0
509239,31-03-2025,paid_social,retargeting,01-04-2025,monthly,29.97
509240,31-03-2025,organic,,,,0
509241,31-03-2025,paid_search,brand_search,06-04-2025,monthly,29.97
509242,31-03-2025,paid_search,brand_search,,,0
509243,31-03-2025,paid_social,retargeting,,,0
509244,31-03-2025,organic,,,,0
509245,31-03-2025,paid_social,retargeting,,,0
509246,31-03-2025,display,display_network,,,0
509247,31-03-2025,paid_search,brand_search,10-04-2025,monthly,29.97
509248,31-03-2025,paid_search,generic_search,,,0
509249,31-03-2025,paid_search,brand_search,,,0
509250,31-03-2025,paid_social,retargeting,,,0
509251,31-03-2025,organic,,,,0
509252,31-03-2025,paid_social,prospecting_video,,,0
509253,31-03-2025,paid_search,generic_search,,,0
509254,31-03-2025,paid_social,retargeting,,,0
509255,31-03-2025,paid_social,prospecting_video,,,0
509256,31-03-2025,paid_social,retargeting,,,0
509257,31-03-2025,organic,,,,0
509258,31-03-2025,paid_search,generic_search,,,0
509259,31-03-2025,paid_social,prospecting_video,,,0
509260,31-03-2025,paid_social,retargeting,,,0
509261,31-03-2025,paid_social,prospecting_video,,,0
509262,31-03-2025,paid_social,prospecting_video,,,0
509263,31-03-2025,organic,,,,0
509264,31-03-2025,paid_social,prospecting_video,,,0
509265,31-03-2025,paid_search,brand_search,,,0
509266,31-03-2025,organic,,,,0
509267,31-03-2025,paid_social,prospecting_video,,,0
509268,31-03-2025,organic,,,,0
509269,31-03-2025,organic,,,,0
509270,31-03-2025,paid_search,brand_search,,,0
509271,31-03-2025,paid_social,prospecting_video,,,0
509272,31-03-2025,affiliate,finance_blogs,,,0
509273,31-03-2025,paid_search,generic_search,06-04-2025,monthly,29.97
509274,31-03-2025,paid_social,prospecting_video,,,0
509275,31-03-2025,paid_social,retargeting,02-04-2025,monthly,19.98
509276,31-03-2025,organic,,,,0
509277,31-03-2025,paid_search,generic_search,,,0
509278,31-03-2025,paid_search,brand_search,,,0
509279,31-03-2025,paid_social,prospecting_video,,,0
509280,31-03-2025,paid_search,brand_search,,,0
509281,31-03-2025,referral,,04-04-2025,annual,79.99
509282,31-03-2025,paid_search,generic_search,06-04-2025,monthly,9.99
509283,31-03-2025,paid_search,brand_search,,,0
509284,31-03-2025,paid_search,generic_search,01-04-2025,monthly,29.97
509285,31-03-2025,organic,,,,0
509286,31-03-2025,paid_social,prospecting_video,,,0
509287,31-03-2025,organic,,,,0
509288,31-03-2025,paid_social,prospecting_video,,,0
509289,31-03-2025,organic,,,,0
509290,31-03-2025,organic,,,,0
509291,31-03-2025,paid_search,brand_search,01-04-2025,annual,79.99
509292,31-03-2025,paid_search,brand_search,,,0
509293,31-03-2025,paid_social,prospecting_video,,,0
509294,31-03-2025,paid_social,prospecting_video,,,0
509295,31-03-2025,paid_social,retargeting,,,0
509296,31-03-2025,referral,,,,0
509297,31-03-2025,organic,,,,0
509298,31-03-2025,paid_social,prospecting_video,,,0
509299,31-03-2025,display,display_network,,,0
509300,31-03-2025,organic,,,,0
509301,31-03-2025,paid_social,retargeting,,,0
509302,31-03-2025,paid_search,brand_search,31-03-2025,monthly,9.99
509303,31-03-2025,organic,,,,0
509304,31-03-2025,organic,,,,0
509305,31-03-2025,referral,,,,0
509306,31-03-2025,paid_social,prospecting_video,,,0
509307,31-03-2025,organic,,,,0
509308,31-03-2025,display,display_network,,,0
509309,31-03-2025,paid_social,prospecting_video,,,0
509310,31-03-2025,paid_social,prospecting_video,,,0
509311,31-03-2025,organic,,,,0
509312,31-03-2025,paid_social,prospecting_video,,,0
509313,31-03-2025,paid_social,retargeting,,,0
509314,31-03-2025,paid_search,brand_search,,,0
509315,31-03-2025,organic,,03-04-2025,annual,79.99
509316,31-03-2025,paid_social,prospecting_video,,,0
509317,31-03-2025,organic,,,,0
509318,31-03-2025,organic,,,,0
509319,31-03-2025,paid_search,generic_search,,,0
509320,31-03-2025,paid_social,prospecting_video,,,0
509321,31-03-2025,paid_social,prospecting_video,,,0
509322,31-03-2025,organic,,,,0
509323,31-03-2025,paid_search,generic_search,,,0
509324,31-03-2025,paid_social,prospecting_video,,,0
509325,31-03-2025,paid_social,retargeting,,,0
509326,31-03-2025,paid_social,prospecting_video,,,0
509327,31-03-2025,paid_search,generic_search,06-04-2025,monthly,9.99
509328,31-03-2025,paid_search,generic_search,01-04-2025,monthly,29.97
509329,31-03-2025,paid_social,prospecting_video,,,0
509330,31-03-2025,paid_search,brand_search,,,0
509331,31-03-2025,paid_social,prospecting_video,,,0
509332,01-04-2025,referral,,,,0
509333,01-04-2025,paid_search,generic_search,,,0
509334,01-04-2025,organic,,,,0
509335,01-04-2025,paid_search,brand_search,,,0
509336,01-04-2025,organic,,,,0
509337,01-04-2025,affiliate,finance_blogs,,,0
509338,01-04-2025,affiliate,finance_blogs,01-04-2025,monthly,19.98
509339,01-04-2025,paid_social,prospecting_video,,,0
509340,01-04-2025,paid_search,generic_search,,,0
509341,01-04-2025,paid_social,prospecting_video,,,0
509342,01-04-2025,paid_social,prospecting_video,,,0
509343,01-04-2025,paid_social,retargeting,,,0
509344,01-04-2025,paid_social,prospecting_video,,,0
509345,01-04-2025,paid_search,generic_search,,,0
509346,01-04-2025,paid_search,brand_search,,,0
509347,01-04-2025,paid_search,generic_search,,,0
509348,01-04-2025,paid_social,prospecting_video,,,0
509349,01-04-2025,paid_social,prospecting_video,,,0
509350,01-04-2025,paid_social,retargeting,,,0
509351,01-04-2025,paid_social,retargeting,,,0
509352,01-04-2025,organic,,,,0
509353,01-04-2025,paid_social,prospecting_video,,,0
509354,01-04-2025,paid_search,brand_search,,,0
509355,01-04-2025,paid_search,generic_search,,,0
509356,01-04-2025,paid_search,generic_search,,,0
509357,01-04-2025,display,display_network,,,0
509358,01-04-2025,paid_social,prospecting_video,,,0
509359,01-04-2025,paid_search,generic_search,,,0
509360,01-04-2025,paid_search,brand_search,01-04-2025,monthly,29.97
509361,01-04-2025,paid_social,prospecting_video,,,0
509362,01-04-2025,paid_social,retargeting,,,0
509363,01-04-2025,referral,,,,0
509364,01-04-2025,paid_search,brand_search,,,0
509365,01-04-2025,paid_social,prospecting_video,,,0
509366,01-04-2025,organic,,,,0
509367,01-04-2025,paid_social,prospecting_video,,,0
509368,01-04-2025,paid_search,generic_search,,,0
509369,01-04-2025,organic,,,,0
509370,01-04-2025,paid_search,generic_search,04-04-2025,annual,79.99
509371,01-04-2025,organic,,,,0
509372,01-04-2025,paid_social,prospecting_video,,,0
509373,01-04-2025,paid_search,brand_search,,,0
509374,01-04-2025,paid_search,generic_search,,,0
509375,01-04-2025,paid_social,prospecting_video,,,0
509376,01-04-2025,paid_social,retargeting,,,0
509377,01-04-2025,paid_search,generic_search,,,0
509378,01-04-2025,paid_search,brand_search,,,0
509379,01-04-2025,paid_social,prospecting_video,,,0
509380,01-04-2025,paid_social,prospecting_video,,,0
509381,01-04-2025,paid_social,prospecting_video,,,0
509382,01-04-2025,organic,,,,0
509383,01-04-2025,paid_social,prospecting_video,,,0
509384,01-04-2025,organic,,,,0
509385,01-04-2025,organic,,,,0
509386,01-04-2025,paid_search,brand_search,,,0
509387,01-04-2025,paid_search,generic_search,,,0
509388,01-04-2025,paid_search,brand_search,,,0
509389,01-04-2025,paid_social,retargeting,,,0
509390,01-04-2025,paid_social,prospecting_video,,,0
509391,01-04-2025,organic,,,,0
509392,01-04-2025,organic,,,,0
509393,01-04-2025,paid_search,generic_search,,,0
509394,01-04-2025,paid_search,brand_search,,,0
509395,01-04-2025,organic,,,,0
509396,01-04-2025,paid_social,prospecting_video,,,0
509397,01-04-2025,paid_social,prospecting_video,,,0
509398,01-04-2025,paid_social,prospecting_video,,,0
509399,01-04-2025,affiliate,finance_blogs,07-04-2025,monthly,29.97
509400,01-04-2025,paid_social,prospecting_video,,,0
509401,01-04-2025,paid_search,brand_search,,,0
509402,01-04-2025,paid_search,brand_search,,,0
509403,01-04-2025,paid_search,brand_search,,,0
509404,01-04-2025,organic,,,,0
509405,01-04-2025,organic,,,,0
509406,01-04-2025,paid_social,prospecting_video,,,0
509407,01-04-2025,paid_social,prospecting_video,,,0
509408,01-04-2025,organic,,05-04-2025,monthly,29.97
509409,01-04-2025,organic,,,,0
509410,01-04-2025,paid_search,generic_search,,,0
509411,01-04-2025,organic,,,,0
509412,01-04-2025,paid_search,brand_search,,,0
509413,01-04-2025,paid_search,generic_search,,,0
509414,01-04-2025,affiliate,finance_blogs,14-04-2025,monthly,9.99
509415,01-04-2025,paid_social,prospecting_video,,,0
509416,01-04-2025,organic,,,,0
509417,01-04-2025,organic,,,,0
509418,01-04-2025,paid_social,prospecting_video,,,0
509419,01-04-2025,paid_social,retargeting,,,0
509420,01-04-2025,organic,,,,0
509421,01-04-2025,paid_social,prospecting_video,,,0
509422,01-04-2025,affiliate,finance_blogs,,,0
509423,01-04-2025,paid_social,prospecting_video,,,0
509424,01-04-2025,paid_social,prospecting_video,,,0
509425,01-04-2025,organic,,,,0
509426,01-04-2025,paid_social,retargeting,,,0
509427,01-04-2025,paid_search,generic_search,,,0
509428,01-04-2025,affiliate,finance_blogs,,,0
509429,01-04-2025,paid_search,generic_search,,,0
509430,01-04-2025,organic,,,,0
509431,01-04-2025,organic,,,,0
509432,01-04-2025,paid_social,prospecting_video,,,0
509433,01-04-2025,organic,,,,0
509434,01-04-2025,paid_social,prospecting_video,,,0
509435,01-04-2025,paid_social,retargeting,,,0
509436,01-04-2025,paid_social,prospecting_video,,,0
509437,01-04-2025,paid_social,prospecting_video,,,0
509438,01-04-2025,paid_social,prospecting_video,,,0
509439,01-04-2025,display,display_network,,,0
509440,01-04-2025,paid_social,prospecting_video,,,0
509441,01-04-2025,organic,,,,0
509442,01-04-2025,paid_social,prospecting_video,,,0
509443,01-04-2025,referral,,02-04-2025,monthly,29.97
509444,01-04-2025,referral,,,,0
509445,01-04-2025,paid_social,prospecting_video,,,0
509446,01-04-2025,organic,,,,0
509447,01-04-2025,paid_social,retargeting,,,0
509448,01-04-2025,paid_social,prospecting_video,,,0
509449,01-04-2025,organic,,,,0
509450,01-04-2025,organic,,,,0
509451,01-04-2025,paid_search,brand_search,,,0
509452,01-04-2025,referral,,,,0
509453,01-04-2025,paid_search,brand_search,,,0
509454,01-04-2025,display,display_network,,,0
509455,01-04-2025,paid_social,retargeting,,,0
509456,01-04-2025,paid_social,retargeting,02-04-2025,annual,79.99
509457,01-04-2025,organic,,06-04-2025,monthly,29.97
509458,01-04-2025,paid_social,retargeting,,,0
509459,01-04-2025,paid_social,prospecting_video,,,0
509460,01-04-2025,paid_social,prospecting_video,,,0
509461,01-04-2025,paid_social,prospecting_video,,,0
509462,01-04-2025,paid_social,prospecting_video,,,0
509463,02-04-2025,organic,,,,0
509464,02-04-2025,paid_social,prospecting_video,,,0
509465,02-04-2025,affiliate,finance_blogs,,,0
509466,02-04-2025,paid_search,generic_search,,,0
509467,02-04-2025,organic,,,,0
509468,02-04-2025,paid_social,retargeting,,,0
509469,02-04-2025,affiliate,finance_blogs,07-04-2025,monthly,19.98
509470,02-04-2025,paid_social,prospecting_video,,,0
509471,02-04-2025,paid_social,prospecting_video,,,0
509472,02-04-2025,paid_search,generic_search,,,0
509473,02-04-2025,paid_social,prospecting_video,,,0
509474,02-04-2025,organic,,,,0
509475,02-04-2025,paid_social,prospecting_video,,,0
509476,02-04-2025,paid_social,prospecting_video,,,0
509477,02-04-2025,paid_social,retargeting,12-04-2025,annual,79.99
509478,02-04-2025,organic,,,,0
509479,02-04-2025,paid_search,generic_search,,,0
509480,02-04-2025,paid_search,brand_search,,,0
509481,02-04-2025,paid_social,prospecting_video,,,0
509482,02-04-2025,paid_search,brand_search,,,0
509483,02-04-2025,paid_search,brand_search,,,0
509484,02-04-2025,display,display_network,,,0
509485,02-04-2025,paid_social,prospecting_video,,,0
509486,02-04-2025,display,display_network,,,0
509487,02-04-2025,display,display_network,,,0
509488,02-04-2025,organic,,,,0
509489,02-04-2025,referral,,09-04-2025,annual,79.99
509490,02-04-2025,paid_social,prospecting_video,,,0
509491,02-04-2025,paid_search,brand_search,,,0
509492,02-04-2025,paid_social,prospecting_video,,,0
509493,02-04-2025,referral,,,,0
509494,02-04-2025,paid_search,generic_search,04-04-2025,monthly,29.97
509495,02-04-2025,paid_social,prospecting_video,,,0
509496,02-04-2025,paid_search,brand_search,05-04-2025,monthly,29.97
509497,02-04-2025,organic,,,,0
509498,02-04-2025,paid_social,prospecting_video,,,0
509499,02-04-2025,referral,,,,0
509500,02-04-2025,paid_search,generic_search,02-04-2025,monthly,19.98
509501,02-04-2025,organic,,,,0
509502,02-04-2025,organic,,,,0
509503,02-04-2025,paid_social,prospecting_video,02-04-2025,monthly,29.97
509504,02-04-2025,paid_search,generic_search,,,0
509505,02-04-2025,referral,,,,0
509506,02-04-2025,referral,,03-04-2025,monthly,29.97
509507,02-04-2025,organic,,,,0
509508,02-04-2025,paid_search,generic_search,,,0
509509,02-04-2025,paid_social,prospecting_video,,,0
509510,02-04-2025,organic,,,,0
509511,02-04-2025,organic,,,,0
509512,02-04-2025,paid_search,brand_search,,,0
509513,02-04-2025,paid_social,prospecting_video,,,0
509514,02-04-2025,organic,,,,0
509515,02-04-2025,display,display_network,,,0
509516,02-04-2025,paid_search,generic_search,,,0
509517,02-04-2025,paid_search,generic_search,,,0
509518,02-04-2025,paid_search,generic_search,,,0
509519,02-04-2025,paid_search,brand_search,02-04-2025,annual,79.99
509520,02-04-2025,referral,,,,0
509521,02-04-2025,paid_social,retargeting,,,0
509522,02-04-2025,paid_social,prospecting_video,,,0
509523,02-04-2025,paid_social,retargeting,,,0
509524,02-04-2025,paid_social,prospecting_video,,,0
509525,02-04-2025,paid_search,generic_search,,,0
509526,02-04-2025,paid_search,generic_search,,,0
509527,02-04-2025,organic,,,,0
509528,02-04-2025,paid_social,prospecting_video,,,0
509529,02-04-2025,paid_social,prospecting_video,,,0
509530,02-04-2025,display,display_network,,,0
509531,02-04-2025,paid_search,generic_search,,,0
509532,02-04-2025,paid_search,generic_search,,,0
509533,02-04-2025,paid_social,prospecting_video,,,0
509534,02-04-2025,paid_search,generic_search,,,0
509535,02-04-2025,paid_social,retargeting,05-04-2025,annual,79.99
509536,02-04-2025,organic,,,,0
509537,02-04-2025,paid_social,retargeting,,,0
509538,02-04-2025,paid_search,brand_search,,,0
509539,02-04-2025,paid_social,prospecting_video,,,0
509540,02-04-2025,organic,,,,0
509541,02-04-2025,organic,,,,0
509542,02-04-2025,paid_search,generic_search,,,0
509543,02-04-2025,organic,,,,0
509544,02-04-2025,paid_social,prospecting_video,,,0
509545,02-04-2025,paid_social,retargeting,,,0
509546,02-04-2025,organic,,,,0
509547,02-04-2025,organic,,,,0
509548,02-04-2025,organic,,,,0
509549,02-04-2025,paid_social,retargeting,,,0
509550,02-04-2025,organic,,,,0
509551,02-04-2025,paid_search,generic_search,,,0
509552,02-04-2025,referral,,,,0
509553,02-04-2025,paid_social,prospecting_video,,,0
509554,02-04-2025,paid_social,prospecting_video,,,0
509555,02-04-2025,organic,,,,0
509556,02-04-2025,paid_social,prospecting_video,,,0
509557,02-04-2025,paid_social,prospecting_video,,,0
509558,02-04-2025,paid_search,generic_search,11-04-2025,monthly,29.97
509559,02-04-2025,paid_search,generic_search,,,0
509560,02-04-2025,paid_search,generic_search,,,0
509561,02-04-2025,organic,,,,0
509562,02-04-2025,affiliate,finance_blogs,10-04-2025,monthly,29.97
509563,02-04-2025,referral,,,,0
509564,02-04-2025,paid_social,prospecting_video,,,0
509565,02-04-2025,paid_social,prospecting_video,,,0
509566,02-04-2025,affiliate,finance_blogs,,,0
509567,02-04-2025,paid_social,retargeting,,,0
509568,02-04-2025,paid_social,prospecting_video,,,0
509569,02-04-2025,paid_search,brand_search,15-04-2025,monthly,29.97
509570,02-04-2025,paid_search,brand_search,,,0
509571,03-04-2025,organic,,,,0
509572,03-04-2025,paid_social,retargeting,,,0
509573,03-04-2025,affiliate,finance_blogs,05-04-2025,monthly,29.97
509574,03-04-2025,paid_social,prospecting_video,,,0
509575,03-04-2025,paid_social,prospecting_video,,,0
509576,03-04-2025,organic,,,,0
509577,03-04-2025,paid_social,retargeting,,,0
509578,03-04-2025,paid_social,prospecting_video,,,0
509579,03-04-2025,paid_social,retargeting,,,0
509580,03-04-2025,paid_social,retargeting,05-04-2025,monthly,29.97
509581,03-04-2025,paid_social,prospecting_video,,,0
509582,03-04-2025,paid_social,prospecting_video,,,0
509583,03-04-2025,paid_social,retargeting,,,0
509584,03-04-2025,paid_social,prospecting_video,,,0
509585,03-04-2025,paid_social,prospecting_video,,,0
509586,03-04-2025,paid_social,prospecting_video,,,0
509587,03-04-2025,paid_social,prospecting_video,,,0
509588,03-04-2025,organic,,,,0
509589,03-04-2025,paid_social,retargeting,,,0
509590,03-04-2025,paid_social,prospecting_video,,,0
509591,03-04-2025,paid_social,prospecting_video,,,0
509592,03-04-2025,organic,,,,0
509593,03-04-2025,paid_social,prospecting_video,,,0
509594,03-04-2025,referral,,,,0
509595,03-04-2025,paid_social,retargeting,,,0
509596,03-04-2025,affiliate,finance_blogs,12-04-2025,monthly,29.97
509597,03-04-2025,paid_social,retargeting,,,0
509598,03-04-2025,paid_social,retargeting,,,0
509599,03-04-2025,affiliate,finance_blogs,,,0
509600,03-04-2025,paid_social,prospecting_video,,,0
509601,03-04-2025,paid_social,retargeting,,,0
509602,03-04-2025,affiliate,finance_blogs,,,0
509603,03-04-2025,paid_social,prospecting_video,,,0
509604,03-04-2025,paid_search,generic_search,,,0
509605,03-04-2025,paid_search,brand_search,,,0
509606,03-04-2025,paid_social,prospecting_video,,,0
509607,03-04-2025,paid_search,brand_search,,,0
509608,03-04-2025,paid_social,prospecting_video,,,0
509609,03-04-2025,paid_social,retargeting,,,0
509610,03-04-2025,paid_social,prospecting_video,,,0
509611,03-04-2025,paid_social,prospecting_video,,,0
509612,03-04-2025,paid_social,prospecting_video,,,0
509613,03-04-2025,organic,,,,0
509614,03-04-2025,paid_search,generic_search,04-04-2025,monthly,29.97
509615,03-04-2025,referral,,,,0
509616,03-04-2025,display,display_network,,,0
509617,03-04-2025,paid_social,prospecting_video,,,0
509618,03-04-2025,paid_social,prospecting_video,,,0
509619,03-04-2025,organic,,,,0
509620,03-04-2025,paid_search,brand_search,,,0
509621,03-04-2025,paid_social,prospecting_video,,,0
509622,03-04-2025,paid_social,prospecting_video,,,0
509623,03-04-2025,paid_social,prospecting_video,,,0
509624,03-04-2025,paid_social,prospecting_video,,,0
509625,03-04-2025,paid_search,brand_search,,,0
509626,03-04-2025,paid_social,prospecting_video,,,0
509627,03-04-2025,organic,,,,0
509628,03-04-2025,paid_search,brand_search,,,0
509629,03-04-2025,display,display_network,,,0
509630,03-04-2025,paid_social,prospecting_video,,,0
509631,03-04-2025,paid_search,brand_search,,,0
509632,03-04-2025,organic,,,,0
509633,03-04-2025,paid_social,prospecting_video,,,0
509634,03-04-2025,organic,,,,0
509635,03-04-2025,paid_social,retargeting,04-04-2025,monthly,9.99
509636,03-04-2025,paid_social,retargeting,,,0
509637,03-04-2025,paid_search,brand_search,,,0
509638,03-04-2025,paid_search,brand_search,,,0
509639,03-04-2025,organic,,,,0
509640,03-04-2025,paid_social,prospecting_video,,,0
509641,03-04-2025,paid_search,brand_search,05-04-2025,monthly,29.97
509642,03-04-2025,paid_search,brand_search,,,0
509643,03-04-2025,organic,,,,0
509644,03-04-2025,paid_social,retargeting,,,0
509645,03-04-2025,paid_social,prospecting_video,,,0
509646,03-04-2025,paid_social,prospecting_video,,,0
509647,03-04-2025,paid_social,prospecting_video,,,0
509648,03-04-2025,paid_search,generic_search,,,0
509649,03-04-2025,paid_search,generic_search,03-04-2025,monthly,29.97
509650,03-04-2025,organic,,,,0
509651,03-04-2025,paid_social,retargeting,03-04-2025,monthly,29.97
509652,03-04-2025,paid_social,prospecting_video,,,0
509653,03-04-2025,paid_search,generic_search,,,0
509654,03-04-2025,paid_search,generic_search,,,0
509655,03-04-2025,paid_social,prospecting_video,,,0
509656,03-04-2025,paid_social,prospecting_video,,,0
509657,03-04-2025,paid_search,brand_search,10-04-2025,annual,79.99
509658,03-04-2025,paid_social,prospecting_video,,,0
509659,03-04-2025,paid_search,generic_search,,,0
509660,03-04-2025,paid_social,prospecting_video,05-04-2025,monthly,29.97
509661,03-04-2025,organic,,,,0
509662,03-04-2025,paid_social,prospecting_video,,,0
509663,03-04-2025,paid_search,brand_search,,,0
509664,03-04-2025,paid_search,generic_search,05-04-2025,monthly,29.97
509665,03-04-2025,paid_social,retargeting,,,0
509666,03-04-2025,paid_search,generic_search,07-04-2025,monthly,19.98
509667,03-04-2025,paid_social,prospecting_video,,,0
509668,03-04-2025,paid_social,prospecting_video,,,0
509669,03-04-2025,paid_search,generic_search,,,0
509670,03-04-2025,paid_search,generic_search,06-04-2025,annual,79.99
509671,03-04-2025,organic,,,,0
509672,03-04-2025,organic,,,,0
509673,03-04-2025,organic,,,,0
509674,03-04-2025,paid_social,prospecting_video,,,0
509675,03-04-2025,paid_social,retargeting,,,0
509676,03-04-2025,organic,,,,0
509677,04-04-2025,paid_social,prospecting_video,,,0
509678,04-04-2025,paid_search,brand_search,,,0
509679,04-04-2025,paid_social,retargeting,04-04-2025,monthly,29.97
509680,04-04-2025,paid_search,generic_search,,,0
509681,04-04-2025,organic,,,,0
509682,04-04-2025,paid_search,brand_search,09-04-2025,annual,79.99
509683,04-04-2025,affiliate,finance_blogs,,,0
509684,04-04-2025,paid_social,retargeting,,,0
509685,04-04-2025,paid_social,retargeting,,,0
509686,04-04-2025,paid_search,generic_search,06-04-2025,monthly,29.97
509687,04-04-2025,paid_social,prospecting_video,,,0
509688,04-04-2025,affiliate,finance_blogs,,,0
509689,04-04-2025,paid_social,retargeting,,,0
509690,04-04-2025,paid_social,prospecting_video,04-04-2025,monthly,19.98
509691,04-04-2025,paid_social,retargeting,07-04-2025,monthly,29.97
509692,04-04-2025,organic,,,,0
509693,04-04-2025,paid_search,brand_search,,,0
509694,04-04-2025,paid_social,prospecting_video,,,0
509695,04-04-2025,organic,,,,0
509696,04-04-2025,organic,,,,0
509697,04-04-2025,paid_search,brand_search,,,0
509698,04-04-2025,paid_search,generic_search,04-04-2025,annual,79.99
509699,04-04-2025,paid_search,generic_search,,,0
509700,04-04-2025,paid_search,brand_search,,,0
509701,04-04-2025,paid_search,generic_search,,,0
509702,04-04-2025,paid_social,prospecting_video,,,0
509703,04-04-2025,organic,,,,0
509704,04-04-2025,paid_social,prospecting_video,,,0
509705,04-04-2025,referral,,,,0
509706,04-04-2025,paid_search,brand_search,,,0
509707,04-04-2025,paid_social,prospecting_video,,,0
509708,04-04-2025,paid_social,retargeting,,,0
509709,04-04-2025,paid_social,retargeting,09-04-2025,monthly,9.99
509710,04-04-2025,organic,,,,0
509711,04-04-2025,paid_social,prospecting_video,,,0
509712,04-04-2025,paid_social,prospecting_video,,,0
509713,04-04-2025,paid_search,brand_search,08-04-2025,monthly,29.97
509714,04-04-2025,organic,,,,0
509715,04-04-2025,organic,,,,0
509716,04-04-2025,paid_social,prospecting_video,,,0
509717,04-04-2025,paid_social,prospecting_video,,,0
509718,04-04-2025,paid_search,generic_search,,,0
509719,04-04-2025,paid_social,prospecting_video,,,0
509720,04-04-2025,paid_social,prospecting_video,,,0
509721,04-04-2025,paid_social,prospecting_video,,,0
509722,04-04-2025,affiliate,finance_blogs,,,0
509723,04-04-2025,paid_social,prospecting_video,,,0
509724,04-04-2025,organic,,08-04-2025,monthly,29.97
509725,04-04-2025,paid_social,prospecting_video,,,0
509726,04-04-2025,organic,,,,0
509727,04-04-2025,paid_social,retargeting,,,0
509728,04-04-2025,paid_search,generic_search,,,0
509729,04-04-2025,paid_search,generic_search,05-04-2025,monthly,29.97
509730,04-04-2025,paid_social,prospecting_video,,,0
509731,04-04-2025,referral,,,,0
509732,04-04-2025,paid_social,prospecting_video,,,0
509733,04-04-2025,affiliate,finance_blogs,,,0
509734,04-04-2025,paid_search,generic_search,06-04-2025,monthly,19.98
509735,04-04-2025,affiliate,finance_blogs,,,0
509736,04-04-2025,organic,,,,0
509737,04-04-2025,paid_social,prospecting_video,,,0
509738,04-04-2025,referral,,,,0
509739,04-04-2025,paid_social,retargeting,,,0
509740,04-04-2025,referral,,,,0
509741,04-04-2025,paid_social,prospecting_video,,,0
509742,04-04-2025,paid_social,prospecting_video,,,0
509743,04-04-2025,paid_social,retargeting,,,0
509744,04-04-2025,organic,,,,0
509745,04-04-2025,paid_search,brand_search,,,0
509746,04-04-2025,paid_social,retargeting,,,0
509747,04-04-2025,paid_social,prospecting_video,,,0
509748,04-04-2025,paid_social,prospecting_video,,,0
509749,04-04-2025,affiliate,finance_blogs,,,0
509750,04-04-2025,organic,,07-04-2025,monthly,19.98
509751,04-04-2025,paid_search,generic_search,,,0
509752,04-04-2025,paid_search,brand_search,,,0
509753,04-04-2025,affiliate,finance_blogs,,,0
509754,04-04-2025,affiliate,finance_blogs,,,0
509755,04-04-2025,paid_search,generic_search,,,0
509756,04-04-2025,paid_search,generic_search,,,0
509757,04-04-2025,organic,,,,0
509758,04-04-2025,paid_search,brand_search,,,0
509759,04-04-2025,organic,,06-04-2025,monthly,9.99
509760,04-04-2025,organic,,,,0
509761,04-04-2025,organic,,,,0
509762,04-04-2025,organic,,04-04-2025,monthly,19.98
509763,04-04-2025,paid_social,retargeting,,,0
509764,04-04-2025,paid_social,prospecting_video,,,0
509765,04-04-2025,paid_search,brand_search,,,0
509766,04-04-2025,paid_social,retargeting,,,0
509767,04-04-2025,organic,,,,0
509768,04-04-2025,paid_social,prospecting_video,,,0
509769,04-04-2025,paid_search,brand_search,12-04-2025,annual,79.99
509770,04-04-2025,paid_social,prospecting_video,,,0
509771,04-04-2025,paid_social,retargeting,,,0
509772,04-04-2025,paid_search,brand_search,,,0
509773,04-04-2025,paid_search,brand_search,,,0
509774,04-04-2025,paid_social,retargeting,,,0
509775,04-04-2025,paid_social,prospecting_video,,,0
509776,04-04-2025,paid_social,retargeting,,,0
509777,04-04-2025,paid_social,retargeting,,,0
509778,04-04-2025,display,display_network,07-04-2025,monthly,29.97
509779,05-04-2025,paid_social,prospecting_video,,,0
509780,05-04-2025,paid_social,prospecting_video,,,0
509781,05-04-2025,paid_social,prospecting_video,,,0
509782,05-04-2025,paid_social,prospecting_video,,,0
509783,05-04-2025,paid_search,brand_search,,,0
509784,05-04-2025,paid_social,prospecting_video,,,0
509785,05-04-2025,paid_social,prospecting_video,,,0
509786,05-04-2025,paid_social,prospecting_video,,,0
509787,05-04-2025,referral,,,,0
509788,05-04-2025,paid_search,brand_search,,,0
509789,05-04-2025,referral,,,,0
509790,05-04-2025,paid_search,generic_search,05-04-2025,monthly,29.97
509791,05-04-2025,organic,,,,0
509792,05-04-2025,paid_search,generic_search,,,0
509793,05-04-2025,organic,,,,0
509794,05-04-2025,paid_social,prospecting_video,,,0
509795,05-04-2025,paid_social,prospecting_video,,,0
509796,05-04-2025,organic,,,,0
509797,05-04-2025,organic,,,,0
509798,05-04-2025,paid_social,prospecting_video,,,0
509799,05-04-2025,organic,,,,0
509800,05-04-2025,paid_social,prospecting_video,,,0
509801,05-04-2025,organic,,,,0
509802,05-04-2025,referral,,,,0
509803,05-04-2025,affiliate,finance_blogs,07-04-2025,monthly,29.97
509804,05-04-2025,paid_social,prospecting_video,,,0
509805,05-04-2025,organic,,,,0
509806,05-04-2025,organic,,,,0
509807,05-04-2025,organic,,,,0
509808,05-04-2025,organic,,,,0
509809,05-04-2025,affiliate,finance_blogs,,,0
509810,05-04-2025,paid_social,prospecting_video,,,0
509811,05-04-2025,paid_social,prospecting_video,,,0
509812,05-04-2025,affiliate,finance_blogs,,,0
509813,05-04-2025,referral,,07-04-2025,monthly,29.97
509814,05-04-2025,paid_social,prospecting_video,,,0
509815,05-04-2025,organic,,,,0
509816,05-04-2025,organic,,,,0
509817,05-04-2025,paid_social,prospecting_video,,,0
509818,05-04-2025,paid_search,generic_search,,,0
509819,05-04-2025,paid_social,prospecting_video,,,0
509820,05-04-2025,affiliate,finance_blogs,,,0
509821,05-04-2025,paid_social,prospecting_video,,,0
509822,05-04-2025,paid_social,retargeting,,,0
509823,05-04-2025,paid_social,prospecting_video,,,0
509824,05-04-2025,affiliate,finance_blogs,,,0
509825,05-04-2025,paid_social,prospecting_video,,,0
509826,05-04-2025,paid_social,retargeting,,,0
509827,05-04-2025,paid_social,retargeting,,,0
509828,05-04-2025,paid_social,prospecting_video,,,0
509829,05-04-2025,paid_social,retargeting,06-04-2025,monthly,29.97
509830,05-04-2025,organic,,,,0
509831,05-04-2025,paid_social,prospecting_video,,,0
509832,05-04-2025,paid_search,generic_search,,,0
509833,05-04-2025,paid_search,generic_search,,,0
509834,05-04-2025,paid_social,prospecting_video,,,0
509835,05-04-2025,paid_search,brand_search,,,0
509836,05-04-2025,organic,,07-04-2025,monthly,29.97
509837,05-04-2025,paid_social,prospecting_video,06-04-2025,monthly,19.98
509838,05-04-2025,paid_social,prospecting_video,,,0
509839,05-04-2025,paid_social,prospecting_video,,,0
509840,05-04-2025,referral,,06-04-2025,monthly,29.97
509841,05-04-2025,organic,,,,0
509842,05-04-2025,paid_search,generic_search,,,0
509843,05-04-2025,paid_social,retargeting,06-04-2025,monthly,29.97
509844,05-04-2025,organic,,,,0
509845,05-04-2025,organic,,,,0
509846,05-04-2025,paid_social,retargeting,,,0
509847,05-04-2025,paid_social,prospecting_video,,,0
509848,05-04-2025,paid_social,prospecting_video,,,0
509849,05-04-2025,referral,,,,0
509850,05-04-2025,paid_search,brand_search,,,0
509851,05-04-2025,paid_social,retargeting,,,0
509852,05-04-2025,paid_social,retargeting,05-04-2025,annual,79.99
509853,05-04-2025,paid_social,prospecting_video,,,0
509854,05-04-2025,organic,,,,0
509855,05-04-2025,paid_social,retargeting,,,0
509856,05-04-2025,paid_social,prospecting_video,,,0
509857,05-04-2025,organic,,08-04-2025,annual,79.99
509858,05-04-2025,paid_social,prospecting_video,,,0
509859,05-04-2025,paid_social,prospecting_video,,,0
509860,05-04-2025,paid_social,retargeting,09-04-2025,monthly,29.97
509861,05-04-2025,paid_search,generic_search,,,0
509862,05-04-2025,paid_social,retargeting,,,0
509863,05-04-2025,organic,,05-04-2025,monthly,9.99
509864,05-04-2025,paid_social,prospecting_video,,,0
509865,05-04-2025,paid_social,retargeting,,,0
509866,05-04-2025,paid_search,generic_search,09-04-2025,monthly,9.99
509867,05-04-2025,paid_social,prospecting_video,,,0
509868,05-04-2025,paid_search,brand_search,,,0
509869,05-04-2025,organic,,,,0
509870,05-04-2025,organic,,,,0
509871,05-04-2025,paid_search,generic_search,,,0
509872,05-04-2025,paid_social,prospecting_video,05-04-2025,monthly,19.98
509873,05-04-2025,paid_social,retargeting,,,0
509874,05-04-2025,paid_social,retargeting,,,0
509875,05-04-2025,organic,,,,0
509876,05-04-2025,paid_search,brand_search,18-04-2025,monthly,29.97
509877,05-04-2025,paid_social,prospecting_video,,,0
509878,05-04-2025,paid_search,brand_search,,,0
509879,05-04-2025,paid_social,prospecting_video,,,0
509880,05-04-2025,organic,,,,0
509881,05-04-2025,paid_social,retargeting,05-04-2025,monthly,19.98
509882,05-04-2025,organic,,,,0
509883,05-04-2025,paid_social,prospecting_video,,,0
509884,05-04-2025,paid_social,prospecting_video,,,0
509885,05-04-2025,paid_social,retargeting,,,0
509886,05-04-2025,referral,,,,0
509887,05-04-2025,affiliate,finance_blogs,,,0
509888,05-04-2025,paid_social,retargeting,05-04-2025,annual,79.99
509889,05-04-2025,organic,,,,0
509890,05-04-2025,paid_social,retargeting,,,0
509891,06-04-2025,organic,,,,0
509892,06-04-2025,paid_social,prospecting_video,,,0
509893,06-04-2025,organic,,,,0
509894,06-04-2025,paid_search,generic_search,,,0
509895,06-04-2025,paid_social,prospecting_video,,,0
509896,06-04-2025,organic,,,,0
509897,06-04-2025,paid_search,generic_search,,,0
509898,06-04-2025,paid_social,prospecting_video,,,0
509899,06-04-2025,paid_social,prospecting_video,,,0
509900,06-04-2025,organic,,,,0
509901,06-04-2025,paid_social,retargeting,,,0
509902,06-04-2025,paid_search,brand_search,,,0
509903,06-04-2025,paid_social,prospecting_video,,,0
509904,06-04-2025,affiliate,finance_blogs,,,0
509905,06-04-2025,paid_social,prospecting_video,,,0
509906,06-04-2025,paid_social,prospecting_video,,,0
509907,06-04-2025,organic,,,,0
509908,06-04-2025,paid_search,generic_search,06-04-2025,monthly,29.97
509909,06-04-2025,paid_search,brand_search,07-04-2025,monthly,19.98
509910,06-04-2025,paid_social,retargeting,,,0
509911,06-04-2025,paid_social,prospecting_video,,,0
509912,06-04-2025,paid_social,retargeting,,,0
509913,06-04-2025,paid_social,prospecting_video,,,0
509914,06-04-2025,paid_social,prospecting_video,,,0
509915,06-04-2025,paid_social,retargeting,,,0
509916,06-04-2025,organic,,,,0
509917,06-04-2025,organic,,,,0
509918,06-04-2025,paid_social,prospecting_video,,,0
509919,06-04-2025,paid_search,brand_search,,,0
509920,06-04-2025,paid_social,retargeting,,,0
509921,06-04-2025,paid_social,prospecting_video,,,0
509922,06-04-2025,display,display_network,,,0
509923,06-04-2025,paid_social,prospecting_video,,,0
509924,06-04-2025,paid_social,prospecting_video,,,0
509925,06-04-2025,organic,,06-04-2025,annual,79.99
509926,06-04-2025,paid_search,generic_search,,,0
509927,06-04-2025,organic,,,,0
509928,06-04-2025,paid_search,generic_search,,,0
509929,06-04-2025,paid_search,brand_search,,,0
509930,06-04-2025,display,display_network,,,0
509931,06-04-2025,referral,,,,0
509932,06-04-2025,organic,,,,0
509933,06-04-2025,paid_social,prospecting_video,,,0
509934,06-04-2025,referral,,,,0
509935,06-04-2025,paid_search,generic_search,,,0
509936,06-04-2025,paid_social,retargeting,,,0
509937,06-04-2025,organic,,,,0
509938,06-04-2025,paid_social,prospecting_video,,,0
509939,06-04-2025,paid_social,retargeting,,,0
509940,06-04-2025,referral,,,,0
509941,06-04-2025,paid_social,prospecting_video,,,0
509942,06-04-2025,paid_social,prospecting_video,,,0
509943,06-04-2025,paid_social,retargeting,,,0
509944,06-04-2025,affiliate,finance_blogs,,,0
509945,06-04-2025,referral,,,,0
509946,06-04-2025,paid_social,retargeting,,,0
509947,06-04-2025,paid_search,brand_search,06-04-2025,monthly,19.98
509948,06-04-2025,organic,,06-04-2025,annual,79.99
509949,06-04-2025,organic,,,,0
509950,06-04-2025,paid_social,prospecting_video,,,0
509951,06-04-2025,paid_social,prospecting_video,,,0
509952,06-04-2025,paid_social,prospecting_video,,,0
509953,06-04-2025,paid_search,generic_search,,,0
509954,06-04-2025,paid_search,generic_search,,,0
509955,06-04-2025,paid_social,prospecting_video,,,0
509956,06-04-2025,paid_social,prospecting_video,,,0
509957,06-04-2025,referral,,,,0
509958,06-04-2025,paid_social,prospecting_video,,,0
509959,06-04-2025,paid_social,prospecting_video,,,0
509960,06-04-2025,affiliate,finance_blogs,,,0
509961,06-04-2025,paid_social,prospecting_video,,,0
509962,06-04-2025,paid_search,generic_search,,,0
509963,06-04-2025,paid_search,generic_search,,,0
509964,06-04-2025,organic,,,,0
509965,06-04-2025,paid_social,prospecting_video,09-04-2025,annual,79.99
509966,06-04-2025,organic,,,,0
509967,06-04-2025,paid_social,retargeting,,,0
509968,06-04-2025,organic,,,,0
509969,06-04-2025,paid_search,brand_search,,,0
509970,06-04-2025,display,display_network,,,0
509971,06-04-2025,paid_search,generic_search,,,0
509972,06-04-2025,paid_social,retargeting,,,0
509973,06-04-2025,paid_search,brand_search,,,0
509974,06-04-2025,display,display_network,15-04-2025,monthly,29.97
509975,06-04-2025,paid_social,prospecting_video,18-04-2025,monthly,9.99
509976,06-04-2025,paid_social,prospecting_video,,,0
509977,06-04-2025,paid_social,retargeting,,,0
509978,06-04-2025,referral,,07-04-2025,annual,79.99
509979,06-04-2025,organic,,,,0
509980,06-04-2025,organic,,,,0
509981,06-04-2025,paid_search,brand_search,,,0
509982,06-04-2025,referral,,,,0
509983,06-04-2025,organic,,,,0
509984,06-04-2025,affiliate,finance_blogs,07-04-2025,annual,79.99
509985,06-04-2025,referral,,,,0
509986,06-04-2025,paid_search,brand_search,16-04-2025,monthly,9.99
509987,07-04-2025,paid_search,brand_search,,,0
509988,07-04-2025,paid_social,retargeting,,,0
509989,07-04-2025,paid_social,prospecting_video,,,0
509990,07-04-2025,referral,,,,0
509991,07-04-2025,paid_search,generic_search,,,0
509992,07-04-2025,paid_social,retargeting,,,0
509993,07-04-2025,referral,,,,0
509994,07-04-2025,referral,,,,0
509995,07-04-2025,paid_search,brand_search,,,0
509996,07-04-2025,paid_social,prospecting_video,,,0
509997,07-04-2025,affiliate,finance_blogs,,,0
509998,07-04-2025,paid_social,prospecting_video,,,0
509999,07-04-2025,organic,,,,0
510000,07-04-2025,paid_social,retargeting,15-04-2025,annual,79.99
510001,07-04-2025,paid_search,generic_search,,,0
510002,07-04-2025,paid_search,brand_search,07-04-2025,monthly,29.97
510003,07-04-2025,organic,,,,0
510004,07-04-2025,paid_search,brand_search,,,0
510005,07-04-2025,affiliate,finance_blogs,,,0
510006,07-04-2025,paid_social,prospecting_video,,,0
510007,07-04-2025,paid_social,prospecting_video,,,0
510008,07-04-2025,paid_social,retargeting,,,0
510009,07-04-2025,organic,,,,0
510010,07-04-2025,paid_social,prospecting_video,,,0
510011,07-04-2025,paid_search,generic_search,,,0
510012,07-04-2025,paid_social,prospecting_video,11-04-2025,monthly,9.99
510013,07-04-2025,organic,,,,0
510014,07-04-2025,paid_social,prospecting_video,,,0
510015,07-04-2025,paid_social,retargeting,,,0
510016,07-04-2025,paid_search,generic_search,,,0
510017,07-04-2025,paid_search,brand_search,,,0
510018,07-04-2025,paid_search,brand_search,,,0
510019,07-04-2025,display,display_network,,,0
510020,07-04-2025,paid_social,prospecting_video,14-04-2025,monthly,9.99
510021,07-04-2025,paid_social,prospecting_video,,,0
510022,07-04-2025,paid_social,prospecting_video,,,0
510023,07-04-2025,paid_social,prospecting_video,,,0
510024,07-04-2025,paid_social,prospecting_video,,,0
510025,07-04-2025,paid_social,prospecting_video,,,0
510026,07-04-2025,paid_social,prospecting_video,,,0
510027,07-04-2025,paid_social,prospecting_video,,,0
510028,07-04-2025,organic,,,,0
510029,07-04-2025,referral,,,,0
510030,07-04-2025,display,display_network,,,0
510031,07-04-2025,paid_social,prospecting_video,,,0
510032,07-04-2025,paid_social,prospecting_video,,,0
510033,07-04-2025,paid_search,generic_search,13-04-2025,annual,79.99
510034,07-04-2025,organic,,,,0
510035,07-04-2025,paid_search,generic_search,,,0
510036,07-04-2025,organic,,,,0
510037,07-04-2025,paid_social,prospecting_video,,,0
510038,07-04-2025,organic,,,,0
510039,07-04-2025,organic,,10-04-2025,monthly,19.98
510040,07-04-2025,organic,,,,0
510041,07-04-2025,paid_search,brand_search,,,0
510042,07-04-2025,affiliate,finance_blogs,,,0
510043,07-04-2025,paid_social,prospecting_video,,,0
510044,07-04-2025,paid_social,prospecting_video,,,0
510045,07-04-2025,paid_social,retargeting,,,0
510046,07-04-2025,paid_social,prospecting_video,,,0
510047,07-04-2025,organic,,,,0
510048,07-04-2025,paid_social,prospecting_video,,,0
510049,07-04-2025,paid_search,brand_search,,,0
510050,07-04-2025,paid_search,brand_search,,,0
510051,07-04-2025,organic,,,,0
510052,07-04-2025,organic,,,,0
510053,07-04-2025,paid_social,prospecting_video,,,0
510054,07-04-2025,paid_social,prospecting_video,,,0
510055,07-04-2025,paid_social,retargeting,,,0
510056,07-04-2025,paid_search,generic_search,,,0
510057,07-04-2025,paid_search,brand_search,,,0
510058,07-04-2025,paid_social,prospecting_video,07-04-2025,annual,79.99
510059,07-04-2025,organic,,,,0
510060,07-04-2025,paid_social,prospecting_video,,,0
510061,07-04-2025,paid_search,generic_search,,,0
510062,07-04-2025,paid_social,prospecting_video,,,0
510063,07-04-2025,paid_search,brand_search,,,0
510064,07-04-2025,paid_search,generic_search,,,0
510065,07-04-2025,paid_search,brand_search,,,0
510066,07-04-2025,paid_social,prospecting_video,,,0
510067,07-04-2025,paid_social,prospecting_video,,,0
510068,07-04-2025,paid_social,prospecting_video,,,0
510069,07-04-2025,paid_search,brand_search,13-04-2025,monthly,29.97
510070,07-04-2025,paid_social,prospecting_video,,,0
510071,07-04-2025,paid_search,brand_search,07-04-2025,monthly,29.97
510072,07-04-2025,affiliate,finance_blogs,,,0
510073,07-04-2025,paid_social,prospecting_video,,,0
510074,07-04-2025,paid_social,prospecting_video,,,0
510075,07-04-2025,paid_search,generic_search,,,0
510076,07-04-2025,paid_search,brand_search,17-04-2025,annual,79.99
510077,07-04-2025,organic,,,,0
510078,07-04-2025,paid_social,retargeting,,,0
510079,08-04-2025,paid_social,prospecting_video,,,0
510080,08-04-2025,paid_search,generic_search,,,0
510081,08-04-2025,paid_social,retargeting,,,0
510082,08-04-2025,paid_social,prospecting_video,,,0
510083,08-04-2025,organic,,,,0
510084,08-04-2025,paid_social,prospecting_video,,,0
510085,08-04-2025,paid_social,prospecting_video,,,0
510086,08-04-2025,display,display_network,,,0
510087,08-04-2025,paid_search,brand_search,,,0
510088,08-04-2025,paid_social,retargeting,,,0
510089,08-04-2025,paid_social,prospecting_video,,,0
510090,08-04-2025,paid_social,prospecting_video,,,0
510091,08-04-2025,paid_social,prospecting_video,,,0
510092,08-04-2025,paid_search,generic_search,,,0
510093,08-04-2025,paid_search,generic_search,,,0
510094,08-04-2025,paid_social,prospecting_video,,,0
510095,08-04-2025,referral,,,,0
510096,08-04-2025,paid_social,prospecting_video,,,0
510097,08-04-2025,paid_social,retargeting,,,0
510098,08-04-2025,paid_social,prospecting_video,09-04-2025,monthly,19.98
510099,08-04-2025,paid_search,generic_search,12-04-2025,monthly,29.97
510100,08-04-2025,paid_social,prospecting_video,,,0
510101,08-04-2025,paid_social,prospecting_video,,,0
510102,08-04-2025,organic,,,,0
510103,08-04-2025,paid_search,brand_search,,,0
510104,08-04-2025,paid_social,prospecting_video,,,0
510105,08-04-2025,paid_social,prospecting_video,,,0
510106,08-04-2025,paid_social,retargeting,,,0
510107,08-04-2025,paid_social,retargeting,,,0
510108,08-04-2025,paid_social,prospecting_video,,,0
510109,08-04-2025,paid_social,prospecting_video,,,0
510110,08-04-2025,organic,,,,0
510111,08-04-2025,paid_search,brand_search,,,0
510112,08-04-2025,paid_search,brand_search,16-04-2025,annual,79.99
510113,08-04-2025,paid_social,retargeting,,,0
510114,08-04-2025,paid_search,generic_search,13-04-2025,monthly,29.97
510115,08-04-2025,paid_social,prospecting_video,,,0
510116,08-04-2025,paid_social,prospecting_video,,,0
510117,08-04-2025,paid_social,retargeting,10-04-2025,monthly,29.97
510118,08-04-2025,paid_social,prospecting_video,,,0
510119,08-04-2025,organic,,,,0
510120,08-04-2025,paid_social,retargeting,,,0
510121,08-04-2025,paid_social,retargeting,,,0
510122,08-04-2025,paid_social,prospecting_video,,,0
510123,08-04-2025,paid_search,generic_search,,,0
510124,08-04-2025,paid_social,prospecting_video,,,0
510125,08-04-2025,paid_social,prospecting_video,,,0
510126,08-04-2025,paid_social,retargeting,10-04-2025,monthly,29.97
510127,08-04-2025,paid_search,generic_search,,,0
510128,08-04-2025,organic,,,,0
510129,08-04-2025,paid_social,prospecting_video,,,0
510130,08-04-2025,organic,,,,0
510131,08-04-2025,paid_search,brand_search,,,0
510132,08-04-2025,paid_social,prospecting_video,,,0
510133,08-04-2025,paid_social,prospecting_video,,,0
510134,08-04-2025,referral,,,,0
510135,08-04-2025,paid_social,retargeting,,,0
510136,08-04-2025,organic,,,,0
510137,08-04-2025,referral,,,,0
510138,08-04-2025,paid_social,retargeting,,,0
510139,08-04-2025,display,display_network,,,0
510140,08-04-2025,paid_social,retargeting,,,0
510141,08-04-2025,paid_social,prospecting_video,,,0
510142,08-04-2025,paid_social,prospecting_video,,,0
510143,08-04-2025,organic,,,,0
510144,08-04-2025,paid_search,brand_search,,,0
510145,08-04-2025,paid_search,brand_search,08-04-2025,annual,79.99
510146,08-04-2025,referral,,,,0
510147,08-04-2025,paid_search,generic_search,19-04-2025,monthly,29.97
510148,08-04-2025,organic,,,,0
510149,08-04-2025,paid_social,prospecting_video,,,0
510150,08-04-2025,paid_social,retargeting,,,0
510151,08-04-2025,paid_social,prospecting_video,,,0
510152,08-04-2025,paid_social,retargeting,,,0
510153,08-04-2025,paid_social,prospecting_video,,,0
510154,08-04-2025,affiliate,finance_blogs,,,0
510155,08-04-2025,paid_social,retargeting,,,0
510156,08-04-2025,paid_search,brand_search,,,0
510157,08-04-2025,paid_social,retargeting,10-04-2025,annual,79.99
510158,08-04-2025,organic,,09-04-2025,monthly,29.97
510159,08-04-2025,paid_social,prospecting_video,,,0
510160,08-04-2025,organic,,,,0
510161,08-04-2025,paid_social,prospecting_video,,,0
510162,08-04-2025,paid_social,prospecting_video,,,0
510163,08-04-2025,paid_social,retargeting,,,0
510164,08-04-2025,paid_social,retargeting,14-04-2025,monthly,29.97
510165,08-04-2025,paid_search,brand_search,13-04-2025,monthly,19.98
510166,08-04-2025,paid_social,prospecting_video,15-04-2025,annual,79.99
510167,08-04-2025,affiliate,finance_blogs,,,0
510168,08-04-2025,paid_social,retargeting,,,0
510169,08-04-2025,paid_social,prospecting_video,,,0
510170,08-04-2025,paid_social,prospecting_video,15-04-2025,monthly,19.98
510171,08-04-2025,organic,,,,0
510172,08-04-2025,paid_social,prospecting_video,,,0
510173,08-04-2025,paid_social,retargeting,,,0
510174,08-04-2025,paid_search,generic_search,,,0
510175,08-04-2025,affiliate,finance_blogs,,,0
510176,08-04-2025,paid_social,prospecting_video,,,0
510177,08-04-2025,paid_social,retargeting,,,0
510178,08-04-2025,paid_search,generic_search,,,0
510179,08-04-2025,paid_search,brand_search,,,0
510180,08-04-2025,organic,,,,0
510181,08-04-2025,referral,,,,0
510182,08-04-2025,paid_search,brand_search,,,0
510183,08-04-2025,paid_social,prospecting_video,,,0
510184,08-04-2025,organic,,,,0
510185,08-04-2025,paid_social,prospecting_video,,,0
510186,08-04-2025,paid_search,brand_search,12-04-2025,monthly,29.97
510187,08-04-2025,paid_social,retargeting,,,0
510188,08-04-2025,paid_social,prospecting_video,,,0
510189,08-04-2025,paid_search,brand_search,13-04-2025,monthly,29.97
510190,08-04-2025,paid_social,prospecting_video,,,0
510191,08-04-2025,paid_social,prospecting_video,,,0
510192,08-04-2025,paid_social,prospecting_video,,,0
510193,08-04-2025,paid_search,generic_search,,,0
510194,08-04-2025,paid_social,retargeting,,,0
510195,08-04-2025,paid_social,prospecting_video,,,0
510196,08-04-2025,referral,,,,0
510197,08-04-2025,paid_search,generic_search,,,0
510198,08-04-2025,referral,,08-04-2025,monthly,29.97
510199,08-04-2025,paid_search,brand_search,,,0
510200,09-04-2025,paid_search,brand_search,,,0
510201,09-04-2025,paid_social,prospecting_video,,,0
510202,09-04-2025,paid_search,brand_search,14-04-2025,annual,79.99
510203,09-04-2025,paid_search,brand_search,,,0
510204,09-04-2025,paid_social,prospecting_video,,,0
510205,09-04-2025,paid_social,retargeting,,,0
510206,09-04-2025,referral,,,,0
510207,09-04-2025,organic,,,,0
510208,09-04-2025,paid_search,generic_search,,,0
510209,09-04-2025,paid_social,prospecting_video,,,0
510210,09-04-2025,organic,,10-04-2025,annual,79.99
510211,09-04-2025,paid_social,prospecting_video,,,0
510212,09-04-2025,referral,,,,0
510213,09-04-2025,organic,,,,0
510214,09-04-2025,paid_social,prospecting_video,,,0
510215,09-04-2025,paid_social,prospecting_video,,,0
510216,09-04-2025,organic,,09-04-2025,monthly,29.97
510217,09-04-2025,paid_social,prospecting_video,,,0
510218,09-04-2025,paid_social,retargeting,,,0
510219,09-04-2025,paid_search,brand_search,09-04-2025,monthly,29.97
510220,09-04-2025,paid_social,prospecting_video,,,0
510221,09-04-2025,paid_social,prospecting_video,,,0
510222,09-04-2025,organic,,,,0
510223,09-04-2025,organic,,,,0
510224,09-04-2025,organic,,,,0
510225,09-04-2025,paid_search,generic_search,,,0
510226,09-04-2025,paid_social,prospecting_video,,,0
510227,09-04-2025,referral,,,,0
510228,09-04-2025,paid_social,prospecting_video,,,0
510229,09-04-2025,organic,,,,0
510230,09-04-2025,paid_search,brand_search,,,0
510231,09-04-2025,organic,,,,0
510232,09-04-2025,paid_social,retargeting,,,0
510233,09-04-2025,paid_social,prospecting_video,,,0
510234,09-04-2025,paid_social,retargeting,,,0
510235,09-04-2025,paid_search,brand_search,,,0
510236,09-04-2025,paid_social,prospecting_video,,,0
510237,09-04-2025,referral,,,,0
510238,09-04-2025,paid_search,brand_search,,,0
510239,09-04-2025,organic,,10-04-2025,monthly,9.99
510240,09-04-2025,paid_search,brand_search,12-04-2025,monthly,9.99
510241,09-04-2025,display,display_network,,,0
510242,09-04-2025,referral,,,,0
510243,09-04-2025,paid_search,brand_search,,,0
510244,09-04-2025,paid_social,prospecting_video,,,0
510245,09-04-2025,organic,,,,0
510246,09-04-2025,affiliate,finance_blogs,09-04-2025,annual,79.99
510247,09-04-2025,paid_social,prospecting_video,,,0
510248,09-04-2025,paid_social,retargeting,,,0
510249,09-04-2025,paid_social,retargeting,09-04-2025,monthly,29.97
510250,09-04-2025,paid_social,prospecting_video,,,0
510251,09-04-2025,organic,,10-04-2025,monthly,29.97
510252,09-04-2025,paid_search,generic_search,,,0
510253,09-04-2025,paid_social,prospecting_video,,,0
510254,09-04-2025,paid_social,prospecting_video,,,0
510255,09-04-2025,paid_search,brand_search,,,0
510256,09-04-2025,display,display_network,,,0
510257,09-04-2025,paid_social,prospecting_video,,,0
510258,09-04-2025,paid_social,prospecting_video,,,0
510259,09-04-2025,paid_search,generic_search,10-04-2025,monthly,9.99
510260,09-04-2025,paid_search,brand_search,,,0
510261,09-04-2025,paid_search,generic_search,,,0
510262,09-04-2025,organic,,,,0
510263,09-04-2025,paid_search,brand_search,,,0
510264,09-04-2025,organic,,,,0
510265,09-04-2025,paid_social,retargeting,,,0
510266,09-04-2025,paid_social,prospecting_video,,,0
510267,09-04-2025,organic,,,,0
510268,09-04-2025,organic,,,,0
510269,09-04-2025,organic,,,,0
510270,09-04-2025,organic,,,,0
510271,09-04-2025,paid_social,retargeting,,,0
510272,09-04-2025,paid_social,prospecting_video,,,0
510273,09-04-2025,paid_social,prospecting_video,,,0
510274,09-04-2025,paid_social,prospecting_video,,,0
510275,09-04-2025,paid_search,generic_search,,,0
510276,09-04-2025,affiliate,finance_blogs,,,0
510277,09-04-2025,referral,,,,0
510278,09-04-2025,paid_social,prospecting_video,,,0
510279,09-04-2025,paid_search,brand_search,,,0
510280,09-04-2025,paid_social,retargeting,,,0
510281,09-04-2025,paid_social,prospecting_video,,,0
510282,09-04-2025,paid_social,prospecting_video,,,0
510283,09-04-2025,paid_search,generic_search,12-04-2025,monthly,19.98
510284,09-04-2025,paid_social,prospecting_video,,,0
510285,09-04-2025,paid_social,retargeting,,,0
510286,09-04-2025,paid_social,retargeting,,,0
510287,09-04-2025,paid_social,prospecting_video,,,0
510288,09-04-2025,paid_social,prospecting_video,,,0
510289,09-04-2025,affiliate,finance_blogs,,,0
510290,09-04-2025,paid_social,prospecting_video,,,0
510291,09-04-2025,affiliate,finance_blogs,,,0
510292,09-04-2025,paid_social,prospecting_video,,,0
510293,09-04-2025,referral,,,,0
510294,09-04-2025,paid_social,prospecting_video,,,0
510295,09-04-2025,paid_social,prospecting_video,,,0
510296,09-04-2025,organic,,22-04-2025,monthly,29.97
510297,09-04-2025,paid_social,prospecting_video,,,0
510298,09-04-2025,paid_social,prospecting_video,,,0
510299,09-04-2025,paid_search,generic_search,,,0
510300,09-04-2025,paid_search,generic_search,,,0
510301,09-04-2025,organic,,,,0
510302,09-04-2025,paid_social,prospecting_video,,,0
510303,10-04-2025,paid_search,brand_search,,,0
510304,10-04-2025,organic,,,,0
510305,10-04-2025,organic,,,,0
510306,10-04-2025,paid_social,retargeting,,,0
510307,10-04-2025,display,display_network,,,0
510308,10-04-2025,organic,,,,0
510309,10-04-2025,paid_social,prospecting_video,,,0
510310,10-04-2025,organic,,,,0
510311,10-04-2025,paid_social,retargeting,15-04-2025,annual,79.99
510312,10-04-2025,referral,,,,0
510313,10-04-2025,paid_social,retargeting,,,0
510314,10-04-2025,paid_search,brand_search,,,0
510315,10-04-2025,paid_social,prospecting_video,,,0
510316,10-04-2025,paid_social,retargeting,,,0
510317,10-04-2025,organic,,,,0
510318,10-04-2025,affiliate,finance_blogs,,,0
510319,10-04-2025,paid_social,prospecting_video,,,0
510320,10-04-2025,paid_social,prospecting_video,,,0
510321,10-04-2025,paid_search,generic_search,,,0
510322,10-04-2025,organic,,,,0
510323,10-04-2025,organic,,10-04-2025,monthly,29.97
510324,10-04-2025,referral,,,,0
510325,10-04-2025,paid_social,retargeting,,,0
510326,10-04-2025,paid_social,prospecting_video,,,0
510327,10-04-2025,organic,,,,0
510328,10-04-2025,organic,,,,0
510329,10-04-2025,affiliate,finance_blogs,,,0
510330,10-04-2025,paid_social,retargeting,,,0
510331,10-04-2025,paid_social,prospecting_video,,,0
510332,10-04-2025,paid_social,prospecting_video,,,0
510333,10-04-2025,paid_social,retargeting,,,0
510334,10-04-2025,organic,,,,0
510335,10-04-2025,paid_social,prospecting_video,,,0
510336,10-04-2025,display,display_network,,,0
510337,10-04-2025,paid_social,prospecting_video,,,0
510338,10-04-2025,organic,,,,0
510339,10-04-2025,organic,,,,0
510340,10-04-2025,paid_social,prospecting_video,,,0
510341,10-04-2025,paid_search,generic_search,,,0
510342,10-04-2025,affiliate,finance_blogs,,,0
510343,10-04-2025,organic,,10-04-2025,monthly,29.97
510344,10-04-2025,paid_social,prospecting_video,,,0
510345,10-04-2025,paid_social,prospecting_video,,,0
510346,10-04-2025,paid_social,prospecting_video,,,0
510347,10-04-2025,paid_social,prospecting_video,,,0
510348,10-04-2025,affiliate,finance_blogs,,,0
510349,10-04-2025,paid_social,prospecting_video,,,0
510350,10-04-2025,paid_social,prospecting_video,,,0
510351,10-04-2025,paid_social,prospecting_video,,,0
510352,10-04-2025,paid_social,prospecting_video,,,0
510353,10-04-2025,paid_social,retargeting,,,0
510354,10-04-2025,referral,,,,0
510355,10-04-2025,paid_social,prospecting_video,,,0
510356,10-04-2025,affiliate,finance_blogs,10-04-2025,annual,79.99
510357,10-04-2025,paid_social,prospecting_video,,,0
510358,10-04-2025,paid_search,brand_search,,,0
510359,10-04-2025,referral,,,,0
510360,10-04-2025,referral,,,,0
510361,10-04-2025,paid_social,prospecting_video,,,0
510362,10-04-2025,paid_social,retargeting,,,0
510363,10-04-2025,paid_search,generic_search,,,0
510364,10-04-2025,paid_social,prospecting_video,23-04-2025,annual,79.99
510365,10-04-2025,organic,,,,0
510366,10-04-2025,paid_social,prospecting_video,,,0
510367,10-04-2025,paid_social,prospecting_video,,,0
510368,10-04-2025,paid_social,prospecting_video,,,0
510369,10-04-2025,paid_social,prospecting_video,,,0
510370,10-04-2025,paid_search,generic_search,,,0
510371,10-04-2025,paid_social,prospecting_video,,,0
510372,10-04-2025,paid_search,brand_search,,,0
510373,10-04-2025,organic,,,,0
510374,10-04-2025,paid_social,prospecting_video,,,0
510375,10-04-2025,paid_search,generic_search,11-04-2025,monthly,29.97
510376,10-04-2025,paid_search,brand_search,,,0
510377,10-04-2025,paid_social,prospecting_video,,,0
510378,10-04-2025,affiliate,finance_blogs,,,0
510379,10-04-2025,paid_social,prospecting_video,,,0
510380,10-04-2025,paid_social,prospecting_video,,,0
510381,10-04-2025,paid_social,prospecting_video,,,0
510382,10-04-2025,paid_search,brand_search,,,0
510383,10-04-2025,organic,,,,0
510384,10-04-2025,paid_social,retargeting,,,0
510385,10-04-2025,affiliate,finance_blogs,,,0
510386,10-04-2025,organic,,,,0
510387,10-04-2025,paid_social,prospecting_video,,,0
510388,10-04-2025,organic,,11-04-2025,monthly,9.99
510389,10-04-2025,paid_social,prospecting_video,,,0
510390,10-04-2025,paid_search,brand_search,13-04-2025,monthly,29.97
510391,10-04-2025,paid_social,prospecting_video,,,0
510392,10-04-2025,paid_social,prospecting_video,,,0
510393,10-04-2025,paid_social,retargeting,,,0
510394,10-04-2025,paid_social,prospecting_video,,,0
510395,10-04-2025,referral,,,,0
510396,10-04-2025,paid_social,prospecting_video,,,0
510397,10-04-2025,paid_social,prospecting_video,,,0
510398,10-04-2025,organic,,,,0
510399,10-04-2025,paid_social,prospecting_video,,,0
510400,10-04-2025,paid_search,generic_search,,,0
510401,10-04-2025,paid_social,prospecting_video,,,0
510402,10-04-2025,display,display_network,,,0
510403,10-04-2025,paid_search,generic_search,,,0
510404,10-04-2025,paid_social,prospecting_video,,,0
510405,10-04-2025,paid_social,prospecting_video,,,0
510406,10-04-2025,paid_search,generic_search,,,0
510407,10-04-2025,paid_social,retargeting,15-04-2025,monthly,9.99
510408,10-04-2025,paid_search,generic_search,,,0
510409,10-04-2025,paid_social,prospecting_video,,,0
510410,10-04-2025,paid_social,prospecting_video,,,0
510411,10-04-2025,paid_social,prospecting_video,,,0
510412,11-04-2025,paid_social,prospecting_video,,,0
510413,11-04-2025,organic,,,,0
510414,11-04-2025,paid_social,prospecting_video,,,0
510415,11-04-2025,paid_social,prospecting_video,,,0
510416,11-04-2025,organic,,,,0
510417,11-04-2025,paid_search,brand_search,13-04-2025,monthly,29.97
510418,11-04-2025,paid_search,brand_search,,,0
510419,11-04-2025,paid_social,retargeting,,,0
510420,11-04-2025,referral,,,,0
510421,11-04-2025,organic,,,,0
510422,11-04-2025,paid_social,prospecting_video,,,0
510423,11-04-2025,referral,,,,0
510424,11-04-2025,paid_search,generic_search,,,0
510425,11-04-2025,paid_social,prospecting_video,,,0
510426,11-04-2025,referral,,,,0
510427,11-04-2025,paid_social,prospecting_video,,,0
510428,11-04-2025,paid_social,retargeting,,,0
510429,11-04-2025,paid_social,retargeting,,,0
510430,11-04-2025,paid_social,retargeting,,,0
510431,11-04-2025,organic,,,,0
510432,11-04-2025,paid_social,prospecting_video,,,0
510433,11-04-2025,paid_search,generic_search,,,0
510434,11-04-2025,paid_social,retargeting,,,0
510435,11-04-2025,paid_search,generic_search,,,0
510436,11-04-2025,paid_search,generic_search,17-04-2025,monthly,29.97
510437,11-04-2025,organic,,,,0
510438,11-04-2025,paid_social,prospecting_video,,,0
510439,11-04-2025,paid_social,prospecting_video,,,0
510440,11-04-2025,paid_social,prospecting_video,,,0
510441,11-04-2025,organic,,,,0
510442,11-04-2025,paid_social,prospecting_video,,,0
510443,11-04-2025,organic,,,,0
510444,11-04-2025,organic,,,,0
510445,11-04-2025,paid_search,generic_search,,,0
510446,11-04-2025,referral,,,,0
510447,11-04-2025,referral,,,,0
510448,11-04-2025,organic,,,,0
510449,11-04-2025,organic,,,,0
510450,11-04-2025,paid_social,retargeting,,,0
510451,11-04-2025,paid_social,retargeting,,,0
510452,11-04-2025,paid_social,prospecting_video,,,0
510453,11-04-2025,paid_social,prospecting_video,11-04-2025,monthly,29.97
510454,11-04-2025,paid_social,retargeting,,,0
510455,11-04-2025,organic,,,,0
510456,11-04-2025,organic,,,,0
510457,11-04-2025,paid_social,retargeting,,,0
510458,11-04-2025,paid_search,generic_search,,,0
510459,11-04-2025,organic,,,,0
510460,11-04-2025,paid_social,retargeting,,,0
510461,11-04-2025,paid_search,generic_search,,,0
510462,11-04-2025,paid_social,prospecting_video,,,0
510463,11-04-2025,affiliate,finance_blogs,,,0
510464,11-04-2025,referral,,,,0
510465,11-04-2025,paid_social,prospecting_video,,,0
510466,11-04-2025,paid_search,brand_search,,,0
510467,11-04-2025,paid_search,generic_search,,,0
510468,11-04-2025,referral,,14-04-2025,monthly,19.98
510469,11-04-2025,paid_social,prospecting_video,,,0
510470,11-04-2025,paid_social,prospecting_video,,,0
510471,11-04-2025,organic,,16-04-2025,monthly,19.98
510472,11-04-2025,paid_search,brand_search,,,0
510473,11-04-2025,paid_social,prospecting_video,,,0
510474,11-04-2025,organic,,,,0
510475,11-04-2025,referral,,,,0
510476,11-04-2025,paid_social,retargeting,,,0
510477,11-04-2025,paid_social,prospecting_video,,,0
510478,11-04-2025,affiliate,finance_blogs,,,0
510479,11-04-2025,paid_search,generic_search,,,0
510480,11-04-2025,paid_search,brand_search,,,0
510481,11-04-2025,paid_social,prospecting_video,,,0
510482,11-04-2025,paid_social,prospecting_video,,,0
510483,11-04-2025,paid_social,prospecting_video,,,0
510484,11-04-2025,organic,,,,0
510485,11-04-2025,paid_search,brand_search,,,0
510486,11-04-2025,paid_social,prospecting_video,,,0
510487,11-04-2025,paid_search,brand_search,13-04-2025,monthly,29.97
510488,11-04-2025,paid_social,prospecting_video,,,0
510489,11-04-2025,paid_social,retargeting,11-04-2025,annual,79.99
510490,11-04-2025,affiliate,finance_blogs,,,0
510491,11-04-2025,paid_social,retargeting,11-04-2025,monthly,19.98
510492,11-04-2025,paid_social,prospecting_video,,,0
510493,11-04-2025,organic,,,,0
510494,11-04-2025,paid_social,prospecting_video,,,0
510495,11-04-2025,paid_social,prospecting_video,,,0
510496,11-04-2025,organic,,,,0
510497,11-04-2025,affiliate,finance_blogs,,,0
510498,11-04-2025,paid_social,prospecting_video,,,0
510499,11-04-2025,organic,,,,0
510500,11-04-2025,paid_social,prospecting_video,,,0
510501,11-04-2025,paid_search,generic_search,14-04-2025,monthly,29.97
510502,11-04-2025,paid_social,retargeting,,,0
510503,11-04-2025,paid_search,generic_search,,,0
510504,11-04-2025,paid_social,prospecting_video,,,0
510505,11-04-2025,paid_search,brand_search,11-04-2025,monthly,29.97
510506,11-04-2025,paid_social,prospecting_video,,,0
510507,11-04-2025,paid_social,prospecting_video,,,0
510508,11-04-2025,paid_social,retargeting,,,0
510509,12-04-2025,paid_social,prospecting_video,,,0
510510,12-04-2025,organic,,,,0
510511,12-04-2025,paid_search,generic_search,15-04-2025,monthly,19.98
510512,12-04-2025,paid_social,prospecting_video,,,0
510513,12-04-2025,paid_social,prospecting_video,,,0
510514,12-04-2025,organic,,13-04-2025,annual,79.99
510515,12-04-2025,paid_social,prospecting_video,,,0
510516,12-04-2025,paid_search,brand_search,,,0
510517,12-04-2025,paid_search,brand_search,,,0
510518,12-04-2025,paid_social,prospecting_video,,,0
510519,12-04-2025,organic,,,,0
510520,12-04-2025,paid_search,generic_search,,,0
510521,12-04-2025,paid_social,prospecting_video,,,0
510522,12-04-2025,paid_social,prospecting_video,,,0
510523,12-04-2025,organic,,,,0
510524,12-04-2025,paid_social,prospecting_video,,,0
510525,12-04-2025,paid_social,prospecting_video,,,0
510526,12-04-2025,paid_social,prospecting_video,,,0
510527,12-04-2025,paid_social,prospecting_video,,,0
510528,12-04-2025,organic,,,,0
510529,12-04-2025,paid_social,retargeting,13-04-2025,monthly,19.98
510530,12-04-2025,paid_social,prospecting_video,,,0
510531,12-04-2025,organic,,15-04-2025,monthly,29.97
510532,12-04-2025,paid_social,prospecting_video,,,0
510533,12-04-2025,paid_social,retargeting,,,0
510534,12-04-2025,paid_social,prospecting_video,,,0
510535,12-04-2025,paid_social,retargeting,,,0
510536,12-04-2025,paid_social,prospecting_video,,,0
510537,12-04-2025,paid_search,generic_search,14-04-2025,monthly,29.97
510538,12-04-2025,paid_search,brand_search,,,0
510539,12-04-2025,organic,,,,0
510540,12-04-2025,paid_social,prospecting_video,,,0
510541,12-04-2025,paid_social,retargeting,,,0
510542,12-04-2025,display,display_network,,,0
510543,12-04-2025,organic,,,,0
510544,12-04-2025,paid_social,prospecting_video,12-04-2025,annual,79.99
510545,12-04-2025,paid_search,generic_search,14-04-2025,annual,79.99
510546,12-04-2025,paid_social,prospecting_video,,,0
510547,12-04-2025,paid_social,prospecting_video,,,0
510548,12-04-2025,paid_social,prospecting_video,,,0
510549,12-04-2025,paid_social,retargeting,,,0
510550,12-04-2025,organic,,,,0
510551,12-04-2025,paid_social,prospecting_video,,,0
510552,12-04-2025,organic,,,,0
510553,12-04-2025,paid_social,retargeting,,,0
510554,12-04-2025,paid_social,prospecting_video,,,0
510555,12-04-2025,organic,,,,0
510556,12-04-2025,paid_search,generic_search,,,0
510557,12-04-2025,organic,,,,0
510558,12-04-2025,organic,,,,0
510559,12-04-2025,organic,,,,0
510560,12-04-2025,referral,,15-04-2025,monthly,29.97
510561,12-04-2025,paid_social,prospecting_video,,,0
510562,12-04-2025,paid_social,retargeting,,,0
510563,12-04-2025,organic,,,,0
510564,12-04-2025,paid_search,brand_search,,,0
510565,12-04-2025,affiliate,finance_blogs,,,0
510566,12-04-2025,organic,,,,0
510567,12-04-2025,paid_social,prospecting_video,,,0
510568,12-04-2025,organic,,,,0
510569,12-04-2025,paid_search,generic_search,,,0
510570,12-04-2025,organic,,,,0
510571,12-04-2025,paid_social,prospecting_video,,,0
510572,12-04-2025,paid_social,retargeting,,,0
510573,12-04-2025,organic,,,,0
510574,12-04-2025,paid_social,prospecting_video,,,0
510575,12-04-2025,organic,,,,0
510576,12-04-2025,organic,,,,0
510577,12-04-2025,paid_social,prospecting_video,,,0
510578,12-04-2025,organic,,,,0
510579,12-04-2025,display,display_network,,,0
510580,12-04-2025,paid_social,retargeting,,,0
510581,12-04-2025,paid_social,prospecting_video,,,0
510582,12-04-2025,organic,,,,0
510583,12-04-2025,organic,,,,0
510584,12-04-2025,affiliate,finance_blogs,,,0
510585,12-04-2025,paid_social,prospecting_video,,,0
510586,12-04-2025,paid_search,generic_search,,,0
510587,12-04-2025,organic,,,,0
510588,12-04-2025,paid_social,prospecting_video,,,0
510589,12-04-2025,paid_social,prospecting_video,,,0
510590,12-04-2025,paid_search,generic_search,,,0
510591,12-04-2025,paid_social,prospecting_video,,,0
510592,12-04-2025,organic,,,,0
510593,12-04-2025,paid_search,brand_search,12-04-2025,monthly,29.97
510594,12-04-2025,organic,,,,0
510595,12-04-2025,paid_social,retargeting,,,0
510596,12-04-2025,organic,,,,0
510597,12-04-2025,paid_search,brand_search,,,0
510598,12-04-2025,referral,,,,0
510599,12-04-2025,paid_social,prospecting_video,,,0
510600,12-04-2025,organic,,,,0
510601,12-04-2025,affiliate,finance_blogs,22-04-2025,monthly,29.97
510602,13-04-2025,referral,,,,0
510603,13-04-2025,paid_social,prospecting_video,,,0
510604,13-04-2025,paid_search,brand_search,,,0
510605,13-04-2025,paid_social,retargeting,19-04-2025,monthly,19.98
510606,13-04-2025,organic,,,,0
510607,13-04-2025,organic,,,,0
510608,13-04-2025,paid_search,brand_search,,,0
510609,13-04-2025,organic,,,,0
510610,13-04-2025,organic,,,,0
510611,13-04-2025,paid_social,retargeting,,,0
510612,13-04-2025,organic,,,,0
510613,13-04-2025,organic,,13-04-2025,annual,79.99
510614,13-04-2025,paid_search,generic_search,,,0
510615,13-04-2025,organic,,,,0
510616,13-04-2025,paid_social,retargeting,,,0
510617,13-04-2025,paid_social,prospecting_video,,,0
510618,13-04-2025,paid_social,prospecting_video,,,0
510619,13-04-2025,paid_social,prospecting_video,,,0
510620,13-04-2025,referral,,18-04-2025,monthly,29.97
510621,13-04-2025,paid_social,retargeting,,,0
510622,13-04-2025,paid_social,prospecting_video,,,0
510623,13-04-2025,paid_search,generic_search,,,0
510624,13-04-2025,paid_social,prospecting_video,,,0
510625,13-04-2025,referral,,,,0
510626,13-04-2025,affiliate,finance_blogs,14-04-2025,monthly,29.97
510627,13-04-2025,paid_social,retargeting,,,0
510628,13-04-2025,paid_social,retargeting,,,0
510629,13-04-2025,paid_search,generic_search,,,0
510630,13-04-2025,paid_social,retargeting,13-04-2025,annual,79.99
510631,13-04-2025,organic,,,,0
510632,13-04-2025,organic,,,,0
510633,13-04-2025,paid_social,retargeting,,,0
510634,13-04-2025,paid_search,generic_search,,,0
510635,13-04-2025,paid_search,generic_search,,,0
510636,13-04-2025,paid_social,retargeting,,,0
510637,13-04-2025,paid_social,prospecting_video,,,0
510638,13-04-2025,paid_search,generic_search,,,0
510639,13-04-2025,paid_search,brand_search,,,0
510640,13-04-2025,referral,,,,0
510641,13-04-2025,paid_search,generic_search,,,0
510642,13-04-2025,referral,,,,0
510643,13-04-2025,affiliate,finance_blogs,,,0
510644,13-04-2025,paid_social,retargeting,,,0
510645,13-04-2025,paid_social,prospecting_video,,,0
510646,13-04-2025,paid_social,prospecting_video,,,0
510647,13-04-2025,paid_social,retargeting,15-04-2025,monthly,29.97
510648,13-04-2025,paid_social,retargeting,,,0
510649,13-04-2025,organic,,,,0
510650,13-04-2025,affiliate,finance_blogs,,,0
510651,13-04-2025,display,display_network,,,0
510652,13-04-2025,paid_search,brand_search,,,0
510653,13-04-2025,organic,,,,0
510654,13-04-2025,paid_search,brand_search,,,0
510655,13-04-2025,paid_social,retargeting,,,0
510656,13-04-2025,paid_social,retargeting,,,0
510657,13-04-2025,paid_search,brand_search,16-04-2025,monthly,9.99
510658,13-04-2025,paid_social,prospecting_video,,,0
510659,13-04-2025,paid_search,generic_search,,,0
510660,13-04-2025,referral,,,,0
510661,13-04-2025,paid_social,retargeting,,,0
510662,13-04-2025,paid_social,retargeting,,,0
510663,13-04-2025,paid_search,brand_search,18-04-2025,annual,79.99
510664,13-04-2025,organic,,,,0
510665,13-04-2025,paid_social,retargeting,21-04-2025,monthly,9.99
510666,13-04-2025,referral,,16-04-2025,annual,79.99
510667,13-04-2025,paid_search,generic_search,,,0
510668,13-04-2025,paid_search,brand_search,,,0
510669,13-04-2025,organic,,,,0
510670,13-04-2025,organic,,,,0
510671,13-04-2025,paid_social,prospecting_video,,,0
510672,13-04-2025,paid_social,prospecting_video,,,0
510673,13-04-2025,paid_search,generic_search,,,0
510674,13-04-2025,paid_social,prospecting_video,,,0
510675,14-04-2025,organic,,,,0
510676,14-04-2025,organic,,,,0
510677,14-04-2025,organic,,,,0
510678,14-04-2025,organic,,,,0
510679,14-04-2025,paid_search,generic_search,,,0
510680,14-04-2025,paid_social,retargeting,,,0
510681,14-04-2025,paid_social,retargeting,,,0
510682,14-04-2025,paid_search,generic_search,19-04-2025,monthly,29.97
510683,14-04-2025,paid_search,generic_search,,,0
510684,14-04-2025,paid_search,generic_search,,,0
510685,14-04-2025,paid_social,prospecting_video,,,0
510686,14-04-2025,organic,,,,0
510687,14-04-2025,paid_social,prospecting_video,,,0
510688,14-04-2025,paid_social,prospecting_video,,,0
510689,14-04-2025,paid_social,retargeting,,,0
510690,14-04-2025,paid_social,prospecting_video,,,0
510691,14-04-2025,paid_social,prospecting_video,,,0
510692,14-04-2025,paid_social,prospecting_video,,,0
510693,14-04-2025,paid_search,generic_search,,,0
510694,14-04-2025,paid_social,prospecting_video,,,0
510695,14-04-2025,paid_social,retargeting,,,0
510696,14-04-2025,paid_search,generic_search,,,0
510697,14-04-2025,paid_social,retargeting,,,0
510698,14-04-2025,organic,,,,0
510699,14-04-2025,paid_search,brand_search,,,0
510700,14-04-2025,paid_social,retargeting,15-04-2025,monthly,29.97
510701,14-04-2025,paid_social,retargeting,15-04-2025,annual,79.99
510702,14-04-2025,paid_social,retargeting,,,0
510703,14-04-2025,paid_search,brand_search,18-04-2025,monthly,19.98
510704,14-04-2025,organic,,,,0
510705,14-04-2025,paid_search,brand_search,,,0
510706,14-04-2025,paid_social,prospecting_video,,,0
510707,14-04-2025,paid_social,prospecting_video,,,0
510708,14-04-2025,paid_social,retargeting,21-04-2025,monthly,29.97
510709,14-04-2025,paid_search,generic_search,,,0
510710,14-04-2025,paid_social,retargeting,,,0
510711,14-04-2025,paid_social,prospecting_video,,,0
510712,14-04-2025,paid_social,prospecting_video,,,0
510713,14-04-2025,affiliate,finance_blogs,,,0
510714,14-04-2025,paid_social,retargeting,,,0
510715,14-04-2025,paid_social,retargeting,,,0
510716,14-04-2025,paid_social,prospecting_video,,,0
510717,14-04-2025,organic,,,,0
510718,14-04-2025,paid_social,prospecting_video,,,0
510719,14-04-2025,display,display_network,,,0
510720,14-04-2025,referral,,25-04-2025,monthly,29.97
510721,14-04-2025,paid_social,prospecting_video,,,0
510722,14-04-2025,referral,,,,0
510723,14-04-2025,paid_social,prospecting_video,,,0
510724,14-04-2025,paid_search,brand_search,,,0
510725,14-04-2025,organic,,,,0
510726,14-04-2025,paid_social,prospecting_video,,,0
510727,14-04-2025,organic,,,,0
510728,14-04-2025,paid_search,generic_search,,,0
510729,14-04-2025,paid_social,prospecting_video,,,0
510730,14-04-2025,paid_social,prospecting_video,,,0
510731,14-04-2025,organic,,14-04-2025,annual,79.99
510732,14-04-2025,organic,,,,0
510733,14-04-2025,organic,,,,0
510734,14-04-2025,affiliate,finance_blogs,,,0
510735,14-04-2025,paid_social,prospecting_video,,,0
510736,14-04-2025,affiliate,finance_blogs,,,0
510737,14-04-2025,organic,,,,0
510738,14-04-2025,paid_social,prospecting_video,,,0
510739,14-04-2025,paid_social,retargeting,14-04-2025,monthly,9.99
510740,14-04-2025,organic,,,,0
510741,14-04-2025,paid_social,prospecting_video,,,0
510742,14-04-2025,organic,,14-04-2025,monthly,29.97
510743,14-04-2025,paid_social,retargeting,26-04-2025,monthly,9.99
510744,14-04-2025,organic,,,,0
510745,14-04-2025,paid_social,prospecting_video,,,0
510746,14-04-2025,organic,,,,0
510747,14-04-2025,organic,,,,0
510748,14-04-2025,paid_social,retargeting,,,0
510749,14-04-2025,paid_social,retargeting,,,0
510750,14-04-2025,paid_social,prospecting_video,,,0
510751,14-04-2025,organic,,14-04-2025,annual,79.99
510752,14-04-2025,paid_social,retargeting,,,0
510753,14-04-2025,paid_social,prospecting_video,,,0
510754,14-04-2025,paid_social,prospecting_video,,,0
510755,14-04-2025,paid_social,prospecting_video,,,0
510756,14-04-2025,referral,,,,0
510757,14-04-2025,paid_social,prospecting_video,,,0
510758,14-04-2025,paid_search,generic_search,,,0
510759,14-04-2025,paid_search,brand_search,,,0
510760,14-04-2025,paid_search,brand_search,,,0
510761,14-04-2025,paid_social,retargeting,,,0
510762,14-04-2025,paid_social,prospecting_video,,,0
510763,14-04-2025,organic,,,,0
510764,14-04-2025,paid_search,generic_search,,,0
510765,14-04-2025,paid_social,retargeting,,,0
510766,14-04-2025,paid_social,prospecting_video,,,0
510767,14-04-2025,paid_social,retargeting,16-04-2025,monthly,9.99
510768,14-04-2025,paid_social,retargeting,,,0
510769,14-04-2025,paid_social,retargeting,,,0
510770,14-04-2025,paid_search,brand_search,17-04-2025,monthly,29.97
510771,14-04-2025,paid_social,retargeting,,,0
510772,14-04-2025,organic,,,,0
510773,14-04-2025,paid_social,prospecting_video,,,0
510774,14-04-2025,paid_social,prospecting_video,,,0
510775,14-04-2025,paid_search,brand_search,,,0
510776,14-04-2025,paid_social,retargeting,,,0
510777,14-04-2025,organic,,,,0
510778,14-04-2025,paid_search,brand_search,,,0
510779,14-04-2025,referral,,,,0
510780,14-04-2025,paid_social,prospecting_video,20-04-2025,annual,79.99
510781,14-04-2025,paid_social,prospecting_video,,,0
510782,15-04-2025,paid_social,retargeting,,,0
510783,15-04-2025,paid_search,brand_search,16-04-2025,monthly,29.97
510784,15-04-2025,paid_social,prospecting_video,,,0
510785,15-04-2025,paid_search,brand_search,,,0
510786,15-04-2025,referral,,21-04-2025,monthly,29.97
510787,15-04-2025,paid_social,retargeting,,,0
510788,15-04-2025,paid_search,brand_search,,,0
510789,15-04-2025,paid_search,generic_search,,,0
510790,15-04-2025,paid_search,generic_search,,,0
510791,15-04-2025,display,display_network,,,0
510792,15-04-2025,paid_social,prospecting_video,,,0
510793,15-04-2025,paid_search,brand_search,,,0
510794,15-04-2025,paid_search,generic_search,,,0
510795,15-04-2025,paid_search,brand_search,,,0
510796,15-04-2025,paid_social,prospecting_video,,,0
510797,15-04-2025,paid_search,brand_search,,,0
510798,15-04-2025,paid_social,prospecting_video,,,0
510799,15-04-2025,paid_social,prospecting_video,,,0
510800,15-04-2025,paid_social,prospecting_video,20-04-2025,monthly,19.98
510801,15-04-2025,paid_search,generic_search,,,0
510802,15-04-2025,affiliate,finance_blogs,,,0
510803,15-04-2025,referral,,,,0
510804,15-04-2025,paid_social,prospecting_video,,,0
510805,15-04-2025,organic,,,,0
510806,15-04-2025,paid_social,retargeting,,,0
510807,15-04-2025,paid_social,prospecting_video,,,0
510808,15-04-2025,organic,,,,0
510809,15-04-2025,paid_social,retargeting,,,0
510810,15-04-2025,organic,,,,0
510811,15-04-2025,paid_social,retargeting,17-04-2025,monthly,29.97
510812,15-04-2025,paid_search,brand_search,,,0
510813,15-04-2025,paid_search,generic_search,,,0
510814,15-04-2025,paid_social,prospecting_video,,,0
510815,15-04-2025,referral,,,,0
510816,15-04-2025,paid_social,prospecting_video,,,0
510817,15-04-2025,paid_social,prospecting_video,,,0
510818,15-04-2025,paid_social,prospecting_video,,,0
510819,15-04-2025,paid_social,prospecting_video,,,0
510820,15-04-2025,organic,,,,0
510821,15-04-2025,affiliate,finance_blogs,,,0
510822,15-04-2025,paid_search,generic_search,,,0
510823,15-04-2025,paid_social,retargeting,,,0
510824,15-04-2025,paid_social,prospecting_video,,,0
510825,15-04-2025,paid_search,generic_search,23-04-2025,monthly,29.97
510826,15-04-2025,paid_social,prospecting_video,,,0
510827,15-04-2025,paid_social,prospecting_video,,,0
510828,15-04-2025,paid_search,generic_search,,,0
510829,15-04-2025,paid_search,generic_search,20-04-2025,monthly,29.97
510830,15-04-2025,paid_search,generic_search,,,0
510831,15-04-2025,paid_search,brand_search,,,0
510832,15-04-2025,organic,,,,0
510833,15-04-2025,paid_social,prospecting_video,,,0
510834,15-04-2025,paid_social,retargeting,,,0
510835,15-04-2025,organic,,,,0
510836,15-04-2025,paid_search,brand_search,,,0
510837,15-04-2025,paid_social,prospecting_video,,,0
510838,15-04-2025,paid_social,prospecting_video,,,0
510839,15-04-2025,paid_social,prospecting_video,,,0
510840,15-04-2025,paid_social,prospecting_video,,,0
510841,15-04-2025,paid_social,prospecting_video,,,0
510842,15-04-2025,affiliate,finance_blogs,,,0
510843,15-04-2025,organic,,,,0
510844,15-04-2025,paid_search,generic_search,,,0
510845,15-04-2025,paid_social,retargeting,,,0
510846,15-04-2025,organic,,,,0
510847,15-04-2025,paid_social,retargeting,,,0
510848,15-04-2025,affiliate,finance_blogs,,,0
510849,15-04-2025,paid_social,prospecting_video,,,0
510850,15-04-2025,paid_social,retargeting,,,0
510851,15-04-2025,paid_social,prospecting_video,,,0
510852,15-04-2025,organic,,,,0
510853,15-04-2025,paid_social,prospecting_video,,,0
510854,15-04-2025,paid_social,prospecting_video,,,0
510855,15-04-2025,organic,,,,0
510856,15-04-2025,paid_social,retargeting,,,0
510857,15-04-2025,organic,,22-04-2025,annual,79.99
510858,15-04-2025,organic,,19-04-2025,annual,79.99
510859,15-04-2025,paid_social,prospecting_video,,,0
510860,15-04-2025,paid_social,prospecting_video,,,0
510861,15-04-2025,paid_social,retargeting,,,0
510862,15-04-2025,paid_social,retargeting,,,0
510863,15-04-2025,organic,,,,0
510864,15-04-2025,paid_search,brand_search,19-04-2025,monthly,9.99
510865,15-04-2025,paid_social,prospecting_video,,,0
510866,15-04-2025,paid_search,generic_search,,,0
510867,15-04-2025,paid_social,retargeting,,,0
510868,15-04-2025,affiliate,finance_blogs,17-04-2025,monthly,29.97
510869,15-04-2025,paid_social,prospecting_video,,,0
510870,15-04-2025,paid_social,prospecting_video,17-04-2025,monthly,29.97
510871,15-04-2025,paid_social,retargeting,21-04-2025,annual,79.99
510872,15-04-2025,paid_social,retargeting,,,0
510873,15-04-2025,paid_social,retargeting,,,0
510874,15-04-2025,paid_social,prospecting_video,,,0
510875,15-04-2025,paid_social,retargeting,,,0
510876,15-04-2025,organic,,,,0
510877,15-04-2025,organic,,,,0
510878,15-04-2025,organic,,,,0
510879,15-04-2025,paid_social,prospecting_video,,,0
510880,15-04-2025,paid_social,prospecting_video,,,0
510881,15-04-2025,paid_social,prospecting_video,,,0
510882,15-04-2025,paid_social,prospecting_video,,,0
510883,15-04-2025,paid_social,prospecting_video,,,0
510884,15-04-2025,paid_search,brand_search,,,0
510885,15-04-2025,paid_social,prospecting_video,,,0
510886,15-04-2025,paid_search,brand_search,,,0
510887,15-04-2025,paid_social,prospecting_video,,,0
510888,15-04-2025,paid_social,prospecting_video,,,0
510889,15-04-2025,paid_social,prospecting_video,,,0
510890,15-04-2025,paid_search,brand_search,,,0
510891,15-04-2025,paid_social,prospecting_video,,,0
510892,15-04-2025,paid_social,prospecting_video,,,0
510893,15-04-2025,paid_social,prospecting_video,,,0
510894,15-04-2025,organic,,16-04-2025,annual,79.99
510895,15-04-2025,paid_search,brand_search,18-04-2025,monthly,29.97
510896,15-04-2025,paid_social,prospecting_video,,,0
510897,15-04-2025,paid_search,generic_search,,,0
510898,15-04-2025,paid_search,brand_search,,,0
510899,15-04-2025,paid_social,prospecting_video,,,0
510900,15-04-2025,affiliate,finance_blogs,,,0
510901,15-04-2025,organic,,,,0
510902,15-04-2025,paid_search,brand_search,,,0
510903,15-04-2025,paid_social,retargeting,,,0
510904,15-04-2025,paid_social,retargeting,,,0
510905,15-04-2025,organic,,,,0
510906,15-04-2025,paid_social,retargeting,,,0
510907,15-04-2025,organic,,,,0
510908,15-04-2025,organic,,17-04-2025,monthly,29.97
510909,15-04-2025,paid_search,generic_search,,,0
510910,15-04-2025,paid_search,brand_search,,,0
510911,15-04-2025,paid_search,generic_search,,,0
510912,15-04-2025,display,display_network,,,0
510913,15-04-2025,paid_social,prospecting_video,23-04-2025,annual,79.99
510914,15-04-2025,organic,,,,0
510915,15-04-2025,paid_search,generic_search,15-04-2025,monthly,29.97
510916,15-04-2025,organic,,,,0
510917,15-04-2025,affiliate,finance_blogs,,,0
510918,15-04-2025,organic,,,,0
510919,15-04-2025,paid_social,retargeting,,,0
510920,15-04-2025,organic,,,,0
510921,15-04-2025,paid_search,generic_search,,,0
510922,15-04-2025,organic,,18-04-2025,annual,79.99
510923,15-04-2025,paid_social,retargeting,,,0
510924,15-04-2025,paid_search,generic_search,28-04-2025,monthly,29.97
510925,15-04-2025,organic,,20-04-2025,monthly,29.97
510926,15-04-2025,paid_search,generic_search,,,0
510927,15-04-2025,paid_search,brand_search,18-04-2025,annual,79.99
510928,16-04-2025,paid_search,brand_search,,,0
510929,16-04-2025,paid_search,brand_search,,,0
510930,16-04-2025,organic,,,,0
510931,16-04-2025,paid_search,brand_search,,,0
510932,16-04-2025,paid_social,prospecting_video,,,0
510933,16-04-2025,paid_search,brand_search,,,0
510934,16-04-2025,paid_social,prospecting_video,,,0
510935,16-04-2025,paid_search,brand_search,,,0
510936,16-04-2025,paid_social,prospecting_video,,,0
510937,16-04-2025,paid_social,prospecting_video,,,0
510938,16-04-2025,paid_search,generic_search,,,0
510939,16-04-2025,paid_social,prospecting_video,19-04-2025,annual,79.99
510940,16-04-2025,organic,,,,0
510941,16-04-2025,affiliate,finance_blogs,,,0
510942,16-04-2025,paid_social,retargeting,,,0
510943,16-04-2025,paid_social,prospecting_video,,,0
510944,16-04-2025,referral,,,,0
510945,16-04-2025,organic,,,,0
510946,16-04-2025,organic,,,,0
510947,16-04-2025,paid_search,generic_search,,,0
510948,16-04-2025,organic,,,,0
510949,16-04-2025,paid_search,brand_search,,,0
510950,16-04-2025,organic,,,,0
510951,16-04-2025,organic,,,,0
510952,16-04-2025,paid_search,brand_search,,,0
510953,16-04-2025,paid_search,brand_search,,,0
510954,16-04-2025,paid_social,prospecting_video,,,0
510955,16-04-2025,paid_social,prospecting_video,,,0
510956,16-04-2025,paid_social,prospecting_video,,,0
510957,16-04-2025,paid_social,prospecting_video,,,0
510958,16-04-2025,paid_social,prospecting_video,,,0
510959,16-04-2025,organic,,,,0
510960,16-04-2025,paid_social,retargeting,16-04-2025,monthly,29.97
510961,16-04-2025,organic,,,,0
510962,16-04-2025,paid_social,prospecting_video,,,0
510963,16-04-2025,affiliate,finance_blogs,16-04-2025,monthly,29.97
510964,16-04-2025,paid_search,brand_search,,,0
510965,16-04-2025,paid_search,generic_search,,,0
510966,16-04-2025,paid_search,brand_search,,,0
510967,16-04-2025,paid_social,prospecting_video,,,0
510968,16-04-2025,affiliate,finance_blogs,,,0
510969,16-04-2025,organic,,,,0
510970,16-04-2025,affiliate,finance_blogs,,,0
510971,16-04-2025,paid_social,prospecting_video,,,0
510972,16-04-2025,paid_search,brand_search,,,0
510973,16-04-2025,paid_search,generic_search,17-04-2025,annual,79.99
510974,16-04-2025,paid_social,prospecting_video,,,0
510975,16-04-2025,organic,,,,0
510976,16-04-2025,referral,,,,0
510977,16-04-2025,paid_search,generic_search,,,0
510978,16-04-2025,paid_social,retargeting,,,0
510979,16-04-2025,paid_search,brand_search,,,0
510980,16-04-2025,paid_search,generic_search,,,0
510981,16-04-2025,paid_social,prospecting_video,,,0
510982,16-04-2025,paid_social,prospecting_video,,,0
510983,16-04-2025,organic,,,,0
510984,16-04-2025,paid_social,prospecting_video,,,0
510985,16-04-2025,referral,,,,0
510986,16-04-2025,organic,,,,0
510987,16-04-2025,paid_social,retargeting,,,0
510988,16-04-2025,paid_social,retargeting,,,0
510989,16-04-2025,referral,,,,0
510990,16-04-2025,referral,,,,0
510991,16-04-2025,paid_social,prospecting_video,,,0
510992,16-04-2025,paid_search,brand_search,,,0
510993,16-04-2025,paid_social,prospecting_video,,,0
510994,16-04-2025,paid_search,generic_search,,,0
510995,16-04-2025,referral,,,,0
510996,16-04-2025,organic,,,,0
510997,16-04-2025,paid_social,prospecting_video,18-04-2025,monthly,19.98
510998,16-04-2025,paid_social,prospecting_video,,,0
510999,16-04-2025,affiliate,finance_blogs,,,0
511000,16-04-2025,paid_social,retargeting,,,0
511001,16-04-2025,paid_search,brand_search,,,0
511002,16-04-2025,organic,,,,0
511003,16-04-2025,paid_social,retargeting,,,0
511004,16-04-2025,paid_search,generic_search,,,0
511005,16-04-2025,paid_social,prospecting_video,,,0
511006,16-04-2025,affiliate,finance_blogs,,,0
511007,16-04-2025,referral,,,,0
511008,16-04-2025,paid_social,prospecting_video,,,0
511009,16-04-2025,paid_social,prospecting_video,,,0
511010,16-04-2025,paid_social,prospecting_video,,,0
511011,16-04-2025,paid_social,prospecting_video,,,0
511012,16-04-2025,organic,,,,0
511013,16-04-2025,paid_social,prospecting_video,,,0
511014,16-04-2025,paid_social,prospecting_video,,,0
511015,16-04-2025,organic,,,,0
511016,16-04-2025,paid_search,brand_search,,,0
511017,16-04-2025,organic,,,,0
511018,16-04-2025,organic,,,,0
511019,16-04-2025,paid_social,retargeting,18-04-2025,annual,79.99
511020,16-04-2025,paid_search,generic_search,,,0
511021,16-04-2025,paid_search,generic_search,,,0
511022,16-04-2025,organic,,,,0
511023,16-04-2025,paid_social,prospecting_video,,,0
511024,16-04-2025,paid_social,retargeting,,,0
511025,16-04-2025,paid_social,prospecting_video,,,0
511026,16-04-2025,paid_social,retargeting,,,0
511027,16-04-2025,paid_social,prospecting_video,,,0
511028,16-04-2025,paid_social,prospecting_video,,,0
511029,16-04-2025,affiliate,finance_blogs,,,0
511030,16-04-2025,paid_social,prospecting_video,,,0
511031,16-04-2025,paid_social,prospecting_video,20-04-2025,monthly,29.97
511032,16-04-2025,paid_social,retargeting,,,0
511033,16-04-2025,paid_search,brand_search,,,0
511034,16-04-2025,organic,,,,0
511035,16-04-2025,paid_social,prospecting_video,,,0
511036,17-04-2025,paid_search,generic_search,25-04-2025,monthly,29.97
511037,17-04-2025,paid_social,retargeting,,,0
511038,17-04-2025,paid_social,prospecting_video,,,0
511039,17-04-2025,referral,,17-04-2025,monthly,29.97
511040,17-04-2025,organic,,,,0
511041,17-04-2025,paid_social,retargeting,,,0
511042,17-04-2025,paid_search,brand_search,,,0
511043,17-04-2025,referral,,,,0
511044,17-04-2025,paid_search,brand_search,,,0
511045,17-04-2025,paid_social,prospecting_video,,,0
511046,17-04-2025,referral,,,,0
511047,17-04-2025,paid_social,prospecting_video,,,0
511048,17-04-2025,paid_search,brand_search,,,0
511049,17-04-2025,organic,,,,0
511050,17-04-2025,paid_social,retargeting,,,0
511051,17-04-2025,paid_social,prospecting_video,,,0
511052,17-04-2025,paid_search,brand_search,,,0
511053,17-04-2025,paid_search,generic_search,,,0
511054,17-04-2025,referral,,,,0
511055,17-04-2025,organic,,,,0
511056,17-04-2025,paid_search,generic_search,,,0
511057,17-04-2025,paid_social,prospecting_video,,,0
511058,17-04-2025,paid_social,retargeting,,,0
511059,17-04-2025,paid_search,generic_search,,,0
511060,17-04-2025,paid_social,prospecting_video,,,0
511061,17-04-2025,paid_social,prospecting_video,,,0
511062,17-04-2025,paid_search,brand_search,,,0
511063,17-04-2025,paid_social,prospecting_video,,,0
511064,17-04-2025,paid_social,prospecting_video,,,0
511065,17-04-2025,paid_social,prospecting_video,,,0
511066,17-04-2025,paid_social,prospecting_video,,,0
511067,17-04-2025,paid_social,prospecting_video,,,0
511068,17-04-2025,paid_social,retargeting,19-04-2025,monthly,9.99
511069,17-04-2025,paid_social,prospecting_video,,,0
511070,17-04-2025,paid_social,prospecting_video,,,0
511071,17-04-2025,paid_social,retargeting,,,0
511072,17-04-2025,organic,,,,0
511073,17-04-2025,paid_search,brand_search,,,0
511074,17-04-2025,paid_search,generic_search,,,0
511075,17-04-2025,organic,,,,0
511076,17-04-2025,paid_social,prospecting_video,,,0
511077,17-04-2025,referral,,,,0
511078,17-04-2025,paid_social,prospecting_video,,,0
511079,17-04-2025,referral,,,,0
511080,17-04-2025,organic,,,,0
511081,17-04-2025,organic,,,,0
511082,17-04-2025,organic,,,,0
511083,17-04-2025,paid_search,generic_search,,,0
511084,17-04-2025,paid_social,prospecting_video,,,0
511085,17-04-2025,paid_search,generic_search,,,0
511086,17-04-2025,paid_social,prospecting_video,,,0
511087,17-04-2025,paid_search,brand_search,,,0
511088,17-04-2025,paid_social,prospecting_video,,,0
511089,17-04-2025,organic,,,,0
511090,17-04-2025,paid_social,prospecting_video,,,0
511091,17-04-2025,paid_social,prospecting_video,,,0
511092,17-04-2025,paid_social,prospecting_video,,,0
511093,17-04-2025,paid_social,prospecting_video,,,0
511094,17-04-2025,paid_social,prospecting_video,,,0
511095,17-04-2025,organic,,,,0
511096,17-04-2025,paid_social,prospecting_video,,,0
511097,17-04-2025,paid_social,prospecting_video,,,0
511098,17-04-2025,paid_social,prospecting_video,,,0
511099,17-04-2025,organic,,,,0
511100,17-04-2025,paid_search,generic_search,,,0
511101,17-04-2025,referral,,,,0
511102,17-04-2025,paid_social,prospecting_video,,,0
511103,17-04-2025,paid_search,brand_search,19-04-2025,annual,79.99
511104,17-04-2025,paid_search,generic_search,,,0
511105,17-04-2025,organic,,,,0
511106,17-04-2025,paid_social,prospecting_video,,,0
511107,17-04-2025,paid_social,retargeting,,,0
511108,17-04-2025,paid_social,retargeting,,,0
511109,17-04-2025,paid_social,prospecting_video,30-04-2025,monthly,29.97
511110,17-04-2025,paid_social,retargeting,,,0
511111,17-04-2025,paid_social,prospecting_video,22-04-2025,monthly,29.97
511112,17-04-2025,paid_social,prospecting_video,,,0
511113,17-04-2025,paid_social,prospecting_video,,,0
511114,17-04-2025,organic,,,,0
511115,17-04-2025,paid_social,prospecting_video,,,0
511116,17-04-2025,paid_social,prospecting_video,,,0
511117,17-04-2025,paid_social,prospecting_video,,,0
511118,17-04-2025,organic,,,,0
511119,17-04-2025,paid_social,prospecting_video,,,0
511120,17-04-2025,paid_social,prospecting_video,,,0
511121,17-04-2025,organic,,,,0
511122,17-04-2025,organic,,,,0
511123,17-04-2025,affiliate,finance_blogs,,,0
511124,17-04-2025,organic,,,,0
511125,17-04-2025,paid_social,retargeting,,,0
511126,17-04-2025,paid_search,generic_search,21-04-2025,annual,79.99
511127,17-04-2025,paid_social,prospecting_video,,,0
511128,17-04-2025,paid_social,retargeting,20-04-2025,monthly,29.97
511129,17-04-2025,paid_social,prospecting_video,,,0
511130,17-04-2025,paid_social,prospecting_video,,,0
511131,17-04-2025,affiliate,finance_blogs,,,0
511132,17-04-2025,paid_search,generic_search,,,0
511133,17-04-2025,paid_search,brand_search,,,0
511134,17-04-2025,organic,,,,0
511135,17-04-2025,paid_search,generic_search,,,0
511136,17-04-2025,paid_social,prospecting_video,,,0
511137,17-04-2025,referral,,17-04-2025,monthly,29.97
511138,17-04-2025,paid_search,brand_search,,,0
511139,17-04-2025,affiliate,finance_blogs,,,0
511140,17-04-2025,paid_social,prospecting_video,,,0
511141,17-04-2025,paid_social,prospecting_video,,,0
511142,17-04-2025,organic,,,,0
511143,17-04-2025,organic,,19-04-2025,monthly,29.97
511144,17-04-2025,paid_social,retargeting,,,0
511145,17-04-2025,referral,,26-04-2025,monthly,19.98
511146,17-04-2025,referral,,,,0
511147,17-04-2025,paid_search,generic_search,,,0
511148,17-04-2025,organic,,17-04-2025,annual,79.99
511149,17-04-2025,paid_social,prospecting_video,,,0
511150,17-04-2025,paid_search,brand_search,,,0
511151,17-04-2025,organic,,,,0
511152,17-04-2025,paid_social,prospecting_video,24-04-2025,monthly,29.97
511153,17-04-2025,referral,,,,0
511154,17-04-2025,paid_search,brand_search,,,0
511155,18-04-2025,paid_social,prospecting_video,,,0
511156,18-04-2025,paid_search,brand_search,,,0
511157,18-04-2025,affiliate,finance_blogs,,,0
511158,18-04-2025,paid_search,generic_search,,,0
511159,18-04-2025,paid_social,prospecting_video,22-04-2025,monthly,19.98
511160,18-04-2025,affiliate,finance_blogs,,,0
511161,18-04-2025,paid_social,prospecting_video,,,0
511162,18-04-2025,paid_search,brand_search,25-04-2025,monthly,29.97
511163,18-04-2025,paid_social,prospecting_video,,,0
511164,18-04-2025,paid_social,prospecting_video,,,0
511165,18-04-2025,paid_social,prospecting_video,,,0
511166,18-04-2025,paid_search,brand_search,,,0
511167,18-04-2025,paid_social,prospecting_video,,,0
511168,18-04-2025,organic,,,,0
511169,18-04-2025,paid_social,retargeting,,,0
511170,18-04-2025,paid_social,prospecting_video,,,0
511171,18-04-2025,organic,,,,0
511172,18-04-2025,paid_social,retargeting,,,0
511173,18-04-2025,display,display_network,,,0
511174,18-04-2025,paid_social,prospecting_video,,,0
511175,18-04-2025,organic,,,,0
511176,18-04-2025,paid_search,brand_search,,,0
511177,18-04-2025,organic,,,,0
511178,18-04-2025,paid_search,generic_search,19-04-2025,monthly,29.97
511179,18-04-2025,paid_social,prospecting_video,,,0
511180,18-04-2025,display,display_network,,,0
511181,18-04-2025,paid_social,retargeting,,,0
511182,18-04-2025,organic,,,,0
511183,18-04-2025,paid_social,prospecting_video,,,0
511184,18-04-2025,paid_social,retargeting,,,0
511185,18-04-2025,paid_social,retargeting,,,0
511186,18-04-2025,organic,,,,0
511187,18-04-2025,paid_search,generic_search,,,0
511188,18-04-2025,paid_social,prospecting_video,,,0
511189,18-04-2025,affiliate,finance_blogs,,,0
511190,18-04-2025,paid_social,prospecting_video,,,0
511191,18-04-2025,display,display_network,,,0
511192,18-04-2025,paid_search,generic_search,,,0
511193,18-04-2025,paid_social,prospecting_video,,,0
511194,18-04-2025,paid_social,prospecting_video,,,0
511195,18-04-2025,paid_social,prospecting_video,,,0
511196,18-04-2025,paid_search,brand_search,19-04-2025,monthly,29.97
511197,18-04-2025,organic,,,,0
511198,18-04-2025,paid_social,prospecting_video,,,0
511199,18-04-2025,display,display_network,,,0
511200,18-04-2025,paid_social,prospecting_video,,,0
511201,18-04-2025,paid_social,retargeting,,,0
511202,18-04-2025,affiliate,finance_blogs,,,0
511203,18-04-2025,paid_search,generic_search,,,0
511204,18-04-2025,paid_social,prospecting_video,,,0
511205,18-04-2025,paid_social,prospecting_video,,,0
511206,18-04-2025,paid_social,prospecting_video,,,0
511207,18-04-2025,organic,,,,0
511208,18-04-2025,paid_social,prospecting_video,,,0
511209,18-04-2025,paid_search,brand_search,,,0
511210,18-04-2025,paid_search,generic_search,,,0
511211,18-04-2025,organic,,,,0
511212,18-04-2025,paid_social,prospecting_video,,,0
511213,18-04-2025,paid_social,retargeting,,,0
511214,18-04-2025,paid_social,prospecting_video,,,0
511215,18-04-2025,paid_search,generic_search,,,0
511216,18-04-2025,paid_social,prospecting_video,,,0
511217,18-04-2025,affiliate,finance_blogs,,,0
511218,18-04-2025,paid_social,prospecting_video,,,0
511219,18-04-2025,paid_social,retargeting,,,0
511220,18-04-2025,affiliate,finance_blogs,21-04-2025,annual,79.99
511221,18-04-2025,paid_social,prospecting_video,,,0
511222,18-04-2025,paid_social,retargeting,,,0
511223,18-04-2025,paid_search,brand_search,,,0
511224,18-04-2025,referral,,,,0
511225,18-04-2025,paid_social,retargeting,,,0
511226,18-04-2025,paid_search,brand_search,,,0
511227,18-04-2025,paid_search,generic_search,19-04-2025,annual,79.99
511228,18-04-2025,paid_social,prospecting_video,,,0
511229,18-04-2025,paid_social,retargeting,,,0
511230,18-04-2025,paid_social,retargeting,,,0
511231,18-04-2025,organic,,20-04-2025,monthly,9.99
511232,18-04-2025,paid_social,retargeting,,,0
511233,18-04-2025,organic,,21-04-2025,monthly,29.97
511234,18-04-2025,paid_search,brand_search,,,0
511235,18-04-2025,referral,,18-04-2025,monthly,29.97
511236,18-04-2025,paid_search,generic_search,20-04-2025,monthly,19.98
511237,18-04-2025,paid_social,prospecting_video,,,0
511238,18-04-2025,paid_search,generic_search,20-04-2025,monthly,29.97
511239,18-04-2025,paid_social,prospecting_video,,,0
511240,18-04-2025,paid_social,prospecting_video,,,0
511241,18-04-2025,paid_social,prospecting_video,,,0
511242,18-04-2025,paid_social,prospecting_video,,,0
511243,18-04-2025,paid_social,prospecting_video,,,0
511244,18-04-2025,paid_search,generic_search,,,0
511245,18-04-2025,organic,,18-04-2025,monthly,29.97
511246,18-04-2025,paid_social,prospecting_video,,,0
511247,18-04-2025,paid_social,retargeting,,,0
511248,18-04-2025,paid_social,retargeting,,,0
511249,19-04-2025,organic,,,,0
511250,19-04-2025,paid_social,retargeting,,,0
511251,19-04-2025,organic,,,,0
511252,19-04-2025,referral,,,,0
511253,19-04-2025,paid_search,generic_search,,,0
511254,19-04-2025,paid_social,retargeting,,,0
511255,19-04-2025,paid_social,prospecting_video,,,0
511256,19-04-2025,referral,,,,0
511257,19-04-2025,paid_social,retargeting,,,0
511258,19-04-2025,organic,,,,0
511259,19-04-2025,paid_social,retargeting,,,0
511260,19-04-2025,paid_social,prospecting_video,,,0
511261,19-04-2025,referral,,,,0
511262,19-04-2025,paid_social,retargeting,21-04-2025,annual,79.99
511263,19-04-2025,paid_social,retargeting,24-04-2025,annual,79.99
511264,19-04-2025,paid_social,prospecting_video,,,0
511265,19-04-2025,paid_search,brand_search,,,0
511266,19-04-2025,referral,,20-04-2025,annual,79.99
511267,19-04-2025,organic,,,,0
511268,19-04-2025,organic,,,,0
511269,19-04-2025,paid_search,generic_search,02-05-2025,annual,79.99
511270,19-04-2025,paid_search,generic_search,27-04-2025,annual,79.99
511271,19-04-2025,paid_social,prospecting_video,,,0
511272,19-04-2025,organic,,,,0
511273,19-04-2025,paid_social,prospecting_video,,,0
511274,19-04-2025,paid_social,retargeting,19-04-2025,monthly,29.97
511275,19-04-2025,paid_social,prospecting_video,,,0
511276,19-04-2025,paid_social,retargeting,,,0
511277,19-04-2025,paid_social,prospecting_video,,,0
511278,19-04-2025,paid_social,prospecting_video,,,0
511279,19-04-2025,organic,,20-04-2025,monthly,29.97
511280,19-04-2025,paid_search,generic_search,20-04-2025,annual,79.99
511281,19-04-2025,paid_social,prospecting_video,,,0
511282,19-04-2025,organic,,,,0
511283,19-04-2025,paid_social,prospecting_video,,,0
511284,19-04-2025,paid_social,prospecting_video,,,0
511285,19-04-2025,paid_search,brand_search,,,0
511286,19-04-2025,paid_social,prospecting_video,,,0
511287,19-04-2025,organic,,,,0
511288,19-04-2025,paid_social,retargeting,22-04-2025,annual,79.99
511289,19-04-2025,paid_search,generic_search,01-05-2025,monthly,29.97
511290,19-04-2025,organic,,,,0
511291,19-04-2025,affiliate,finance_blogs,21-04-2025,annual,79.99
511292,19-04-2025,paid_social,prospecting_video,,,0
511293,19-04-2025,paid_search,generic_search,,,0
511294,19-04-2025,paid_search,generic_search,20-04-2025,monthly,29.97
511295,19-04-2025,organic,,,,0
511296,19-04-2025,organic,,,,0
511297,19-04-2025,paid_search,brand_search,,,0
511298,19-04-2025,display,display_network,,,0
511299,19-04-2025,paid_search,brand_search,,,0
511300,19-04-2025,organic,,,,0
511301,19-04-2025,referral,,,,0
511302,19-04-2025,paid_social,prospecting_video,,,0
511303,19-04-2025,paid_social,prospecting_video,,,0
511304,19-04-2025,affiliate,finance_blogs,,,0
511305,19-04-2025,organic,,,,0
511306,19-04-2025,paid_social,prospecting_video,,,0
511307,19-04-2025,affiliate,finance_blogs,,,0
511308,19-04-2025,organic,,,,0
511309,19-04-2025,paid_social,retargeting,20-04-2025,monthly,29.97
511310,19-04-2025,paid_social,retargeting,,,0
511311,19-04-2025,organic,,,,0
511312,19-04-2025,referral,,22-04-2025,annual,79.99
511313,19-04-2025,paid_social,retargeting,22-04-2025,annual,79.99
511314,19-04-2025,paid_social,prospecting_video,,,0
511315,19-04-2025,organic,,,,0
511316,19-04-2025,referral,,19-04-2025,monthly,29.97
511317,19-04-2025,paid_social,retargeting,,,0
511318,19-04-2025,organic,,,,0
511319,19-04-2025,paid_social,retargeting,25-04-2025,monthly,29.97
511320,19-04-2025,paid_search,generic_search,,,0
511321,19-04-2025,paid_social,prospecting_video,,,0
511322,19-04-2025,organic,,,,0
511323,19-04-2025,paid_social,prospecting_video,19-04-2025,monthly,29.97
511324,19-04-2025,paid_social,prospecting_video,,,0
511325,19-04-2025,organic,,,,0
511326,20-04-2025,paid_social,prospecting_video,,,0
511327,20-04-2025,paid_social,retargeting,,,0
511328,20-04-2025,paid_social,prospecting_video,,,0
511329,20-04-2025,paid_social,prospecting_video,,,0
511330,20-04-2025,paid_social,prospecting_video,,,0
511331,20-04-2025,paid_social,retargeting,,,0
511332,20-04-2025,paid_social,retargeting,,,0
511333,20-04-2025,organic,,,,0
511334,20-04-2025,paid_social,prospecting_video,,,0
511335,20-04-2025,paid_social,prospecting_video,,,0
511336,20-04-2025,paid_social,retargeting,26-04-2025,monthly,29.97
511337,20-04-2025,paid_search,brand_search,23-04-2025,monthly,29.97
511338,20-04-2025,organic,,,,0
511339,20-04-2025,paid_social,retargeting,,,0
511340,20-04-2025,paid_social,prospecting_video,,,0
511341,20-04-2025,display,display_network,,,0
511342,20-04-2025,paid_social,prospecting_video,,,0
511343,20-04-2025,paid_social,prospecting_video,,,0
511344,20-04-2025,referral,,,,0
511345,20-04-2025,organic,,27-04-2025,monthly,9.99
511346,20-04-2025,paid_social,prospecting_video,,,0
511347,20-04-2025,paid_search,brand_search,28-04-2025,monthly,19.98
511348,20-04-2025,paid_search,generic_search,,,0
511349,20-04-2025,paid_search,generic_search,,,0
511350,20-04-2025,paid_social,prospecting_video,,,0
511351,20-04-2025,organic,,,,0
511352,20-04-2025,paid_social,prospecting_video,,,0
511353,20-04-2025,organic,,,,0
511354,20-04-2025,paid_social,prospecting_video,,,0
511355,20-04-2025,organic,,,,0
511356,20-04-2025,organic,,,,0
511357,20-04-2025,organic,,20-04-2025,annual,79.99
511358,20-04-2025,referral,,,,0
511359,20-04-2025,paid_social,prospecting_video,,,0
511360,20-04-2025,organic,,,,0
511361,20-04-2025,paid_social,prospecting_video,,,0
511362,20-04-2025,paid_search,brand_search,,,0
511363,20-04-2025,paid_social,prospecting_video,,,0
511364,20-04-2025,paid_social,retargeting,,,0
511365,20-04-2025,paid_search,generic_search,,,0
511366,20-04-2025,paid_social,prospecting_video,,,0
511367,20-04-2025,organic,,,,0
511368,20-04-2025,organic,,,,0
511369,20-04-2025,paid_search,generic_search,,,0
511370,20-04-2025,paid_search,brand_search,,,0
511371,20-04-2025,organic,,,,0
511372,20-04-2025,paid_search,brand_search,,,0
511373,20-04-2025,organic,,,,0
511374,20-04-2025,paid_social,prospecting_video,,,0
511375,20-04-2025,organic,,,,0
511376,20-04-2025,paid_social,retargeting,21-04-2025,monthly,29.97
511377,20-04-2025,organic,,,,0
511378,20-04-2025,paid_social,retargeting,,,0
511379,20-04-2025,paid_social,retargeting,,,0
511380,20-04-2025,paid_search,generic_search,,,0
511381,20-04-2025,referral,,,,0
511382,20-04-2025,paid_social,prospecting_video,,,0
511383,20-04-2025,organic,,,,0
511384,20-04-2025,paid_social,retargeting,,,0
511385,20-04-2025,organic,,,,0
511386,20-04-2025,paid_social,retargeting,,,0
511387,20-04-2025,paid_social,retargeting,,,0
511388,20-04-2025,organic,,22-04-2025,monthly,29.97
511389,20-04-2025,paid_social,retargeting,,,0
511390,20-04-2025,organic,,,,0
511391,20-04-2025,paid_search,brand_search,,,0
511392,20-04-2025,paid_social,prospecting_video,,,0
511393,20-04-2025,paid_social,retargeting,28-04-2025,annual,79.99
511394,20-04-2025,paid_social,retargeting,,,0
511395,20-04-2025,display,display_network,,,0
511396,20-04-2025,organic,,,,0
511397,20-04-2025,organic,,,,0
511398,20-04-2025,display,display_network,,,0
511399,20-04-2025,paid_social,prospecting_video,,,0
511400,20-04-2025,paid_social,prospecting_video,,,0
511401,20-04-2025,paid_social,prospecting_video,,,0
511402,20-04-2025,paid_social,prospecting_video,,,0
511403,20-04-2025,organic,,,,0
511404,20-04-2025,paid_social,retargeting,,,0
511405,20-04-2025,paid_social,prospecting_video,,,0
511406,20-04-2025,organic,,,,0
511407,20-04-2025,paid_search,generic_search,20-04-2025,monthly,29.97
511408,20-04-2025,paid_search,brand_search,25-04-2025,monthly,19.98
511409,20-04-2025,affiliate,finance_blogs,,,0
511410,20-04-2025,paid_social,prospecting_video,,,0
511411,20-04-2025,paid_search,brand_search,,,0
511412,20-04-2025,organic,,,,0
511413,20-04-2025,paid_social,prospecting_video,,,0
511414,20-04-2025,paid_social,prospecting_video,,,0
511415,20-04-2025,organic,,,,0
511416,20-04-2025,paid_social,prospecting_video,,,0
511417,20-04-2025,paid_social,prospecting_video,,,0
511418,20-04-2025,paid_search,brand_search,,,0
511419,20-04-2025,paid_search,generic_search,,,0
511420,20-04-2025,paid_search,generic_search,,,0
511421,20-04-2025,paid_social,prospecting_video,,,0
511422,20-04-2025,paid_social,prospecting_video,,,0
511423,20-04-2025,paid_social,prospecting_video,,,0
511424,20-04-2025,paid_social,prospecting_video,,,0
511425,20-04-2025,paid_social,prospecting_video,,,0
511426,20-04-2025,paid_social,prospecting_video,,,0
511427,20-04-2025,paid_search,brand_search,,,0
511428,20-04-2025,referral,,,,0
511429,20-04-2025,paid_social,prospecting_video,,,0
511430,20-04-2025,referral,,,,0
511431,21-04-2025,paid_social,prospecting_video,,,0
511432,21-04-2025,paid_social,retargeting,,,0
511433,21-04-2025,organic,,,,0
511434,21-04-2025,paid_social,prospecting_video,,,0
511435,21-04-2025,paid_social,prospecting_video,,,0
511436,21-04-2025,organic,,,,0
511437,21-04-2025,paid_social,retargeting,,,0
511438,21-04-2025,paid_search,brand_search,,,0
511439,21-04-2025,referral,,,,0
511440,21-04-2025,paid_social,prospecting_video,,,0
511441,21-04-2025,organic,,,,0
511442,21-04-2025,paid_social,prospecting_video,,,0
511443,21-04-2025,paid_social,prospecting_video,,,0
511444,21-04-2025,paid_social,prospecting_video,,,0
511445,21-04-2025,paid_social,prospecting_video,,,0
511446,21-04-2025,paid_social,retargeting,,,0
511447,21-04-2025,paid_social,prospecting_video,,,0
511448,21-04-2025,organic,,,,0
511449,21-04-2025,paid_social,retargeting,22-04-2025,monthly,29.97
511450,21-04-2025,organic,,,,0
511451,21-04-2025,paid_social,prospecting_video,,,0
511452,21-04-2025,referral,,,,0
511453,21-04-2025,paid_social,prospecting_video,,,0
511454,21-04-2025,organic,,,,0
511455,21-04-2025,paid_search,generic_search,,,0
511456,21-04-2025,paid_social,prospecting_video,,,0
511457,21-04-2025,affiliate,finance_blogs,27-04-2025,monthly,29.97
511458,21-04-2025,paid_social,prospecting_video,,,0
511459,21-04-2025,paid_social,prospecting_video,,,0
511460,21-04-2025,referral,,,,0
511461,21-04-2025,paid_search,generic_search,,,0
511462,21-04-2025,paid_search,generic_search,,,0
511463,21-04-2025,paid_social,retargeting,,,0
511464,21-04-2025,paid_social,prospecting_video,,,0
511465,21-04-2025,paid_social,prospecting_video,,,0
511466,21-04-2025,paid_social,prospecting_video,,,0
511467,21-04-2025,paid_social,prospecting_video,,,0
511468,21-04-2025,paid_search,brand_search,,,0
511469,21-04-2025,paid_search,brand_search,21-04-2025,annual,79.99
511470,21-04-2025,organic,,,,0
511471,21-04-2025,paid_social,prospecting_video,,,0
511472,21-04-2025,organic,,,,0
511473,21-04-2025,paid_search,brand_search,,,0
511474,21-04-2025,paid_search,brand_search,,,0
511475,21-04-2025,organic,,,,0
511476,21-04-2025,paid_social,prospecting_video,,,0
511477,21-04-2025,referral,,,,0
511478,21-04-2025,paid_search,brand_search,,,0
511479,21-04-2025,organic,,,,0
511480,21-04-2025,paid_social,prospecting_video,,,0
511481,21-04-2025,paid_social,retargeting,,,0
511482,21-04-2025,paid_search,brand_search,21-04-2025,monthly,29.97
511483,21-04-2025,display,display_network,,,0
511484,21-04-2025,display,display_network,,,0
511485,21-04-2025,affiliate,finance_blogs,,,0
511486,21-04-2025,paid_social,prospecting_video,,,0
511487,21-04-2025,paid_social,prospecting_video,,,0
511488,21-04-2025,paid_social,retargeting,,,0
511489,21-04-2025,paid_social,prospecting_video,,,0
511490,21-04-2025,paid_social,prospecting_video,,,0
511491,21-04-2025,paid_search,generic_search,,,0
511492,21-04-2025,paid_social,prospecting_video,,,0
511493,21-04-2025,paid_social,retargeting,21-04-2025,monthly,29.97
511494,21-04-2025,paid_social,retargeting,,,0
511495,21-04-2025,affiliate,finance_blogs,21-04-2025,monthly,29.97
511496,21-04-2025,paid_search,generic_search,21-04-2025,monthly,29.97
511497,21-04-2025,organic,,27-04-2025,monthly,29.97
511498,21-04-2025,organic,,,,0
511499,21-04-2025,paid_social,prospecting_video,,,0
511500,21-04-2025,paid_search,brand_search,,,0
511501,21-04-2025,paid_social,prospecting_video,,,0
511502,21-04-2025,paid_social,prospecting_video,,,0
511503,21-04-2025,paid_social,retargeting,,,0
511504,21-04-2025,paid_social,prospecting_video,,,0
511505,21-04-2025,paid_search,brand_search,,,0
511506,21-04-2025,referral,,,,0
511507,21-04-2025,paid_search,brand_search,,,0
511508,21-04-2025,paid_social,retargeting,,,0
511509,21-04-2025,paid_social,prospecting_video,,,0
511510,21-04-2025,organic,,,,0
511511,21-04-2025,paid_social,retargeting,,,0
511512,21-04-2025,paid_search,brand_search,,,0
511513,21-04-2025,organic,,23-04-2025,monthly,9.99
511514,21-04-2025,paid_social,prospecting_video,,,0
511515,21-04-2025,paid_social,retargeting,,,0
511516,21-04-2025,paid_social,retargeting,,,0
511517,21-04-2025,organic,,,,0
511518,21-04-2025,paid_social,retargeting,,,0
511519,21-04-2025,paid_social,prospecting_video,,,0
511520,21-04-2025,paid_social,retargeting,,,0
511521,21-04-2025,paid_social,prospecting_video,,,0
511522,21-04-2025,paid_social,prospecting_video,,,0
511523,21-04-2025,organic,,,,0
511524,21-04-2025,referral,,,,0
511525,21-04-2025,paid_social,retargeting,,,0
511526,21-04-2025,paid_social,retargeting,,,0
511527,21-04-2025,paid_social,prospecting_video,,,0
511528,21-04-2025,paid_search,brand_search,,,0
511529,21-04-2025,paid_search,brand_search,,,0
511530,21-04-2025,paid_search,generic_search,,,0
511531,21-04-2025,organic,,,,0
511532,21-04-2025,organic,,,,0
511533,21-04-2025,organic,,,,0
511534,21-04-2025,referral,,,,0
511535,21-04-2025,paid_social,retargeting,,,0
511536,21-04-2025,paid_social,retargeting,02-05-2025,monthly,9.99
511537,21-04-2025,paid_search,generic_search,,,0
511538,21-04-2025,paid_social,retargeting,,,0
511539,21-04-2025,referral,,,,0
511540,21-04-2025,paid_search,brand_search,02-05-2025,monthly,9.99
511541,21-04-2025,organic,,,,0
511542,21-04-2025,organic,,,,0
511543,21-04-2025,paid_social,prospecting_video,,,0
511544,21-04-2025,paid_social,prospecting_video,,,0
511545,21-04-2025,paid_search,brand_search,,,0
511546,21-04-2025,paid_social,prospecting_video,,,0
511547,21-04-2025,paid_search,brand_search,,,0
511548,21-04-2025,affiliate,finance_blogs,21-04-2025,monthly,29.97
511549,22-04-2025,paid_social,prospecting_video,,,0
511550,22-04-2025,paid_social,retargeting,24-04-2025,monthly,29.97
511551,22-04-2025,paid_social,prospecting_video,,,0
511552,22-04-2025,paid_social,prospecting_video,,,0
511553,22-04-2025,referral,,,,0
511554,22-04-2025,organic,,,,0
511555,22-04-2025,organic,,,,0
511556,22-04-2025,paid_social,prospecting_video,,,0
511557,22-04-2025,organic,,,,0
511558,22-04-2025,paid_social,prospecting_video,,,0
511559,22-04-2025,organic,,,,0
511560,22-04-2025,paid_social,retargeting,,,0
511561,22-04-2025,display,display_network,,,0
511562,22-04-2025,affiliate,finance_blogs,,,0
511563,22-04-2025,paid_social,retargeting,,,0
511564,22-04-2025,organic,,,,0
511565,22-04-2025,paid_social,retargeting,,,0
511566,22-04-2025,paid_social,prospecting_video,,,0
511567,22-04-2025,affiliate,finance_blogs,27-04-2025,monthly,19.98
511568,22-04-2025,paid_social,prospecting_video,,,0
511569,22-04-2025,paid_social,prospecting_video,,,0
511570,22-04-2025,paid_social,retargeting,22-04-2025,monthly,29.97
511571,22-04-2025,paid_social,retargeting,,,0
511572,22-04-2025,paid_social,retargeting,,,0
511573,22-04-2025,referral,,,,0
511574,22-04-2025,organic,,,,0
511575,22-04-2025,paid_social,prospecting_video,,,0
511576,22-04-2025,paid_social,retargeting,22-04-2025,monthly,29.97
511577,22-04-2025,paid_social,retargeting,,,0
511578,22-04-2025,paid_social,prospecting_video,,,0
511579,22-04-2025,organic,,,,0
511580,22-04-2025,paid_social,prospecting_video,,,0
511581,22-04-2025,organic,,,,0
511582,22-04-2025,organic,,,,0
511583,22-04-2025,paid_social,retargeting,,,0
511584,22-04-2025,paid_social,prospecting_video,,,0
511585,22-04-2025,paid_search,generic_search,,,0
511586,22-04-2025,paid_social,prospecting_video,,,0
511587,22-04-2025,paid_search,generic_search,,,0
511588,22-04-2025,paid_search,brand_search,22-04-2025,annual,79.99
511589,22-04-2025,paid_social,prospecting_video,,,0
511590,22-04-2025,paid_social,retargeting,,,0
511591,22-04-2025,paid_social,retargeting,,,0
511592,22-04-2025,paid_search,generic_search,,,0
511593,22-04-2025,paid_social,prospecting_video,,,0
511594,22-04-2025,paid_search,generic_search,,,0
511595,22-04-2025,paid_social,retargeting,,,0
511596,22-04-2025,display,display_network,,,0
511597,22-04-2025,paid_search,generic_search,,,0
511598,22-04-2025,affiliate,finance_blogs,,,0
511599,22-04-2025,paid_search,brand_search,,,0
511600,22-04-2025,paid_search,brand_search,24-04-2025,monthly,29.97
511601,22-04-2025,paid_social,prospecting_video,,,0
511602,22-04-2025,organic,,,,0
511603,22-04-2025,paid_social,retargeting,,,0
511604,22-04-2025,paid_social,prospecting_video,,,0
511605,22-04-2025,paid_social,prospecting_video,,,0
511606,22-04-2025,organic,,,,0
511607,22-04-2025,paid_search,brand_search,,,0
511608,22-04-2025,paid_search,brand_search,,,0
511609,22-04-2025,paid_search,brand_search,24-04-2025,annual,79.99
511610,22-04-2025,organic,,,,0
511611,22-04-2025,paid_social,prospecting_video,,,0
511612,22-04-2025,organic,,,,0
511613,22-04-2025,paid_social,prospecting_video,,,0
511614,22-04-2025,organic,,,,0
511615,22-04-2025,referral,,,,0
511616,22-04-2025,paid_social,prospecting_video,,,0
511617,22-04-2025,paid_social,prospecting_video,,,0
511618,22-04-2025,paid_search,brand_search,,,0
511619,22-04-2025,paid_social,retargeting,,,0
511620,22-04-2025,affiliate,finance_blogs,,,0
511621,22-04-2025,organic,,,,0
511622,22-04-2025,organic,,,,0
511623,22-04-2025,paid_social,prospecting_video,,,0
511624,22-04-2025,paid_social,prospecting_video,,,0
511625,22-04-2025,organic,,,,0
511626,22-04-2025,paid_social,prospecting_video,,,0
511627,22-04-2025,organic,,,,0
511628,22-04-2025,paid_social,prospecting_video,,,0
511629,22-04-2025,organic,,,,0
511630,22-04-2025,paid_social,retargeting,23-04-2025,monthly,29.97
511631,22-04-2025,paid_search,generic_search,,,0
511632,22-04-2025,paid_search,brand_search,,,0
511633,22-04-2025,paid_social,prospecting_video,,,0
511634,22-04-2025,organic,,,,0
511635,22-04-2025,paid_social,prospecting_video,,,0
511636,22-04-2025,paid_social,prospecting_video,,,0
511637,22-04-2025,paid_social,prospecting_video,,,0
511638,22-04-2025,paid_search,brand_search,,,0
511639,22-04-2025,paid_search,brand_search,,,0
511640,22-04-2025,referral,,25-04-2025,monthly,29.97
511641,22-04-2025,organic,,,,0
511642,22-04-2025,referral,,,,0
511643,22-04-2025,paid_search,generic_search,24-04-2025,monthly,29.97
511644,22-04-2025,paid_social,prospecting_video,,,0
511645,22-04-2025,paid_search,brand_search,,,0
511646,22-04-2025,paid_social,retargeting,,,0
511647,22-04-2025,paid_social,prospecting_video,,,0
511648,22-04-2025,paid_social,prospecting_video,,,0
511649,22-04-2025,paid_social,prospecting_video,,,0
511650,22-04-2025,paid_search,brand_search,,,0
511651,22-04-2025,paid_social,prospecting_video,,,0
511652,22-04-2025,paid_social,prospecting_video,,,0
511653,22-04-2025,referral,,22-04-2025,monthly,29.97
511654,22-04-2025,referral,,,,0
511655,22-04-2025,paid_social,retargeting,,,0
511656,22-04-2025,display,display_network,,,0
511657,22-04-2025,paid_search,generic_search,24-04-2025,annual,79.99
511658,22-04-2025,organic,,,,0
511659,22-04-2025,paid_social,retargeting,22-04-2025,annual,79.99
511660,22-04-2025,paid_search,generic_search,24-04-2025,monthly,19.98
511661,22-04-2025,paid_search,generic_search,,,0
511662,23-04-2025,paid_social,prospecting_video,,,0
511663,23-04-2025,paid_social,prospecting_video,,,0
511664,23-04-2025,organic,,,,0
511665,23-04-2025,paid_social,prospecting_video,,,0
511666,23-04-2025,referral,,25-04-2025,monthly,29.97
511667,23-04-2025,paid_social,prospecting_video,,,0
511668,23-04-2025,paid_social,prospecting_video,,,0
511669,23-04-2025,organic,,,,0
511670,23-04-2025,paid_search,generic_search,,,0
511671,23-04-2025,paid_social,retargeting,,,0
511672,23-04-2025,paid_social,prospecting_video,,,0
511673,23-04-2025,paid_search,brand_search,,,0
511674,23-04-2025,paid_social,retargeting,,,0
511675,23-04-2025,organic,,,,0
511676,23-04-2025,paid_search,brand_search,23-04-2025,monthly,29.97
511677,23-04-2025,paid_social,prospecting_video,25-04-2025,monthly,29.97
511678,23-04-2025,paid_search,generic_search,28-04-2025,annual,79.99
511679,23-04-2025,organic,,,,0
511680,23-04-2025,paid_search,generic_search,28-04-2025,monthly,29.97
511681,23-04-2025,paid_search,generic_search,,,0
511682,23-04-2025,paid_social,prospecting_video,,,0
511683,23-04-2025,paid_social,prospecting_video,,,0
511684,23-04-2025,display,display_network,,,0
511685,23-04-2025,referral,,,,0
511686,23-04-2025,paid_social,prospecting_video,,,0
511687,23-04-2025,organic,,,,0
511688,23-04-2025,paid_social,retargeting,,,0
511689,23-04-2025,paid_social,retargeting,,,0
511690,23-04-2025,paid_social,prospecting_video,,,0
511691,23-04-2025,organic,,,,0
511692,23-04-2025,paid_search,generic_search,,,0
511693,23-04-2025,referral,,,,0
511694,23-04-2025,organic,,,,0
511695,23-04-2025,referral,,,,0
511696,23-04-2025,paid_social,retargeting,,,0
511697,23-04-2025,paid_social,retargeting,25-04-2025,monthly,19.98
511698,23-04-2025,organic,,,,0
511699,23-04-2025,paid_social,prospecting_video,,,0
511700,23-04-2025,affiliate,finance_blogs,,,0
511701,23-04-2025,paid_social,retargeting,,,0
511702,23-04-2025,paid_social,prospecting_video,,,0
511703,23-04-2025,paid_social,prospecting_video,,,0
511704,23-04-2025,paid_social,prospecting_video,,,0
511705,23-04-2025,paid_social,prospecting_video,,,0
511706,23-04-2025,display,display_network,,,0
511707,23-04-2025,paid_social,prospecting_video,,,0
511708,23-04-2025,paid_social,retargeting,,,0
511709,23-04-2025,paid_social,retargeting,,,0
511710,23-04-2025,paid_social,prospecting_video,,,0
511711,23-04-2025,display,display_network,29-04-2025,annual,79.99
511712,23-04-2025,affiliate,finance_blogs,,,0
511713,23-04-2025,paid_social,prospecting_video,,,0
511714,23-04-2025,referral,,,,0
511715,23-04-2025,paid_search,brand_search,,,0
511716,23-04-2025,paid_search,generic_search,29-04-2025,monthly,19.98
511717,23-04-2025,paid_social,prospecting_video,,,0
511718,23-04-2025,paid_search,brand_search,24-04-2025,monthly,29.97
511719,23-04-2025,paid_social,retargeting,,,0
511720,23-04-2025,paid_social,prospecting_video,,,0
511721,23-04-2025,organic,,26-04-2025,annual,79.99
511722,23-04-2025,paid_social,prospecting_video,,,0
511723,23-04-2025,paid_social,prospecting_video,,,0
511724,23-04-2025,paid_search,brand_search,,,0
511725,23-04-2025,paid_social,prospecting_video,,,0
511726,23-04-2025,paid_social,prospecting_video,,,0
511727,23-04-2025,paid_social,prospecting_video,,,0
511728,23-04-2025,paid_search,brand_search,,,0
511729,23-04-2025,paid_social,prospecting_video,,,0
511730,23-04-2025,paid_social,prospecting_video,,,0
511731,23-04-2025,paid_social,prospecting_video,,,0
511732,23-04-2025,paid_social,prospecting_video,,,0
511733,23-04-2025,paid_search,brand_search,,,0
511734,23-04-2025,paid_search,brand_search,24-04-2025,monthly,29.97
511735,23-04-2025,paid_social,retargeting,27-04-2025,monthly,29.97
511736,23-04-2025,referral,,,,0
511737,23-04-2025,paid_social,prospecting_video,,,0
511738,23-04-2025,affiliate,finance_blogs,24-04-2025,annual,79.99
511739,23-04-2025,paid_social,prospecting_video,,,0
511740,23-04-2025,paid_social,prospecting_video,,,0
511741,23-04-2025,organic,,,,0
511742,23-04-2025,paid_social,prospecting_video,,,0
511743,23-04-2025,paid_social,prospecting_video,,,0
511744,23-04-2025,organic,,,,0
511745,23-04-2025,paid_search,brand_search,,,0
511746,23-04-2025,referral,,,,0
511747,23-04-2025,display,display_network,,,0
511748,23-04-2025,paid_search,generic_search,,,0
511749,23-04-2025,paid_social,prospecting_video,23-04-2025,monthly,29.97
511750,23-04-2025,organic,,,,0
511751,23-04-2025,paid_social,retargeting,,,0
511752,23-04-2025,referral,,,,0
511753,23-04-2025,paid_social,prospecting_video,,,0
511754,23-04-2025,display,display_network,,,0
511755,23-04-2025,paid_social,prospecting_video,,,0
511756,23-04-2025,paid_social,prospecting_video,,,0
511757,23-04-2025,paid_social,prospecting_video,,,0
511758,23-04-2025,paid_social,prospecting_video,,,0
511759,23-04-2025,paid_search,brand_search,25-04-2025,annual,79.99
511760,23-04-2025,organic,,,,0
511761,23-04-2025,paid_search,generic_search,,,0
511762,23-04-2025,affiliate,finance_blogs,,,0
511763,23-04-2025,paid_social,prospecting_video,,,0
511764,23-04-2025,organic,,,,0
511765,23-04-2025,paid_search,brand_search,02-05-2025,annual,79.99
511766,23-04-2025,paid_social,prospecting_video,,,0
511767,23-04-2025,paid_search,generic_search,,,0
511768,23-04-2025,paid_social,prospecting_video,,,0
511769,23-04-2025,paid_social,prospecting_video,,,0
511770,24-04-2025,paid_social,prospecting_video,,,0
511771,24-04-2025,paid_search,generic_search,24-04-2025,annual,79.99
511772,24-04-2025,paid_social,prospecting_video,,,0
511773,24-04-2025,paid_social,prospecting_video,,,0
511774,24-04-2025,organic,,,,0
511775,24-04-2025,paid_search,brand_search,,,0
511776,24-04-2025,paid_social,retargeting,,,0
511777,24-04-2025,paid_social,prospecting_video,,,0
511778,24-04-2025,organic,,,,0
511779,24-04-2025,paid_social,prospecting_video,,,0
511780,24-04-2025,paid_search,brand_search,,,0
511781,24-04-2025,organic,,,,0
511782,24-04-2025,paid_social,prospecting_video,,,0
511783,24-04-2025,paid_social,prospecting_video,,,0
511784,24-04-2025,paid_social,prospecting_video,,,0
511785,24-04-2025,referral,,07-05-2025,monthly,19.98
511786,24-04-2025,paid_search,generic_search,,,0
511787,24-04-2025,paid_search,generic_search,,,0
511788,24-04-2025,affiliate,finance_blogs,,,0
511789,24-04-2025,paid_search,brand_search,02-05-2025,annual,79.99
511790,24-04-2025,organic,,,,0
511791,24-04-2025,paid_social,prospecting_video,,,0
511792,24-04-2025,affiliate,finance_blogs,,,0
511793,24-04-2025,organic,,,,0
511794,24-04-2025,paid_social,prospecting_video,,,0
511795,24-04-2025,paid_search,generic_search,,,0
511796,24-04-2025,affiliate,finance_blogs,,,0
511797,24-04-2025,paid_search,brand_search,,,0
511798,24-04-2025,paid_social,prospecting_video,,,0
511799,24-04-2025,paid_search,generic_search,,,0
511800,24-04-2025,paid_social,retargeting,,,0
511801,24-04-2025,paid_social,retargeting,,,0
511802,24-04-2025,paid_search,brand_search,,,0
511803,24-04-2025,paid_social,prospecting_video,,,0
511804,24-04-2025,paid_social,retargeting,,,0
511805,24-04-2025,organic,,,,0
511806,24-04-2025,paid_search,generic_search,,,0
511807,24-04-2025,organic,,,,0
511808,24-04-2025,paid_social,retargeting,,,0
511809,24-04-2025,paid_social,prospecting_video,07-05-2025,annual,79.99
511810,24-04-2025,paid_social,prospecting_video,,,0
511811,24-04-2025,referral,,,,0
511812,24-04-2025,paid_social,retargeting,,,0
511813,24-04-2025,organic,,27-04-2025,monthly,29.97
511814,24-04-2025,affiliate,finance_blogs,,,0
511815,24-04-2025,paid_social,prospecting_video,,,0
511816,24-04-2025,paid_social,prospecting_video,,,0
511817,24-04-2025,paid_social,retargeting,,,0
511818,24-04-2025,affiliate,finance_blogs,,,0
511819,24-04-2025,paid_social,prospecting_video,,,0
511820,24-04-2025,organic,,,,0
511821,24-04-2025,paid_social,prospecting_video,,,0
511822,24-04-2025,organic,,,,0
511823,24-04-2025,paid_social,retargeting,,,0
511824,24-04-2025,referral,,,,0
511825,24-04-2025,paid_social,prospecting_video,,,0
511826,24-04-2025,paid_social,prospecting_video,,,0
511827,24-04-2025,referral,,,,0
511828,24-04-2025,paid_social,prospecting_video,,,0
511829,24-04-2025,organic,,,,0
511830,24-04-2025,paid_social,retargeting,,,0
511831,24-04-2025,paid_search,generic_search,,,0
511832,24-04-2025,paid_social,retargeting,,,0
511833,24-04-2025,paid_search,brand_search,,,0
511834,24-04-2025,paid_search,brand_search,,,0
511835,24-04-2025,paid_social,retargeting,,,0
511836,24-04-2025,organic,,27-04-2025,monthly,29.97
511837,24-04-2025,paid_social,prospecting_video,,,0
511838,24-04-2025,paid_social,prospecting_video,,,0
511839,24-04-2025,paid_social,prospecting_video,,,0
511840,24-04-2025,affiliate,finance_blogs,,,0
511841,24-04-2025,paid_social,prospecting_video,,,0
511842,24-04-2025,paid_social,prospecting_video,,,0
511843,24-04-2025,paid_search,brand_search,,,0
511844,24-04-2025,paid_social,prospecting_video,,,0
511845,24-04-2025,paid_social,prospecting_video,,,0
511846,24-04-2025,paid_search,brand_search,25-04-2025,annual,79.99
511847,24-04-2025,paid_social,retargeting,,,0
511848,24-04-2025,paid_social,prospecting_video,,,0
511849,24-04-2025,paid_search,brand_search,,,0
511850,24-04-2025,paid_social,retargeting,,,0
511851,24-04-2025,paid_social,prospecting_video,,,0
511852,24-04-2025,paid_social,prospecting_video,,,0
511853,24-04-2025,organic,,,,0
511854,24-04-2025,paid_search,generic_search,,,0
511855,24-04-2025,paid_social,prospecting_video,,,0
511856,24-04-2025,paid_social,prospecting_video,,,0
511857,24-04-2025,organic,,,,0
511858,24-04-2025,paid_social,prospecting_video,,,0
511859,24-04-2025,paid_social,prospecting_video,,,0
511860,24-04-2025,paid_social,prospecting_video,,,0
511861,24-04-2025,paid_social,prospecting_video,,,0
511862,24-04-2025,paid_social,retargeting,24-04-2025,annual,79.99
511863,24-04-2025,paid_social,retargeting,,,0
511864,24-04-2025,paid_social,prospecting_video,,,0
511865,24-04-2025,affiliate,finance_blogs,29-04-2025,monthly,9.99
511866,24-04-2025,paid_social,prospecting_video,,,0
511867,25-04-2025,paid_social,prospecting_video,,,0
511868,25-04-2025,paid_social,retargeting,,,0
511869,25-04-2025,paid_social,prospecting_video,,,0
511870,25-04-2025,paid_social,prospecting_video,,,0
511871,25-04-2025,paid_social,prospecting_video,,,0
511872,25-04-2025,paid_search,brand_search,27-04-2025,annual,79.99
511873,25-04-2025,paid_social,prospecting_video,,,0
511874,25-04-2025,paid_search,generic_search,,,0
511875,25-04-2025,paid_social,prospecting_video,,,0
511876,25-04-2025,organic,,,,0
511877,25-04-2025,organic,,28-04-2025,monthly,19.98
511878,25-04-2025,paid_social,prospecting_video,,,0
511879,25-04-2025,paid_social,prospecting_video,,,0
511880,25-04-2025,organic,,,,0
511881,25-04-2025,organic,,,,0
511882,25-04-2025,paid_social,prospecting_video,,,0
511883,25-04-2025,paid_search,generic_search,,,0
511884,25-04-2025,paid_social,retargeting,29-04-2025,monthly,29.97
511885,25-04-2025,paid_social,prospecting_video,,,0
511886,25-04-2025,paid_social,retargeting,,,0
511887,25-04-2025,referral,,,,0
511888,25-04-2025,paid_social,prospecting_video,,,0
511889,25-04-2025,paid_social,prospecting_video,,,0
511890,25-04-2025,paid_social,prospecting_video,,,0
511891,25-04-2025,paid_social,prospecting_video,,,0
511892,25-04-2025,paid_search,generic_search,,,0
511893,25-04-2025,paid_social,retargeting,,,0
511894,25-04-2025,paid_social,prospecting_video,,,0
511895,25-04-2025,referral,,,,0
511896,25-04-2025,paid_search,generic_search,,,0
511897,25-04-2025,referral,,,,0
511898,25-04-2025,paid_search,generic_search,,,0
511899,25-04-2025,organic,,,,0
511900,25-04-2025,affiliate,finance_blogs,,,0
511901,25-04-2025,paid_social,retargeting,25-04-2025,annual,79.99
511902,25-04-2025,paid_search,brand_search,,,0
511903,25-04-2025,paid_social,prospecting_video,,,0
511904,25-04-2025,paid_social,prospecting_video,,,0
511905,25-04-2025,paid_social,prospecting_video,,,0
511906,25-04-2025,paid_social,prospecting_video,,,0
511907,25-04-2025,organic,,,,0
511908,25-04-2025,paid_social,retargeting,,,0
511909,25-04-2025,paid_social,retargeting,,,0
511910,25-04-2025,paid_social,prospecting_video,,,0
511911,25-04-2025,paid_social,retargeting,,,0
511912,25-04-2025,display,display_network,,,0
511913,25-04-2025,paid_social,prospecting_video,,,0
511914,25-04-2025,affiliate,finance_blogs,,,0
511915,25-04-2025,paid_social,prospecting_video,02-05-2025,monthly,9.99
511916,25-04-2025,paid_social,prospecting_video,,,0
511917,25-04-2025,organic,,,,0
511918,25-04-2025,referral,,,,0
511919,25-04-2025,paid_social,retargeting,,,0
511920,25-04-2025,paid_social,prospecting_video,,,0
511921,25-04-2025,affiliate,finance_blogs,04-05-2025,annual,79.99
511922,25-04-2025,paid_social,prospecting_video,,,0
511923,25-04-2025,referral,,,,0
511924,25-04-2025,referral,,,,0
511925,25-04-2025,paid_social,prospecting_video,,,0
511926,25-04-2025,paid_social,retargeting,,,0
511927,25-04-2025,display,display_network,,,0
511928,25-04-2025,paid_search,generic_search,,,0
511929,25-04-2025,referral,,,,0
511930,25-04-2025,paid_search,generic_search,,,0
511931,25-04-2025,organic,,,,0
511932,25-04-2025,paid_social,prospecting_video,,,0
511933,25-04-2025,paid_search,brand_search,,,0
511934,25-04-2025,paid_search,generic_search,,,0
511935,25-04-2025,paid_search,generic_search,,,0
511936,25-04-2025,paid_social,prospecting_video,,,0
511937,25-04-2025,paid_search,brand_search,,,0
511938,25-04-2025,affiliate,finance_blogs,,,0
511939,25-04-2025,paid_search,brand_search,26-04-2025,annual,79.99
511940,25-04-2025,paid_social,prospecting_video,,,0
511941,25-04-2025,paid_social,prospecting_video,,,0
511942,25-04-2025,paid_social,retargeting,,,0
511943,25-04-2025,paid_search,generic_search,,,0
511944,25-04-2025,paid_social,prospecting_video,,,0
511945,25-04-2025,paid_social,prospecting_video,,,0
511946,25-04-2025,paid_social,retargeting,,,0
511947,25-04-2025,paid_social,retargeting,,,0
511948,25-04-2025,paid_social,prospecting_video,,,0
511949,25-04-2025,affiliate,finance_blogs,,,0
511950,25-04-2025,referral,,25-04-2025,monthly,29.97
511951,25-04-2025,paid_search,generic_search,,,0
511952,25-04-2025,paid_social,prospecting_video,,,0
511953,25-04-2025,paid_search,generic_search,27-04-2025,annual,79.99
511954,25-04-2025,paid_search,brand_search,,,0
511955,25-04-2025,paid_search,brand_search,25-04-2025,monthly,29.97
511956,25-04-2025,paid_search,generic_search,,,0
511957,25-04-2025,paid_social,prospecting_video,,,0
511958,25-04-2025,paid_social,prospecting_video,,,0
511959,25-04-2025,organic,,25-04-2025,annual,79.99
511960,25-04-2025,paid_social,prospecting_video,,,0
511961,25-04-2025,paid_social,prospecting_video,,,0
511962,25-04-2025,referral,,,,0
511963,25-04-2025,organic,,,,0
511964,25-04-2025,paid_social,prospecting_video,,,0
511965,25-04-2025,paid_search,brand_search,,,0
511966,25-04-2025,referral,,,,0
511967,25-04-2025,paid_search,generic_search,,,0
511968,25-04-2025,referral,,,,0
511969,25-04-2025,paid_social,prospecting_video,,,0
511970,25-04-2025,referral,,,,0
511971,25-04-2025,affiliate,finance_blogs,,,0
511972,25-04-2025,paid_social,prospecting_video,,,0
511973,25-04-2025,paid_search,brand_search,28-04-2025,monthly,29.97
511974,25-04-2025,paid_social,prospecting_video,,,0
511975,25-04-2025,paid_social,prospecting_video,,,0
511976,25-04-2025,paid_social,prospecting_video,,,0
511977,25-04-2025,paid_search,generic_search,,,0
511978,25-04-2025,paid_social,prospecting_video,,,0
511979,25-04-2025,paid_social,prospecting_video,,,0
511980,25-04-2025,organic,,26-04-2025,annual,79.99
511981,25-04-2025,paid_social,prospecting_video,,,0
511982,25-04-2025,paid_search,generic_search,25-04-2025,monthly,29.97
511983,25-04-2025,paid_social,prospecting_video,,,0
511984,25-04-2025,paid_search,generic_search,27-04-2025,monthly,29.97
511985,25-04-2025,paid_social,prospecting_video,,,0
511986,25-04-2025,paid_social,prospecting_video,,,0
511987,25-04-2025,paid_search,brand_search,,,0
511988,25-04-2025,organic,,,,0
511989,25-04-2025,paid_search,brand_search,,,0
511990,25-04-2025,paid_search,generic_search,,,0
511991,25-04-2025,organic,,,,0
511992,25-04-2025,paid_search,generic_search,,,0
511993,25-04-2025,paid_social,prospecting_video,,,0
511994,25-04-2025,paid_social,prospecting_video,,,0
511995,26-04-2025,organic,,,,0
511996,26-04-2025,paid_social,prospecting_video,,,0
511997,26-04-2025,organic,,,,0
511998,26-04-2025,paid_social,prospecting_video,,,0
511999,26-04-2025,referral,,,,0
512000,26-04-2025,paid_social,prospecting_video,,,0
512001,26-04-2025,paid_social,prospecting_video,,,0
512002,26-04-2025,referral,,,,0
512003,26-04-2025,referral,,,,0
512004,26-04-2025,organic,,,,0
512005,26-04-2025,paid_search,brand_search,,,0
512006,26-04-2025,paid_search,generic_search,,,0
512007,26-04-2025,organic,,,,0
512008,26-04-2025,referral,,,,0
512009,26-04-2025,paid_search,brand_search,,,0
512010,26-04-2025,paid_social,prospecting_video,,,0
512011,26-04-2025,paid_search,brand_search,,,0
512012,26-04-2025,organic,,,,0
512013,26-04-2025,paid_search,generic_search,,,0
512014,26-04-2025,organic,,,,0
512015,26-04-2025,referral,,,,0
512016,26-04-2025,organic,,,,0
512017,26-04-2025,paid_social,retargeting,,,0
512018,26-04-2025,referral,,,,0
512019,26-04-2025,paid_social,prospecting_video,,,0
512020,26-04-2025,paid_social,retargeting,,,0
512021,26-04-2025,organic,,,,0
512022,26-04-2025,organic,,,,0
512023,26-04-2025,organic,,,,0
512024,26-04-2025,affiliate,finance_blogs,,,0
512025,26-04-2025,affiliate,finance_blogs,30-04-2025,monthly,29.97
512026,26-04-2025,organic,,,,0
512027,26-04-2025,paid_search,brand_search,,,0
512028,26-04-2025,paid_social,prospecting_video,,,0
512029,26-04-2025,affiliate,finance_blogs,,,0
512030,26-04-2025,paid_social,prospecting_video,,,0
512031,26-04-2025,paid_social,prospecting_video,,,0
512032,26-04-2025,paid_search,generic_search,,,0
512033,26-04-2025,organic,,,,0
512034,26-04-2025,paid_search,generic_search,,,0
512035,26-04-2025,organic,,09-05-2025,monthly,29.97
512036,26-04-2025,paid_social,prospecting_video,,,0
512037,26-04-2025,organic,,,,0
512038,26-04-2025,referral,,,,0
512039,26-04-2025,organic,,,,0
512040,26-04-2025,paid_social,prospecting_video,,,0
512041,26-04-2025,organic,,,,0
512042,26-04-2025,affiliate,finance_blogs,,,0
512043,26-04-2025,organic,,,,0
512044,26-04-2025,organic,,,,0
512045,26-04-2025,organic,,,,0
512046,26-04-2025,display,display_network,,,0
512047,26-04-2025,paid_search,brand_search,,,0
512048,26-04-2025,referral,,,,0
512049,26-04-2025,organic,,,,0
512050,26-04-2025,affiliate,finance_blogs,,,0
512051,26-04-2025,organic,,,,0
512052,26-04-2025,organic,,,,0
512053,26-04-2025,referral,,,,0
512054,26-04-2025,paid_social,prospecting_video,,,0
512055,26-04-2025,paid_social,retargeting,,,0
512056,26-04-2025,paid_search,brand_search,,,0
512057,26-04-2025,paid_search,generic_search,,,0
512058,26-04-2025,paid_search,generic_search,30-04-2025,monthly,19.98
512059,26-04-2025,paid_social,prospecting_video,,,0
512060,26-04-2025,paid_social,retargeting,28-04-2025,monthly,29.97
512061,26-04-2025,affiliate,finance_blogs,,,0
512062,26-04-2025,organic,,,,0
512063,26-04-2025,referral,,26-04-2025,monthly,29.97
512064,26-04-2025,organic,,,,0
512065,26-04-2025,paid_social,prospecting_video,,,0
512066,26-04-2025,organic,,,,0
512067,26-04-2025,paid_social,prospecting_video,,,0
512068,26-04-2025,paid_search,brand_search,,,0
512069,26-04-2025,paid_search,brand_search,28-04-2025,monthly,29.97
512070,26-04-2025,referral,,26-04-2025,annual,79.99
512071,26-04-2025,paid_social,retargeting,,,0
512072,26-04-2025,paid_search,brand_search,,,0
512073,26-04-2025,paid_search,generic_search,,,0
512074,26-04-2025,paid_search,generic_search,,,0
512075,26-04-2025,paid_social,prospecting_video,,,0
512076,26-04-2025,paid_social,retargeting,,,0
512077,26-04-2025,paid_social,retargeting,,,0
512078,26-04-2025,paid_social,prospecting_video,,,0
512079,26-04-2025,paid_search,brand_search,,,0
512080,26-04-2025,paid_social,retargeting,,,0
512081,26-04-2025,paid_social,prospecting_video,05-05-2025,monthly,19.98
512082,26-04-2025,affiliate,finance_blogs,,,0
512083,26-04-2025,paid_social,prospecting_video,,,0
512084,26-04-2025,paid_search,brand_search,27-04-2025,monthly,19.98
512085,26-04-2025,organic,,,,0
512086,26-04-2025,affiliate,finance_blogs,28-04-2025,monthly,29.97
512087,26-04-2025,paid_social,retargeting,,,0
512088,26-04-2025,paid_social,prospecting_video,,,0
512089,26-04-2025,paid_search,generic_search,,,0
512090,26-04-2025,paid_social,retargeting,,,0
512091,26-04-2025,organic,,,,0
512092,26-04-2025,paid_social,prospecting_video,,,0
512093,26-04-2025,paid_search,brand_search,,,0
512094,26-04-2025,affiliate,finance_blogs,,,0
512095,27-04-2025,organic,,29-04-2025,monthly,29.97
512096,27-04-2025,paid_social,prospecting_video,,,0
512097,27-04-2025,paid_social,prospecting_video,,,0
512098,27-04-2025,display,display_network,,,0
512099,27-04-2025,organic,,,,0
512100,27-04-2025,paid_search,brand_search,,,0
512101,27-04-2025,paid_search,generic_search,,,0
512102,27-04-2025,referral,,,,0
512103,27-04-2025,organic,,30-04-2025,monthly,29.97
512104,27-04-2025,referral,,,,0
512105,27-04-2025,organic,,,,0
512106,27-04-2025,paid_social,prospecting_video,,,0
512107,27-04-2025,paid_search,generic_search,,,0
512108,27-04-2025,paid_search,brand_search,,,0
512109,27-04-2025,paid_social,retargeting,,,0
512110,27-04-2025,organic,,,,0
512111,27-04-2025,organic,,,,0
512112,27-04-2025,organic,,,,0
512113,27-04-2025,organic,,,,0
512114,27-04-2025,paid_social,prospecting_video,,,0
512115,27-04-2025,paid_social,prospecting_video,,,0
512116,27-04-2025,paid_search,generic_search,,,0
512117,27-04-2025,organic,,,,0
512118,27-04-2025,paid_social,retargeting,,,0
512119,27-04-2025,paid_search,brand_search,,,0
512120,27-04-2025,paid_social,retargeting,,,0
512121,27-04-2025,paid_search,generic_search,,,0
512122,27-04-2025,display,display_network,,,0
512123,27-04-2025,paid_social,retargeting,01-05-2025,monthly,9.99
512124,27-04-2025,affiliate,finance_blogs,27-04-2025,annual,79.99
512125,27-04-2025,organic,,,,0
512126,27-04-2025,organic,,,,0
512127,27-04-2025,affiliate,finance_blogs,,,0
512128,27-04-2025,paid_search,brand_search,,,0
512129,27-04-2025,affiliate,finance_blogs,,,0
512130,27-04-2025,paid_social,prospecting_video,,,0
512131,27-04-2025,paid_search,generic_search,,,0
512132,27-04-2025,paid_search,generic_search,,,0
512133,27-04-2025,paid_social,prospecting_video,,,0
512134,27-04-2025,display,display_network,03-05-2025,annual,79.99
512135,27-04-2025,affiliate,finance_blogs,28-04-2025,monthly,19.98
512136,27-04-2025,paid_social,retargeting,27-04-2025,monthly,29.97
512137,27-04-2025,referral,,,,0
512138,27-04-2025,paid_social,retargeting,,,0
512139,27-04-2025,paid_social,prospecting_video,,,0
512140,27-04-2025,paid_social,prospecting_video,,,0
512141,27-04-2025,organic,,,,0
512142,27-04-2025,paid_social,prospecting_video,,,0
512143,27-04-2025,paid_search,generic_search,,,0
512144,27-04-2025,paid_social,prospecting_video,,,0
512145,27-04-2025,paid_search,generic_search,06-05-2025,monthly,29.97
512146,27-04-2025,paid_social,retargeting,,,0
512147,27-04-2025,organic,,,,0
512148,27-04-2025,affiliate,finance_blogs,,,0
512149,27-04-2025,paid_social,retargeting,,,0
512150,27-04-2025,paid_social,prospecting_video,,,0
512151,27-04-2025,organic,,,,0
512152,27-04-2025,paid_social,prospecting_video,,,0
512153,27-04-2025,organic,,,,0
512154,27-04-2025,paid_social,prospecting_video,,,0
512155,27-04-2025,paid_social,prospecting_video,,,0
512156,27-04-2025,paid_social,prospecting_video,,,0
512157,27-04-2025,referral,,04-05-2025,monthly,9.99
512158,27-04-2025,paid_social,prospecting_video,05-05-2025,monthly,19.98
512159,27-04-2025,paid_search,brand_search,,,0
512160,27-04-2025,paid_social,prospecting_video,,,0
512161,27-04-2025,paid_social,prospecting_video,,,0
512162,27-04-2025,paid_social,retargeting,,,0
512163,27-04-2025,paid_social,prospecting_video,,,0
512164,27-04-2025,paid_search,generic_search,08-05-2025,monthly,29.97
512165,27-04-2025,organic,,,,0
512166,27-04-2025,organic,,,,0
512167,27-04-2025,paid_social,retargeting,,,0
512168,27-04-2025,organic,,,,0
512169,27-04-2025,paid_search,brand_search,,,0
512170,27-04-2025,organic,,,,0
512171,27-04-2025,organic,,,,0
512172,27-04-2025,organic,,,,0
512173,27-04-2025,paid_search,generic_search,30-04-2025,annual,79.99
512174,27-04-2025,paid_social,prospecting_video,,,0
512175,27-04-2025,paid_social,retargeting,,,0
512176,27-04-2025,organic,,,,0
512177,27-04-2025,organic,,,,0
512178,27-04-2025,paid_social,prospecting_video,,,0
512179,27-04-2025,paid_social,prospecting_video,,,0
512180,27-04-2025,organic,,,,0
512181,27-04-2025,affiliate,finance_blogs,28-04-2025,monthly,29.97
512182,28-04-2025,organic,,,,0
512183,28-04-2025,organic,,,,0
512184,28-04-2025,paid_social,prospecting_video,,,0
512185,28-04-2025,paid_social,prospecting_video,,,0
512186,28-04-2025,paid_search,generic_search,,,0
512187,28-04-2025,organic,,,,0
512188,28-04-2025,paid_social,retargeting,,,0
512189,28-04-2025,paid_search,generic_search,,,0
512190,28-04-2025,paid_search,generic_search,28-04-2025,monthly,29.97
512191,28-04-2025,paid_social,prospecting_video,,,0
512192,28-04-2025,paid_search,generic_search,28-04-2025,monthly,29.97
512193,28-04-2025,organic,,,,0
512194,28-04-2025,paid_social,prospecting_video,,,0
512195,28-04-2025,organic,,,,0
512196,28-04-2025,paid_search,generic_search,,,0
512197,28-04-2025,display,display_network,,,0
512198,28-04-2025,organic,,,,0
512199,28-04-2025,organic,,,,0
512200,28-04-2025,paid_search,brand_search,,,0
512201,28-04-2025,paid_social,prospecting_video,,,0
512202,28-04-2025,paid_social,prospecting_video,,,0
512203,28-04-2025,paid_social,prospecting_video,,,0
512204,28-04-2025,paid_search,brand_search,,,0
512205,28-04-2025,referral,,03-05-2025,monthly,19.98
512206,28-04-2025,paid_search,generic_search,,,0
512207,28-04-2025,paid_search,brand_search,28-04-2025,annual,79.99
512208,28-04-2025,referral,,,,0
512209,28-04-2025,paid_social,prospecting_video,,,0
512210,28-04-2025,paid_social,retargeting,,,0
512211,28-04-2025,paid_social,prospecting_video,,,0
512212,28-04-2025,paid_search,brand_search,07-05-2025,monthly,9.99
512213,28-04-2025,paid_social,prospecting_video,,,0
512214,28-04-2025,paid_social,prospecting_video,,,0
512215,28-04-2025,display,display_network,,,0
512216,28-04-2025,organic,,,,0
512217,28-04-2025,organic,,,,0
512218,28-04-2025,paid_social,prospecting_video,,,0
512219,28-04-2025,display,display_network,,,0
512220,28-04-2025,paid_social,prospecting_video,,,0
512221,28-04-2025,referral,,,,0
512222,28-04-2025,organic,,,,0
512223,28-04-2025,paid_social,retargeting,,,0
512224,28-04-2025,paid_search,generic_search,02-05-2025,monthly,29.97
512225,28-04-2025,paid_search,generic_search,,,0
512226,28-04-2025,paid_social,retargeting,,,0
512227,28-04-2025,display,display_network,,,0
512228,28-04-2025,paid_search,brand_search,29-04-2025,monthly,9.99
512229,28-04-2025,organic,,,,0
512230,28-04-2025,organic,,,,0
512231,28-04-2025,affiliate,finance_blogs,,,0
512232,28-04-2025,paid_social,retargeting,,,0
512233,28-04-2025,paid_search,generic_search,,,0
512234,28-04-2025,paid_social,prospecting_video,,,0
512235,28-04-2025,organic,,,,0
512236,28-04-2025,paid_social,retargeting,,,0
512237,28-04-2025,organic,,06-05-2025,monthly,29.97
512238,28-04-2025,organic,,,,0
512239,28-04-2025,organic,,,,0
512240,28-04-2025,organic,,,,0
512241,28-04-2025,paid_social,prospecting_video,,,0
512242,28-04-2025,paid_search,generic_search,,,0
512243,28-04-2025,display,display_network,,,0
512244,28-04-2025,organic,,,,0
512245,28-04-2025,referral,,,,0
512246,28-04-2025,affiliate,finance_blogs,,,0
512247,28-04-2025,paid_social,prospecting_video,01-05-2025,annual,79.99
512248,28-04-2025,paid_social,prospecting_video,,,0
512249,28-04-2025,referral,,,,0
512250,28-04-2025,paid_search,brand_search,,,0
512251,28-04-2025,paid_social,retargeting,,,0
512252,28-04-2025,paid_social,prospecting_video,,,0
512253,28-04-2025,paid_social,retargeting,,,0
512254,28-04-2025,paid_social,prospecting_video,,,0
512255,28-04-2025,paid_search,brand_search,,,0
512256,28-04-2025,paid_social,prospecting_video,,,0
512257,28-04-2025,paid_social,prospecting_video,,,0
512258,28-04-2025,paid_search,generic_search,,,0
512259,28-04-2025,affiliate,finance_blogs,,,0
512260,28-04-2025,paid_search,brand_search,,,0
512261,28-04-2025,paid_search,brand_search,02-05-2025,monthly,19.98
512262,28-04-2025,paid_search,brand_search,,,0
512263,28-04-2025,paid_social,prospecting_video,,,0
512264,28-04-2025,paid_search,brand_search,,,0
512265,28-04-2025,paid_social,prospecting_video,,,0
512266,28-04-2025,referral,,,,0
512267,28-04-2025,paid_social,retargeting,,,0
512268,28-04-2025,referral,,01-05-2025,monthly,29.97
512269,28-04-2025,paid_search,brand_search,,,0
512270,29-04-2025,paid_social,prospecting_video,,,0
512271,29-04-2025,affiliate,finance_blogs,30-04-2025,monthly,19.98
512272,29-04-2025,paid_social,retargeting,,,0
512273,29-04-2025,paid_social,prospecting_video,,,0
512274,29-04-2025,organic,,,,0
512275,29-04-2025,organic,,,,0
512276,29-04-2025,paid_search,brand_search,29-04-2025,annual,79.99
512277,29-04-2025,paid_social,prospecting_video,,,0
512278,29-04-2025,paid_social,retargeting,,,0
512279,29-04-2025,paid_search,brand_search,,,0
512280,29-04-2025,paid_search,generic_search,29-04-2025,monthly,29.97
512281,29-04-2025,paid_social,prospecting_video,,,0
512282,29-04-2025,paid_social,prospecting_video,29-04-2025,monthly,19.98
512283,29-04-2025,organic,,,,0
512284,29-04-2025,organic,,,,0
512285,29-04-2025,display,display_network,,,0
512286,29-04-2025,paid_search,brand_search,,,0
512287,29-04-2025,paid_social,prospecting_video,,,0
512288,29-04-2025,paid_social,prospecting_video,,,0
512289,29-04-2025,affiliate,finance_blogs,02-05-2025,monthly,29.97
512290,29-04-2025,organic,,,,0
512291,29-04-2025,paid_search,generic_search,,,0
512292,29-04-2025,paid_social,prospecting_video,,,0
512293,29-04-2025,paid_social,prospecting_video,,,0
512294,29-04-2025,paid_social,retargeting,,,0
512295,29-04-2025,paid_search,generic_search,,,0
512296,29-04-2025,paid_social,prospecting_video,,,0
512297,29-04-2025,paid_social,prospecting_video,,,0
512298,29-04-2025,paid_social,prospecting_video,,,0
512299,29-04-2025,organic,,,,0
512300,29-04-2025,paid_search,generic_search,29-04-2025,annual,79.99
512301,29-04-2025,paid_social,retargeting,,,0
512302,29-04-2025,paid_search,generic_search,04-05-2025,monthly,29.97
512303,29-04-2025,paid_search,brand_search,,,0
512304,29-04-2025,affiliate,finance_blogs,,,0
512305,29-04-2025,organic,,,,0
512306,29-04-2025,paid_social,retargeting,,,0
512307,29-04-2025,organic,,,,0
512308,29-04-2025,paid_social,retargeting,29-04-2025,annual,79.99
512309,29-04-2025,paid_search,generic_search,,,0
512310,29-04-2025,paid_search,generic_search,,,0
512311,29-04-2025,paid_social,retargeting,,,0
512312,29-04-2025,paid_social,retargeting,,,0
512313,29-04-2025,paid_social,prospecting_video,,,0
512314,29-04-2025,organic,,,,0
512315,29-04-2025,organic,,29-04-2025,monthly,29.97
512316,29-04-2025,organic,,,,0
512317,29-04-2025,paid_social,prospecting_video,,,0
512318,29-04-2025,paid_social,prospecting_video,,,0
512319,29-04-2025,organic,,,,0
512320,29-04-2025,referral,,,,0
512321,29-04-2025,affiliate,finance_blogs,02-05-2025,monthly,29.97
512322,29-04-2025,organic,,,,0
512323,29-04-2025,paid_social,prospecting_video,,,0
512324,29-04-2025,paid_social,retargeting,,,0
512325,29-04-2025,paid_search,generic_search,,,0
512326,29-04-2025,organic,,,,0
512327,29-04-2025,paid_social,prospecting_video,,,0
512328,29-04-2025,paid_social,retargeting,,,0
512329,29-04-2025,paid_social,prospecting_video,,,0
512330,29-04-2025,affiliate,finance_blogs,,,0
512331,29-04-2025,paid_social,retargeting,,,0
512332,29-04-2025,paid_social,prospecting_video,,,0
512333,29-04-2025,affiliate,finance_blogs,,,0
512334,29-04-2025,affiliate,finance_blogs,,,0
512335,29-04-2025,paid_search,generic_search,,,0
512336,29-04-2025,paid_social,prospecting_video,,,0
512337,29-04-2025,organic,,,,0
512338,29-04-2025,display,display_network,,,0
512339,29-04-2025,paid_social,retargeting,,,0
512340,29-04-2025,paid_social,retargeting,,,0
512341,29-04-2025,paid_social,prospecting_video,,,0
512342,29-04-2025,display,display_network,,,0
512343,29-04-2025,paid_social,prospecting_video,,,0
512344,29-04-2025,organic,,,,0
512345,29-04-2025,paid_social,prospecting_video,,,0
512346,29-04-2025,paid_social,prospecting_video,,,0
512347,29-04-2025,paid_search,brand_search,,,0
512348,29-04-2025,paid_search,generic_search,,,0
512349,29-04-2025,organic,,,,0
512350,29-04-2025,paid_social,prospecting_video,,,0
512351,29-04-2025,paid_social,retargeting,,,0
512352,29-04-2025,organic,,01-05-2025,monthly,29.97
512353,29-04-2025,paid_social,retargeting,,,0
512354,29-04-2025,paid_social,retargeting,,,0
512355,29-04-2025,organic,,,,0
512356,29-04-2025,paid_social,prospecting_video,,,0
512357,29-04-2025,paid_social,retargeting,,,0
512358,29-04-2025,referral,,,,0
512359,29-04-2025,paid_social,prospecting_video,,,0
512360,29-04-2025,paid_search,generic_search,01-05-2025,annual,79.99
512361,29-04-2025,referral,,,,0
512362,29-04-2025,paid_search,brand_search,05-05-2025,monthly,29.97
512363,29-04-2025,organic,,,,0
512364,29-04-2025,paid_social,prospecting_video,,,0
512365,29-04-2025,affiliate,finance_blogs,,,0
512366,29-04-2025,paid_search,generic_search,01-05-2025,annual,79.99
512367,29-04-2025,paid_social,prospecting_video,,,0
512368,30-04-2025,paid_social,prospecting_video,,,0
512369,30-04-2025,affiliate,finance_blogs,,,0
512370,30-04-2025,paid_social,prospecting_video,,,0
512371,30-04-2025,paid_social,retargeting,,,0
512372,30-04-2025,paid_social,retargeting,,,0
512373,30-04-2025,paid_social,prospecting_video,,,0
512374,30-04-2025,organic,,01-05-2025,annual,79.99
512375,30-04-2025,paid_social,retargeting,,,0
512376,30-04-2025,paid_search,brand_search,01-05-2025,monthly,29.97
512377,30-04-2025,referral,,,,0
512378,30-04-2025,paid_social,prospecting_video,,,0
512379,30-04-2025,paid_search,brand_search,,,0
512380,30-04-2025,paid_search,brand_search,03-05-2025,monthly,29.97
512381,30-04-2025,paid_search,generic_search,,,0
512382,30-04-2025,paid_social,retargeting,,,0
512383,30-04-2025,paid_search,brand_search,,,0
512384,30-04-2025,paid_search,generic_search,,,0
512385,30-04-2025,organic,,,,0
512386,30-04-2025,organic,,,,0
512387,30-04-2025,paid_search,generic_search,,,0
512388,30-04-2025,paid_social,prospecting_video,,,0
512389,30-04-2025,paid_search,generic_search,,,0
512390,30-04-2025,paid_social,retargeting,11-05-2025,monthly,29.97
512391,30-04-2025,paid_social,prospecting_video,,,0
512392,30-04-2025,paid_search,brand_search,,,0
512393,30-04-2025,referral,,,,0
512394,30-04-2025,paid_social,prospecting_video,,,0
512395,30-04-2025,paid_social,prospecting_video,,,0
512396,30-04-2025,paid_search,generic_search,,,0
512397,30-04-2025,paid_search,brand_search,,,0
512398,30-04-2025,paid_social,retargeting,,,0
512399,30-04-2025,paid_social,retargeting,,,0
512400,30-04-2025,paid_search,generic_search,,,0
512401,30-04-2025,paid_search,brand_search,,,0
512402,30-04-2025,paid_search,generic_search,,,0
512403,30-04-2025,paid_search,brand_search,,,0
512404,30-04-2025,paid_social,prospecting_video,,,0
512405,30-04-2025,paid_social,prospecting_video,,,0
512406,30-04-2025,paid_search,brand_search,30-04-2025,monthly,9.99
512407,30-04-2025,paid_search,brand_search,,,0
512408,30-04-2025,paid_social,prospecting_video,,,0
512409,30-04-2025,paid_social,prospecting_video,,,0
512410,30-04-2025,paid_social,prospecting_video,,,0
512411,30-04-2025,organic,,,,0
512412,30-04-2025,referral,,,,0
512413,30-04-2025,paid_social,retargeting,,,0
512414,30-04-2025,paid_social,retargeting,,,0
512415,30-04-2025,paid_social,retargeting,,,0
512416,30-04-2025,paid_social,retargeting,,,0
512417,30-04-2025,paid_social,prospecting_video,07-05-2025,annual,79.99
512418,30-04-2025,paid_social,prospecting_video,30-04-2025,monthly,29.97
512419,30-04-2025,paid_search,generic_search,01-05-2025,monthly,29.97
512420,30-04-2025,paid_social,prospecting_video,,,0
512421,30-04-2025,paid_search,brand_search,,,0
512422,30-04-2025,paid_social,retargeting,30-04-2025,monthly,29.97
512423,30-04-2025,paid_social,prospecting_video,,,0
512424,30-04-2025,organic,,,,0
512425,30-04-2025,paid_social,retargeting,,,0
512426,30-04-2025,organic,,,,0
512427,30-04-2025,paid_social,retargeting,,,0
512428,30-04-2025,organic,,,,0
512429,30-04-2025,organic,,,,0
512430,30-04-2025,paid_search,brand_search,03-05-2025,monthly,19.98
512431,30-04-2025,paid_search,generic_search,06-05-2025,annual,79.99
512432,30-04-2025,organic,,,,0
512433,30-04-2025,organic,,,,0
512434,30-04-2025,paid_search,brand_search,,,0
512435,30-04-2025,paid_social,prospecting_video,,,0
512436,30-04-2025,paid_search,brand_search,,,0
512437,30-04-2025,paid_search,brand_search,,,0
512438,30-04-2025,organic,,,,0
512439,30-04-2025,organic,,,,0
512440,30-04-2025,paid_social,prospecting_video,,,0
512441,30-04-2025,paid_search,brand_search,07-05-2025,monthly,19.98
512442,30-04-2025,organic,,,,0
512443,30-04-2025,paid_search,generic_search,30-04-2025,monthly,19.98
512444,30-04-2025,paid_search,generic_search,02-05-2025,monthly,29.97
512445,30-04-2025,paid_social,prospecting_video,,,0
512446,30-04-2025,paid_social,prospecting_video,,,0
512447,30-04-2025,organic,,,,0
512448,30-04-2025,paid_social,retargeting,,,0
512449,30-04-2025,paid_search,brand_search,,,0
512450,30-04-2025,paid_social,prospecting_video,,,0
512451,30-04-2025,paid_social,retargeting,,,0
512452,30-04-2025,organic,,,,0
512453,30-04-2025,paid_search,generic_search,,,0
512454,30-04-2025,paid_search,generic_search,11-05-2025,annual,79.99
512455,30-04-2025,paid_search,brand_search,02-05-2025,monthly,29.97
512456,30-04-2025,referral,,,,0
512457,30-04-2025,organic,,,,0
512458,30-04-2025,paid_social,retargeting,,,0
512459,30-04-2025,organic,,,,0
512460,30-04-2025,organic,,02-05-2025,monthly,29.97
512461,30-04-2025,paid_social,retargeting,,,0
512462,30-04-2025,paid_search,brand_search,,,0
512463,30-04-2025,paid_social,prospecting_video,,,0
512464,30-04-2025,paid_social,retargeting,,,0
512465,30-04-2025,paid_social,retargeting,,,0
512466,30-04-2025,paid_search,brand_search,,,0
512467,30-04-2025,paid_social,retargeting,,,0
512468,30-04-2025,paid_search,brand_search,,,0
512469,01-05-2025,paid_search,brand_search,,,0
512470,01-05-2025,paid_search,generic_search,,,0
512471,01-05-2025,paid_social,prospecting_video,,,0
512472,01-05-2025,paid_social,prospecting_video,,,0
512473,01-05-2025,paid_social,prospecting_video,,,0
512474,01-05-2025,paid_social,retargeting,,,0
512475,01-05-2025,paid_social,retargeting,01-05-2025,monthly,9.99
512476,01-05-2025,paid_search,brand_search,03-05-2025,annual,79.99
512477,01-05-2025,paid_social,prospecting_video,,,0
512478,01-05-2025,paid_social,prospecting_video,,,0
512479,01-05-2025,paid_search,brand_search,,,0
512480,01-05-2025,paid_search,brand_search,,,0
512481,01-05-2025,paid_social,retargeting,,,0
512482,01-05-2025,paid_social,retargeting,02-05-2025,annual,79.99
512483,01-05-2025,paid_social,prospecting_video,,,0
512484,01-05-2025,paid_social,prospecting_video,,,0
512485,01-05-2025,organic,,,,0
512486,01-05-2025,paid_social,prospecting_video,,,0
512487,01-05-2025,paid_social,prospecting_video,,,0
512488,01-05-2025,organic,,03-05-2025,monthly,29.97
512489,01-05-2025,organic,,,,0
512490,01-05-2025,paid_social,prospecting_video,,,0
512491,01-05-2025,organic,,,,0
512492,01-05-2025,paid_search,generic_search,,,0
512493,01-05-2025,paid_social,prospecting_video,,,0
512494,01-05-2025,paid_search,brand_search,,,0
512495,01-05-2025,paid_social,prospecting_video,,,0
512496,01-05-2025,paid_social,prospecting_video,,,0
512497,01-05-2025,paid_social,prospecting_video,,,0
512498,01-05-2025,paid_social,retargeting,07-05-2025,monthly,29.97
512499,01-05-2025,paid_social,prospecting_video,,,0
512500,01-05-2025,paid_search,brand_search,01-05-2025,annual,79.99
512501,01-05-2025,paid_social,prospecting_video,,,0
512502,01-05-2025,organic,,,,0
512503,01-05-2025,paid_social,retargeting,,,0
512504,01-05-2025,affiliate,finance_blogs,,,0
512505,01-05-2025,paid_social,retargeting,,,0
512506,01-05-2025,affiliate,finance_blogs,,,0
512507,01-05-2025,paid_social,prospecting_video,,,0
512508,01-05-2025,paid_social,prospecting_video,,,0
512509,01-05-2025,paid_social,prospecting_video,,,0
512510,01-05-2025,paid_social,prospecting_video,,,0
512511,01-05-2025,paid_social,prospecting_video,,,0
512512,01-05-2025,organic,,,,0
512513,01-05-2025,affiliate,finance_blogs,,,0
512514,01-05-2025,organic,,,,0
512515,01-05-2025,paid_social,prospecting_video,,,0
512516,01-05-2025,paid_social,prospecting_video,,,0
512517,01-05-2025,affiliate,finance_blogs,03-05-2025,annual,79.99
512518,01-05-2025,organic,,,,0
512519,01-05-2025,paid_social,prospecting_video,,,0
512520,01-05-2025,paid_social,prospecting_video,,,0
512521,01-05-2025,paid_social,retargeting,,,0
512522,01-05-2025,paid_search,generic_search,01-05-2025,monthly,29.97
512523,01-05-2025,paid_search,brand_search,05-05-2025,monthly,29.97
512524,01-05-2025,paid_social,prospecting_video,,,0
512525,01-05-2025,paid_social,prospecting_video,,,0
512526,01-05-2025,organic,,,,0
512527,01-05-2025,paid_search,brand_search,,,0
512528,01-05-2025,affiliate,finance_blogs,,,0
512529,01-05-2025,paid_social,prospecting_video,,,0
512530,01-05-2025,paid_search,brand_search,,,0
512531,01-05-2025,paid_social,prospecting_video,,,0
512532,01-05-2025,affiliate,finance_blogs,05-05-2025,monthly,29.97
512533,01-05-2025,paid_social,retargeting,,,0
512534,01-05-2025,organic,,,,0
512535,01-05-2025,paid_social,prospecting_video,,,0
512536,01-05-2025,paid_search,brand_search,,,0
512537,01-05-2025,paid_search,brand_search,,,0
512538,01-05-2025,organic,,,,0
512539,01-05-2025,organic,,,,0
512540,01-05-2025,paid_search,generic_search,04-05-2025,monthly,9.99
512541,01-05-2025,paid_search,brand_search,01-05-2025,annual,79.99
512542,01-05-2025,paid_social,retargeting,,,0
512543,01-05-2025,paid_social,prospecting_video,,,0
512544,01-05-2025,organic,,,,0
512545,01-05-2025,paid_search,brand_search,,,0
512546,01-05-2025,organic,,,,0
512547,01-05-2025,paid_social,prospecting_video,,,0
512548,01-05-2025,organic,,,,0
512549,01-05-2025,paid_social,prospecting_video,,,0
512550,01-05-2025,organic,,,,0
512551,01-05-2025,paid_search,generic_search,,,0
512552,01-05-2025,paid_social,prospecting_video,,,0
512553,01-05-2025,referral,,,,0
512554,01-05-2025,paid_social,prospecting_video,,,0
512555,01-05-2025,paid_social,prospecting_video,,,0
512556,01-05-2025,paid_social,prospecting_video,,,0
512557,01-05-2025,referral,,05-05-2025,monthly,29.97
512558,01-05-2025,paid_search,brand_search,,,0
512559,01-05-2025,paid_social,prospecting_video,,,0
512560,01-05-2025,paid_social,prospecting_video,,,0
512561,01-05-2025,paid_search,brand_search,06-05-2025,monthly,29.97
512562,01-05-2025,paid_social,prospecting_video,,,0
512563,01-05-2025,paid_search,generic_search,04-05-2025,annual,79.99
512564,01-05-2025,paid_social,retargeting,,,0
512565,01-05-2025,paid_social,prospecting_video,,,0
512566,01-05-2025,paid_social,prospecting_video,,,0
512567,01-05-2025,affiliate,finance_blogs,,,0
512568,01-05-2025,paid_social,prospecting_video,,,0
512569,01-05-2025,paid_search,brand_search,,,0
512570,01-05-2025,paid_social,prospecting_video,,,0
512571,01-05-2025,referral,,14-05-2025,monthly,19.98
512572,01-05-2025,organic,,,,0
512573,01-05-2025,organic,,,,0
512574,01-05-2025,organic,,,,0
512575,01-05-2025,paid_social,prospecting_video,,,0
512576,02-05-2025,organic,,04-05-2025,monthly,29.97
512577,02-05-2025,paid_search,generic_search,,,0
512578,02-05-2025,paid_search,brand_search,,,0
512579,02-05-2025,paid_social,prospecting_video,,,0
512580,02-05-2025,paid_search,brand_search,03-05-2025,monthly,29.97
512581,02-05-2025,paid_social,prospecting_video,,,0
512582,02-05-2025,paid_social,retargeting,,,0
512583,02-05-2025,paid_social,retargeting,02-05-2025,annual,79.99
512584,02-05-2025,paid_social,prospecting_video,,,0
512585,02-05-2025,paid_social,prospecting_video,,,0
512586,02-05-2025,affiliate,finance_blogs,05-05-2025,monthly,19.98
512587,02-05-2025,paid_search,brand_search,,,0
512588,02-05-2025,paid_search,generic_search,15-05-2025,annual,79.99
512589,02-05-2025,paid_search,generic_search,,,0
512590,02-05-2025,paid_social,prospecting_video,,,0
512591,02-05-2025,paid_search,brand_search,15-05-2025,annual,79.99
512592,02-05-2025,paid_search,brand_search,02-05-2025,monthly,9.99
512593,02-05-2025,referral,,,,0
512594,02-05-2025,paid_social,prospecting_video,,,0
512595,02-05-2025,referral,,,,0
512596,02-05-2025,paid_social,prospecting_video,,,0
512597,02-05-2025,paid_social,retargeting,,,0
512598,02-05-2025,affiliate,finance_blogs,,,0
512599,02-05-2025,paid_social,prospecting_video,,,0
512600,02-05-2025,organic,,,,0
512601,02-05-2025,paid_social,prospecting_video,,,0
512602,02-05-2025,paid_social,prospecting_video,,,0
512603,02-05-2025,paid_social,prospecting_video,,,0
512604,02-05-2025,paid_social,prospecting_video,,,0
512605,02-05-2025,organic,,,,0
512606,02-05-2025,paid_search,brand_search,02-05-2025,monthly,29.97
512607,02-05-2025,affiliate,finance_blogs,,,0
512608,02-05-2025,paid_social,prospecting_video,,,0
512609,02-05-2025,paid_search,brand_search,,,0
512610,02-05-2025,paid_social,retargeting,,,0
512611,02-05-2025,organic,,,,0
512612,02-05-2025,paid_search,generic_search,,,0
512613,02-05-2025,paid_search,brand_search,,,0
512614,02-05-2025,paid_search,brand_search,,,0
512615,02-05-2025,paid_social,prospecting_video,,,0
512616,02-05-2025,paid_social,retargeting,,,0
512617,02-05-2025,organic,,,,0
512618,02-05-2025,paid_social,retargeting,,,0
512619,02-05-2025,paid_social,retargeting,,,0
512620,02-05-2025,paid_social,prospecting_video,,,0
512621,02-05-2025,paid_search,brand_search,,,0
512622,02-05-2025,organic,,,,0
512623,02-05-2025,paid_social,retargeting,,,0
512624,02-05-2025,organic,,,,0
512625,02-05-2025,display,display_network,,,0
512626,02-05-2025,paid_social,prospecting_video,,,0
512627,02-05-2025,organic,,,,0
512628,02-05-2025,paid_social,prospecting_video,,,0
512629,02-05-2025,paid_search,generic_search,05-05-2025,monthly,29.97
512630,02-05-2025,paid_search,generic_search,13-05-2025,monthly,29.97
512631,02-05-2025,paid_social,prospecting_video,,,0
512632,02-05-2025,paid_search,brand_search,,,0
512633,02-05-2025,paid_social,prospecting_video,,,0
512634,02-05-2025,paid_search,generic_search,,,0
512635,02-05-2025,paid_social,retargeting,,,0
512636,02-05-2025,paid_social,prospecting_video,,,0
512637,02-05-2025,paid_social,retargeting,,,0
512638,02-05-2025,paid_social,prospecting_video,,,0
512639,02-05-2025,referral,,,,0
512640,02-05-2025,paid_social,prospecting_video,,,0
512641,02-05-2025,paid_search,generic_search,,,0
512642,02-05-2025,paid_search,generic_search,,,0
512643,02-05-2025,organic,,,,0
512644,02-05-2025,paid_search,brand_search,,,0
512645,02-05-2025,paid_search,brand_search,03-05-2025,annual,79.99
512646,02-05-2025,organic,,03-05-2025,monthly,29.97
512647,02-05-2025,paid_social,prospecting_video,,,0
512648,02-05-2025,organic,,,,0
512649,02-05-2025,paid_social,retargeting,,,0
512650,02-05-2025,paid_social,prospecting_video,02-05-2025,annual,79.99
512651,02-05-2025,organic,,,,0
512652,02-05-2025,paid_search,generic_search,,,0
512653,02-05-2025,paid_search,brand_search,,,0
512654,02-05-2025,paid_social,retargeting,,,0
512655,02-05-2025,paid_search,generic_search,,,0
512656,02-05-2025,paid_social,prospecting_video,,,0
512657,02-05-2025,paid_social,prospecting_video,,,0
512658,02-05-2025,paid_social,retargeting,,,0
512659,02-05-2025,referral,,,,0
512660,02-05-2025,paid_search,brand_search,,,0
512661,02-05-2025,paid_search,brand_search,,,0
512662,02-05-2025,paid_search,generic_search,04-05-2025,monthly,29.97
512663,02-05-2025,paid_social,prospecting_video,,,0
512664,02-05-2025,paid_social,prospecting_video,,,0
512665,03-05-2025,paid_social,prospecting_video,,,0
512666,03-05-2025,paid_social,retargeting,,,0
512667,03-05-2025,organic,,,,0
512668,03-05-2025,organic,,,,0
512669,03-05-2025,paid_social,prospecting_video,,,0
512670,03-05-2025,referral,,,,0
512671,03-05-2025,paid_social,prospecting_video,,,0
512672,03-05-2025,organic,,,,0
512673,03-05-2025,paid_social,prospecting_video,,,0
512674,03-05-2025,paid_social,prospecting_video,,,0
512675,03-05-2025,paid_social,prospecting_video,,,0
512676,03-05-2025,affiliate,finance_blogs,,,0
512677,03-05-2025,paid_search,generic_search,,,0
512678,03-05-2025,paid_social,prospecting_video,,,0
512679,03-05-2025,paid_social,retargeting,,,0
512680,03-05-2025,display,display_network,,,0
512681,03-05-2025,organic,,,,0
512682,03-05-2025,paid_social,prospecting_video,,,0
512683,03-05-2025,paid_social,prospecting_video,,,0
512684,03-05-2025,paid_social,prospecting_video,,,0
512685,03-05-2025,paid_social,retargeting,07-05-2025,monthly,29.97
512686,03-05-2025,paid_social,retargeting,06-05-2025,monthly,19.98
512687,03-05-2025,paid_social,prospecting_video,09-05-2025,annual,79.99
512688,03-05-2025,organic,,05-05-2025,monthly,19.98
512689,03-05-2025,referral,,,,0
512690,03-05-2025,paid_social,prospecting_video,,,0
512691,03-05-2025,paid_search,generic_search,,,0
512692,03-05-2025,paid_search,generic_search,,,0
512693,03-05-2025,organic,,,,0
512694,03-05-2025,paid_search,brand_search,16-05-2025,monthly,29.97
512695,03-05-2025,organic,,10-05-2025,monthly,19.98
512696,03-05-2025,paid_social,prospecting_video,,,0
512697,03-05-2025,paid_search,generic_search,,,0
512698,03-05-2025,paid_social,retargeting,,,0
512699,03-05-2025,paid_social,retargeting,,,0
512700,03-05-2025,paid_search,brand_search,03-05-2025,annual,79.99
512701,03-05-2025,paid_search,brand_search,,,0
512702,03-05-2025,organic,,,,0
512703,03-05-2025,organic,,,,0
512704,03-05-2025,paid_social,prospecting_video,,,0
512705,03-05-2025,organic,,,,0
512706,03-05-2025,paid_search,brand_search,,,0
512707,03-05-2025,paid_search,brand_search,,,0
512708,03-05-2025,referral,,,,0
512709,03-05-2025,paid_social,prospecting_video,,,0
512710,03-05-2025,paid_social,prospecting_video,,,0
512711,03-05-2025,paid_social,prospecting_video,,,0
512712,03-05-2025,organic,,,,0
512713,03-05-2025,paid_social,retargeting,,,0
512714,03-05-2025,organic,,,,0
512715,03-05-2025,paid_search,brand_search,16-05-2025,monthly,29.97
512716,03-05-2025,paid_search,brand_search,,,0
512717,03-05-2025,organic,,,,0
512718,03-05-2025,paid_search,brand_search,,,0
512719,03-05-2025,paid_social,prospecting_video,,,0
512720,03-05-2025,organic,,,,0
512721,03-05-2025,organic,,,,0
512722,03-05-2025,paid_social,prospecting_video,,,0
512723,03-05-2025,organic,,,,0
512724,03-05-2025,paid_social,prospecting_video,,,0
512725,03-05-2025,paid_social,retargeting,,,0
512726,03-05-2025,paid_search,brand_search,04-05-2025,monthly,29.97
512727,03-05-2025,organic,,,,0
512728,03-05-2025,paid_social,retargeting,,,0
512729,03-05-2025,paid_social,prospecting_video,,,0
512730,03-05-2025,organic,,,,0
512731,03-05-2025,organic,,,,0
512732,03-05-2025,affiliate,finance_blogs,,,0
512733,03-05-2025,organic,,,,0
512734,03-05-2025,paid_social,retargeting,,,0
512735,03-05-2025,paid_social,prospecting_video,,,0
512736,03-05-2025,organic,,,,0
512737,03-05-2025,organic,,,,0
512738,03-05-2025,referral,,,,0
512739,03-05-2025,paid_social,prospecting_video,,,0
512740,03-05-2025,organic,,,,0
512741,03-05-2025,referral,,,,0
512742,03-05-2025,paid_social,prospecting_video,,,0
512743,03-05-2025,paid_social,prospecting_video,,,0
512744,03-05-2025,paid_search,brand_search,04-05-2025,monthly,19.98
512745,03-05-2025,paid_search,brand_search,,,0
512746,03-05-2025,organic,,06-05-2025,annual,79.99
512747,03-05-2025,paid_social,prospecting_video,,,0
512748,03-05-2025,organic,,,,0
512749,03-05-2025,paid_social,prospecting_video,,,0
512750,03-05-2025,paid_social,prospecting_video,,,0
512751,03-05-2025,paid_social,prospecting_video,,,0
512752,04-05-2025,paid_search,brand_search,,,0
512753,04-05-2025,paid_search,brand_search,,,0
512754,04-05-2025,paid_search,brand_search,,,0
512755,04-05-2025,paid_social,prospecting_video,,,0
512756,04-05-2025,display,display_network,,,0
512757,04-05-2025,organic,,,,0
512758,04-05-2025,paid_search,brand_search,04-05-2025,monthly,19.98
512759,04-05-2025,paid_search,brand_search,,,0
512760,04-05-2025,paid_social,retargeting,,,0
512761,04-05-2025,paid_social,retargeting,,,0
512762,04-05-2025,paid_social,prospecting_video,,,0
512763,04-05-2025,paid_search,brand_search,05-05-2025,monthly,19.98
512764,04-05-2025,paid_search,brand_search,,,0
512765,04-05-2025,organic,,,,0
512766,04-05-2025,paid_social,retargeting,,,0
512767,04-05-2025,organic,,,,0
512768,04-05-2025,paid_search,brand_search,,,0
512769,04-05-2025,organic,,,,0
512770,04-05-2025,paid_social,prospecting_video,,,0
512771,04-05-2025,paid_social,prospecting_video,,,0
512772,04-05-2025,referral,,,,0
512773,04-05-2025,organic,,,,0
512774,04-05-2025,paid_social,prospecting_video,,,0
512775,04-05-2025,paid_social,prospecting_video,,,0
512776,04-05-2025,affiliate,finance_blogs,,,0
512777,04-05-2025,paid_search,brand_search,,,0
512778,04-05-2025,paid_social,prospecting_video,,,0
512779,04-05-2025,paid_social,prospecting_video,,,0
512780,04-05-2025,paid_social,prospecting_video,,,0
512781,04-05-2025,organic,,,,0
512782,04-05-2025,paid_social,prospecting_video,,,0
512783,04-05-2025,paid_social,retargeting,,,0
512784,04-05-2025,organic,,,,0
512785,04-05-2025,paid_search,brand_search,,,0
512786,04-05-2025,affiliate,finance_blogs,06-05-2025,annual,79.99
512787,04-05-2025,paid_social,retargeting,,,0
512788,04-05-2025,paid_social,prospecting_video,,,0
512789,04-05-2025,paid_social,retargeting,,,0
512790,04-05-2025,paid_social,retargeting,,,0
512791,04-05-2025,paid_social,retargeting,,,0
512792,04-05-2025,paid_social,prospecting_video,,,0
512793,04-05-2025,paid_social,prospecting_video,,,0
512794,04-05-2025,organic,,,,0
512795,04-05-2025,paid_social,prospecting_video,,,0
512796,04-05-2025,paid_social,retargeting,,,0
512797,04-05-2025,organic,,,,0
512798,04-05-2025,paid_search,brand_search,,,0
512799,04-05-2025,paid_social,prospecting_video,,,0
512800,04-05-2025,paid_social,prospecting_video,,,0
512801,04-05-2025,paid_social,prospecting_video,,,0
512802,04-05-2025,paid_search,generic_search,,,0
512803,04-05-2025,organic,,,,0
512804,04-05-2025,organic,,06-05-2025,annual,79.99
512805,04-05-2025,paid_social,prospecting_video,15-05-2025,annual,79.99
512806,04-05-2025,organic,,,,0
512807,04-05-2025,paid_social,prospecting_video,,,0
512808,04-05-2025,paid_social,prospecting_video,,,0
512809,04-05-2025,paid_social,prospecting_video,,,0
512810,04-05-2025,organic,,,,0
512811,04-05-2025,paid_social,prospecting_video,,,0
512812,04-05-2025,organic,,,,0
512813,04-05-2025,paid_social,retargeting,,,0
512814,04-05-2025,paid_social,prospecting_video,,,0
512815,04-05-2025,organic,,,,0
512816,04-05-2025,paid_search,brand_search,,,0
512817,04-05-2025,paid_social,prospecting_video,,,0
512818,04-05-2025,organic,,,,0
512819,04-05-2025,paid_social,prospecting_video,,,0
512820,04-05-2025,paid_social,prospecting_video,,,0
512821,04-05-2025,referral,,,,0
512822,04-05-2025,paid_search,brand_search,,,0
512823,04-05-2025,paid_search,generic_search,,,0
512824,04-05-2025,organic,,,,0
512825,04-05-2025,referral,,05-05-2025,annual,79.99
512826,04-05-2025,paid_social,prospecting_video,,,0
512827,04-05-2025,organic,,10-05-2025,monthly,29.97
512828,04-05-2025,organic,,,,0
512829,04-05-2025,referral,,,,0
512830,04-05-2025,paid_social,prospecting_video,,,0
512831,04-05-2025,organic,,05-05-2025,monthly,9.99
512832,04-05-2025,paid_search,brand_search,06-05-2025,monthly,29.97
512833,04-05-2025,paid_social,prospecting_video,,,0
512834,04-05-2025,organic,,,,0
512835,04-05-2025,paid_social,prospecting_video,,,0
512836,04-05-2025,organic,,,,0
512837,04-05-2025,paid_social,prospecting_video,,,0
512838,04-05-2025,paid_social,prospecting_video,,,0
512839,04-05-2025,affiliate,finance_blogs,,,0
512840,04-05-2025,organic,,,,0
512841,04-05-2025,paid_search,brand_search,,,0
512842,04-05-2025,paid_social,prospecting_video,,,0
512843,04-05-2025,organic,,,,0
512844,04-05-2025,display,display_network,,,0
512845,04-05-2025,paid_social,retargeting,,,0
512846,04-05-2025,paid_social,prospecting_video,,,0
512847,04-05-2025,display,display_network,,,0
512848,04-05-2025,paid_search,brand_search,,,0
512849,04-05-2025,paid_social,retargeting,,,0
512850,04-05-2025,paid_social,prospecting_video,,,0
512851,04-05-2025,affiliate,finance_blogs,,,0
512852,04-05-2025,organic,,,,0
512853,04-05-2025,paid_social,prospecting_video,,,0
512854,04-05-2025,paid_social,prospecting_video,,,0
512855,04-05-2025,affiliate,finance_blogs,06-05-2025,annual,79.99
512856,04-05-2025,paid_social,prospecting_video,,,0
512857,04-05-2025,organic,,,,0
512858,04-05-2025,organic,,,,0
512859,04-05-2025,paid_search,generic_search,,,0
512860,04-05-2025,organic,,,,0
512861,05-05-2025,organic,,,,0
512862,05-05-2025,paid_search,generic_search,,,0
512863,05-05-2025,paid_social,prospecting_video,,,0
512864,05-05-2025,paid_search,generic_search,,,0
512865,05-05-2025,paid_social,prospecting_video,,,0
512866,05-05-2025,organic,,,,0
512867,05-05-2025,paid_social,prospecting_video,,,0
512868,05-05-2025,paid_social,prospecting_video,,,0
512869,05-05-2025,display,display_network,,,0
512870,05-05-2025,paid_search,generic_search,,,0
512871,05-05-2025,paid_social,prospecting_video,,,0
512872,05-05-2025,paid_search,brand_search,,,0
512873,05-05-2025,affiliate,finance_blogs,08-05-2025,monthly,19.98
512874,05-05-2025,paid_social,retargeting,07-05-2025,monthly,19.98
512875,05-05-2025,paid_search,generic_search,17-05-2025,monthly,29.97
512876,05-05-2025,paid_social,prospecting_video,,,0
512877,05-05-2025,paid_social,prospecting_video,,,0
512878,05-05-2025,paid_search,brand_search,,,0
512879,05-05-2025,paid_search,brand_search,,,0
512880,05-05-2025,paid_search,brand_search,,,0
512881,05-05-2025,paid_search,generic_search,06-05-2025,annual,79.99
512882,05-05-2025,paid_social,prospecting_video,,,0
512883,05-05-2025,paid_social,retargeting,,,0
512884,05-05-2025,paid_social,prospecting_video,,,0
512885,05-05-2025,paid_social,prospecting_video,,,0
512886,05-05-2025,paid_social,retargeting,,,0
512887,05-05-2025,paid_search,brand_search,,,0
512888,05-05-2025,paid_search,brand_search,,,0
512889,05-05-2025,paid_social,prospecting_video,,,0
512890,05-05-2025,paid_social,prospecting_video,,,0
512891,05-05-2025,paid_search,generic_search,,,0
512892,05-05-2025,paid_social,prospecting_video,,,0
512893,05-05-2025,organic,,,,0
512894,05-05-2025,organic,,,,0
512895,05-05-2025,paid_social,retargeting,,,0
512896,05-05-2025,paid_search,generic_search,,,0
512897,05-05-2025,display,display_network,,,0
512898,05-05-2025,organic,,,,0
512899,05-05-2025,paid_search,brand_search,,,0
512900,05-05-2025,paid_social,prospecting_video,,,0
512901,05-05-2025,organic,,,,0
512902,05-05-2025,paid_social,retargeting,,,0
512903,05-05-2025,paid_social,prospecting_video,,,0
512904,05-05-2025,referral,,16-05-2025,monthly,29.97
512905,05-05-2025,paid_search,generic_search,07-05-2025,monthly,9.99
512906,05-05-2025,referral,,,,0
512907,05-05-2025,paid_social,retargeting,,,0
512908,05-05-2025,organic,,,,0
512909,05-05-2025,paid_social,retargeting,,,0
512910,05-05-2025,paid_social,prospecting_video,,,0
512911,05-05-2025,paid_search,brand_search,,,0
512912,05-05-2025,paid_social,prospecting_video,,,0
512913,05-05-2025,organic,,,,0
512914,05-05-2025,paid_social,prospecting_video,,,0
512915,05-05-2025,organic,,,,0
512916,05-05-2025,organic,,,,0
512917,05-05-2025,paid_social,prospecting_video,,,0
512918,05-05-2025,paid_social,prospecting_video,,,0
512919,05-05-2025,paid_social,prospecting_video,,,0
512920,05-05-2025,paid_social,prospecting_video,,,0
512921,05-05-2025,paid_social,retargeting,,,0
512922,05-05-2025,paid_social,prospecting_video,,,0
512923,05-05-2025,paid_social,prospecting_video,,,0
512924,05-05-2025,paid_social,retargeting,,,0
512925,05-05-2025,paid_social,prospecting_video,,,0
512926,05-05-2025,paid_social,retargeting,,,0
512927,05-05-2025,paid_search,generic_search,07-05-2025,monthly,29.97
512928,05-05-2025,organic,,,,0
512929,05-05-2025,paid_social,prospecting_video,,,0
512930,05-05-2025,paid_social,retargeting,,,0
512931,05-05-2025,organic,,05-05-2025,annual,79.99
512932,05-05-2025,paid_social,prospecting_video,,,0
512933,05-05-2025,paid_social,prospecting_video,,,0
512934,05-05-2025,affiliate,finance_blogs,,,0
512935,05-05-2025,organic,,,,0
512936,05-05-2025,paid_social,retargeting,,,0
512937,05-05-2025,paid_social,prospecting_video,,,0
512938,05-05-2025,paid_social,prospecting_video,,,0
512939,05-05-2025,paid_social,prospecting_video,,,0
512940,05-05-2025,paid_search,brand_search,,,0
512941,05-05-2025,paid_search,brand_search,06-05-2025,annual,79.99
512942,05-05-2025,paid_social,prospecting_video,,,0
512943,05-05-2025,paid_search,generic_search,,,0
512944,05-05-2025,paid_social,prospecting_video,,,0
512945,05-05-2025,paid_social,retargeting,06-05-2025,annual,79.99
512946,05-05-2025,paid_social,prospecting_video,,,0
512947,05-05-2025,paid_search,brand_search,,,0
512948,05-05-2025,organic,,,,0
512949,05-05-2025,paid_search,brand_search,,,0
512950,05-05-2025,organic,,,,0
512951,05-05-2025,affiliate,finance_blogs,,,0
512952,05-05-2025,affiliate,finance_blogs,,,0
512953,05-05-2025,paid_social,retargeting,,,0
512954,05-05-2025,paid_social,prospecting_video,,,0
512955,05-05-2025,paid_search,brand_search,,,0
512956,05-05-2025,paid_search,generic_search,,,0
512957,05-05-2025,paid_search,generic_search,06-05-2025,monthly,19.98
512958,05-05-2025,paid_social,retargeting,,,0
512959,05-05-2025,paid_social,prospecting_video,,,0
512960,05-05-2025,referral,,10-05-2025,annual,79.99
512961,05-05-2025,paid_social,prospecting_video,,,0
512962,05-05-2025,paid_social,prospecting_video,,,0
512963,06-05-2025,organic,,,,0
512964,06-05-2025,organic,,,,0
512965,06-05-2025,organic,,,,0
512966,06-05-2025,paid_search,brand_search,,,0
512967,06-05-2025,organic,,,,0
512968,06-05-2025,paid_social,prospecting_video,,,0
512969,06-05-2025,organic,,,,0
512970,06-05-2025,paid_search,brand_search,,,0
512971,06-05-2025,paid_social,prospecting_video,,,0
512972,06-05-2025,paid_social,retargeting,,,0
512973,06-05-2025,paid_search,generic_search,,,0
512974,06-05-2025,paid_social,retargeting,,,0
512975,06-05-2025,paid_search,brand_search,,,0
512976,06-05-2025,paid_social,retargeting,,,0
512977,06-05-2025,organic,,,,0
512978,06-05-2025,paid_social,prospecting_video,,,0
512979,06-05-2025,paid_social,prospecting_video,,,0
512980,06-05-2025,paid_social,prospecting_video,,,0
512981,06-05-2025,paid_search,brand_search,,,0
512982,06-05-2025,paid_social,prospecting_video,,,0
512983,06-05-2025,paid_search,brand_search,,,0
512984,06-05-2025,paid_social,retargeting,,,0
512985,06-05-2025,organic,,12-05-2025,monthly,29.97
512986,06-05-2025,organic,,,,0
512987,06-05-2025,paid_social,retargeting,,,0
512988,06-05-2025,paid_search,generic_search,13-05-2025,monthly,29.97
512989,06-05-2025,paid_social,prospecting_video,,,0
512990,06-05-2025,organic,,,,0
512991,06-05-2025,referral,,10-05-2025,monthly,29.97
512992,06-05-2025,paid_social,prospecting_video,,,0
512993,06-05-2025,paid_social,prospecting_video,,,0
512994,06-05-2025,paid_search,generic_search,,,0
512995,06-05-2025,paid_search,brand_search,08-05-2025,monthly,29.97
512996,06-05-2025,organic,,,,0
512997,06-05-2025,paid_social,retargeting,,,0
512998,06-05-2025,organic,,,,0
512999,06-05-2025,organic,,,,0
513000,06-05-2025,referral,,,,0
513001,06-05-2025,paid_social,retargeting,,,0
513002,06-05-2025,paid_search,brand_search,,,0
513003,06-05-2025,paid_social,prospecting_video,,,0
513004,06-05-2025,affiliate,finance_blogs,,,0
513005,06-05-2025,paid_search,generic_search,,,0
513006,06-05-2025,paid_social,prospecting_video,,,0
513007,06-05-2025,paid_search,brand_search,13-05-2025,monthly,29.97
513008,06-05-2025,paid_social,retargeting,,,0
513009,06-05-2025,organic,,,,0
513010,06-05-2025,paid_social,retargeting,,,0
513011,06-05-2025,organic,,11-05-2025,monthly,19.98
513012,06-05-2025,organic,,,,0
513013,06-05-2025,affiliate,finance_blogs,,,0
513014,06-05-2025,organic,,,,0
513015,06-05-2025,paid_social,prospecting_video,,,0
513016,06-05-2025,paid_social,prospecting_video,,,0
513017,06-05-2025,affiliate,finance_blogs,,,0
513018,06-05-2025,paid_social,prospecting_video,,,0
513019,06-05-2025,paid_search,generic_search,10-05-2025,monthly,29.97
513020,06-05-2025,paid_social,retargeting,,,0
513021,06-05-2025,referral,,,,0
513022,06-05-2025,organic,,,,0
513023,06-05-2025,paid_social,retargeting,,,0
513024,06-05-2025,paid_social,prospecting_video,,,0
513025,06-05-2025,organic,,,,0
513026,06-05-2025,organic,,,,0
513027,06-05-2025,organic,,,,0
513028,06-05-2025,organic,,,,0
513029,06-05-2025,paid_social,prospecting_video,,,0
513030,06-05-2025,paid_social,prospecting_video,,,0
513031,06-05-2025,affiliate,finance_blogs,,,0
513032,06-05-2025,organic,,,,0
513033,06-05-2025,paid_social,prospecting_video,,,0
513034,06-05-2025,paid_social,prospecting_video,,,0
513035,06-05-2025,organic,,,,0
513036,06-05-2025,paid_social,prospecting_video,,,0
513037,06-05-2025,organic,,,,0
513038,06-05-2025,paid_search,brand_search,,,0
513039,06-05-2025,referral,,,,0
513040,06-05-2025,organic,,08-05-2025,monthly,29.97
513041,06-05-2025,paid_social,retargeting,,,0
513042,06-05-2025,affiliate,finance_blogs,,,0
513043,06-05-2025,paid_social,prospecting_video,,,0
513044,06-05-2025,paid_social,prospecting_video,,,0
513045,06-05-2025,paid_search,brand_search,,,0
513046,06-05-2025,paid_social,prospecting_video,,,0
513047,06-05-2025,paid_social,prospecting_video,,,0
513048,06-05-2025,paid_search,generic_search,17-05-2025,monthly,29.97
513049,06-05-2025,paid_social,prospecting_video,,,0
513050,06-05-2025,affiliate,finance_blogs,,,0
513051,06-05-2025,organic,,,,0
513052,06-05-2025,paid_social,retargeting,,,0
513053,06-05-2025,paid_search,brand_search,,,0
513054,06-05-2025,organic,,,,0
513055,06-05-2025,paid_search,brand_search,,,0
513056,06-05-2025,paid_search,brand_search,07-05-2025,monthly,29.97
513057,06-05-2025,paid_social,prospecting_video,,,0
513058,06-05-2025,paid_social,prospecting_video,,,0
513059,07-05-2025,referral,,14-05-2025,annual,79.99
513060,07-05-2025,paid_social,prospecting_video,,,0
513061,07-05-2025,organic,,,,0
513062,07-05-2025,organic,,,,0
513063,07-05-2025,paid_social,prospecting_video,,,0
513064,07-05-2025,paid_social,prospecting_video,10-05-2025,monthly,29.97
513065,07-05-2025,referral,,,,0
513066,07-05-2025,paid_search,brand_search,,,0
513067,07-05-2025,paid_search,generic_search,11-05-2025,monthly,19.98
513068,07-05-2025,paid_search,brand_search,,,0
513069,07-05-2025,affiliate,finance_blogs,,,0
513070,07-05-2025,referral,,08-05-2025,annual,79.99
513071,07-05-2025,paid_social,prospecting_video,07-05-2025,monthly,19.98
513072,07-05-2025,paid_social,retargeting,,,0
513073,07-05-2025,paid_social,prospecting_video,,,0
513074,07-05-2025,paid_social,retargeting,,,0
513075,07-05-2025,paid_search,generic_search,,,0
513076,07-05-2025,organic,,,,0
513077,07-05-2025,paid_social,retargeting,10-05-2025,monthly,29.97
513078,07-05-2025,paid_social,prospecting_video,,,0
513079,07-05-2025,organic,,,,0
513080,07-05-2025,referral,,,,0
513081,07-05-2025,organic,,10-05-2025,monthly,29.97
513082,07-05-2025,referral,,,,0
513083,07-05-2025,paid_social,prospecting_video,,,0
513084,07-05-2025,paid_social,prospecting_video,,,0
513085,07-05-2025,paid_social,prospecting_video,,,0
513086,07-05-2025,paid_search,generic_search,,,0
513087,07-05-2025,organic,,,,0
513088,07-05-2025,paid_search,generic_search,,,0
513089,07-05-2025,paid_search,brand_search,,,0
513090,07-05-2025,referral,,,,0
513091,07-05-2025,paid_social,prospecting_video,,,0
513092,07-05-2025,referral,,07-05-2025,monthly,9.99
513093,07-05-2025,paid_search,generic_search,,,0
513094,07-05-2025,organic,,,,0
513095,07-05-2025,paid_social,prospecting_video,,,0
513096,07-05-2025,organic,,,,0
513097,07-05-2025,paid_social,prospecting_video,,,0
513098,07-05-2025,paid_search,brand_search,09-05-2025,monthly,29.97
513099,07-05-2025,paid_social,prospecting_video,,,0
513100,07-05-2025,paid_search,generic_search,,,0
513101,07-05-2025,paid_social,retargeting,,,0
513102,07-05-2025,display,display_network,,,0
513103,07-05-2025,affiliate,finance_blogs,,,0
513104,07-05-2025,organic,,,,0
513105,07-05-2025,organic,,,,0
513106,07-05-2025,paid_search,generic_search,,,0
513107,07-05-2025,paid_search,brand_search,,,0
513108,07-05-2025,paid_search,brand_search,,,0
513109,07-05-2025,paid_social,prospecting_video,,,0
513110,07-05-2025,paid_social,retargeting,,,0
513111,07-05-2025,paid_social,prospecting_video,,,0
513112,07-05-2025,paid_social,prospecting_video,,,0
513113,07-05-2025,paid_search,brand_search,,,0
513114,07-05-2025,paid_social,retargeting,,,0
513115,07-05-2025,paid_search,generic_search,,,0
513116,07-05-2025,referral,,,,0
513117,07-05-2025,paid_search,generic_search,,,0
513118,07-05-2025,paid_social,prospecting_video,,,0
513119,07-05-2025,referral,,,,0
513120,07-05-2025,paid_search,brand_search,,,0
513121,07-05-2025,paid_social,retargeting,,,0
513122,07-05-2025,paid_social,retargeting,10-05-2025,monthly,29.97
513123,07-05-2025,paid_social,prospecting_video,,,0
513124,07-05-2025,paid_social,retargeting,,,0
513125,07-05-2025,organic,,,,0
513126,07-05-2025,organic,,,,0
513127,07-05-2025,referral,,,,0
513128,07-05-2025,paid_social,retargeting,,,0
513129,07-05-2025,paid_social,prospecting_video,,,0
513130,07-05-2025,paid_social,prospecting_video,,,0
513131,07-05-2025,paid_social,prospecting_video,,,0
513132,07-05-2025,paid_social,prospecting_video,16-05-2025,monthly,19.98
513133,07-05-2025,paid_social,prospecting_video,,,0
513134,07-05-2025,organic,,,,0
513135,07-05-2025,paid_social,retargeting,,,0
513136,07-05-2025,paid_social,prospecting_video,,,0
513137,07-05-2025,paid_search,generic_search,09-05-2025,annual,79.99
513138,07-05-2025,organic,,,,0
513139,07-05-2025,paid_social,prospecting_video,,,0
513140,07-05-2025,paid_search,generic_search,,,0
513141,07-05-2025,paid_social,prospecting_video,,,0
513142,07-05-2025,paid_social,prospecting_video,,,0
513143,07-05-2025,paid_search,generic_search,,,0
513144,07-05-2025,paid_search,generic_search,,,0
513145,07-05-2025,paid_social,retargeting,,,0
513146,07-05-2025,paid_search,generic_search,,,0
513147,07-05-2025,organic,,,,0
513148,07-05-2025,paid_search,generic_search,13-05-2025,monthly,29.97
513149,07-05-2025,organic,,,,0
513150,07-05-2025,paid_social,prospecting_video,11-05-2025,monthly,29.97
513151,07-05-2025,paid_search,brand_search,,,0
513152,07-05-2025,paid_search,brand_search,08-05-2025,monthly,9.99
513153,07-05-2025,organic,,,,0
513154,07-05-2025,organic,,,,0
513155,07-05-2025,organic,,,,0
513156,08-05-2025,paid_social,prospecting_video,,,0
513157,08-05-2025,affiliate,finance_blogs,,,0
513158,08-05-2025,referral,,,,0
513159,08-05-2025,paid_social,prospecting_video,,,0
513160,08-05-2025,affiliate,finance_blogs,,,0
513161,08-05-2025,paid_social,retargeting,,,0
513162,08-05-2025,affiliate,finance_blogs,,,0
513163,08-05-2025,paid_search,generic_search,,,0
513164,08-05-2025,paid_social,prospecting_video,,,0
513165,08-05-2025,paid_social,prospecting_video,,,0
513166,08-05-2025,paid_search,brand_search,,,0
513167,08-05-2025,paid_search,brand_search,10-05-2025,monthly,29.97
513168,08-05-2025,paid_social,retargeting,,,0
513169,08-05-2025,affiliate,finance_blogs,11-05-2025,monthly,29.97
513170,08-05-2025,organic,,,,0
513171,08-05-2025,paid_social,prospecting_video,,,0
513172,08-05-2025,paid_search,generic_search,,,0
513173,08-05-2025,paid_social,prospecting_video,,,0
513174,08-05-2025,paid_social,prospecting_video,,,0
513175,08-05-2025,paid_social,prospecting_video,11-05-2025,monthly,29.97
513176,08-05-2025,paid_search,brand_search,,,0
513177,08-05-2025,paid_social,prospecting_video,,,0
513178,08-05-2025,paid_social,prospecting_video,,,0
513179,08-05-2025,paid_search,brand_search,,,0
513180,08-05-2025,paid_social,prospecting_video,,,0
513181,08-05-2025,paid_search,brand_search,,,0
513182,08-05-2025,paid_social,prospecting_video,,,0
513183,08-05-2025,paid_social,prospecting_video,,,0
513184,08-05-2025,paid_search,brand_search,,,0
513185,08-05-2025,paid_social,prospecting_video,,,0
513186,08-05-2025,paid_search,brand_search,,,0
513187,08-05-2025,paid_search,brand_search,15-05-2025,annual,79.99
513188,08-05-2025,organic,,,,0
513189,08-05-2025,organic,,,,0
513190,08-05-2025,paid_social,prospecting_video,,,0
513191,08-05-2025,paid_social,prospecting_video,,,0
513192,08-05-2025,referral,,,,0
513193,08-05-2025,paid_social,prospecting_video,,,0
513194,08-05-2025,paid_search,generic_search,10-05-2025,monthly,29.97
513195,08-05-2025,paid_social,prospecting_video,,,0
513196,08-05-2025,paid_social,prospecting_video,,,0
513197,08-05-2025,paid_social,retargeting,,,0
513198,08-05-2025,organic,,,,0
513199,08-05-2025,organic,,08-05-2025,annual,79.99
513200,08-05-2025,paid_social,retargeting,,,0
513201,08-05-2025,paid_social,prospecting_video,,,0
513202,08-05-2025,paid_search,generic_search,,,0
513203,08-05-2025,paid_social,retargeting,18-05-2025,monthly,29.97
513204,08-05-2025,paid_social,prospecting_video,,,0
513205,08-05-2025,paid_social,retargeting,12-05-2025,monthly,9.99
513206,08-05-2025,paid_social,retargeting,,,0
513207,08-05-2025,paid_social,retargeting,,,0
513208,08-05-2025,paid_social,prospecting_video,,,0
513209,08-05-2025,paid_social,retargeting,10-05-2025,monthly,29.97
513210,08-05-2025,paid_search,generic_search,,,0
513211,08-05-2025,referral,,,,0
513212,08-05-2025,organic,,,,0
513213,08-05-2025,paid_social,prospecting_video,,,0
513214,08-05-2025,paid_search,generic_search,,,0
513215,08-05-2025,referral,,,,0
513216,08-05-2025,organic,,,,0
513217,08-05-2025,paid_social,prospecting_video,,,0
513218,08-05-2025,paid_social,prospecting_video,,,0
513219,08-05-2025,paid_social,prospecting_video,,,0
513220,08-05-2025,paid_social,retargeting,,,0
513221,08-05-2025,paid_social,prospecting_video,,,0
513222,08-05-2025,affiliate,finance_blogs,,,0
513223,08-05-2025,paid_search,brand_search,10-05-2025,monthly,29.97
513224,08-05-2025,organic,,,,0
513225,08-05-2025,paid_social,retargeting,,,0
513226,08-05-2025,paid_search,generic_search,08-05-2025,monthly,9.99
513227,08-05-2025,organic,,15-05-2025,annual,79.99
513228,08-05-2025,paid_social,prospecting_video,,,0
513229,08-05-2025,paid_search,brand_search,,,0
513230,08-05-2025,paid_social,prospecting_video,,,0
513231,08-05-2025,paid_social,prospecting_video,,,0
513232,08-05-2025,paid_social,retargeting,,,0
513233,08-05-2025,paid_social,retargeting,,,0
513234,08-05-2025,paid_social,prospecting_video,,,0
513235,08-05-2025,organic,,,,0
513236,08-05-2025,organic,,,,0
513237,08-05-2025,organic,,,,0
513238,08-05-2025,paid_social,prospecting_video,,,0
513239,08-05-2025,paid_social,retargeting,,,0
513240,08-05-2025,paid_social,retargeting,,,0
513241,08-05-2025,paid_social,prospecting_video,,,0
513242,08-05-2025,paid_search,generic_search,,,0
513243,08-05-2025,paid_social,retargeting,,,0
513244,08-05-2025,affiliate,finance_blogs,,,0
513245,08-05-2025,paid_social,prospecting_video,,,0
513246,08-05-2025,paid_search,generic_search,,,0
513247,08-05-2025,organic,,,,0
513248,08-05-2025,paid_social,retargeting,20-05-2025,monthly,29.97
513249,09-05-2025,paid_social,prospecting_video,,,0
513250,09-05-2025,paid_search,brand_search,,,0
513251,09-05-2025,referral,,,,0
513252,09-05-2025,paid_search,generic_search,,,0
513253,09-05-2025,paid_social,retargeting,,,0
513254,09-05-2025,paid_search,generic_search,,,0
513255,09-05-2025,paid_search,brand_search,22-05-2025,monthly,29.97
513256,09-05-2025,paid_search,brand_search,,,0
513257,09-05-2025,paid_social,prospecting_video,,,0
513258,09-05-2025,paid_search,brand_search,,,0
513259,09-05-2025,paid_social,prospecting_video,,,0
513260,09-05-2025,paid_social,prospecting_video,,,0
513261,09-05-2025,paid_social,retargeting,,,0
513262,09-05-2025,paid_social,prospecting_video,,,0
513263,09-05-2025,affiliate,finance_blogs,,,0
513264,09-05-2025,paid_search,generic_search,,,0
513265,09-05-2025,paid_social,prospecting_video,,,0
513266,09-05-2025,paid_social,prospecting_video,,,0
513267,09-05-2025,paid_social,prospecting_video,,,0
513268,09-05-2025,affiliate,finance_blogs,,,0
513269,09-05-2025,paid_search,brand_search,,,0
513270,09-05-2025,organic,,,,0
513271,09-05-2025,affiliate,finance_blogs,,,0
513272,09-05-2025,paid_search,brand_search,,,0
513273,09-05-2025,paid_search,brand_search,,,0
513274,09-05-2025,organic,,,,0
513275,09-05-2025,affiliate,finance_blogs,22-05-2025,monthly,19.98
513276,09-05-2025,paid_social,prospecting_video,,,0
513277,09-05-2025,paid_social,retargeting,,,0
513278,09-05-2025,paid_social,prospecting_video,,,0
513279,09-05-2025,paid_social,prospecting_video,,,0
513280,09-05-2025,organic,,,,0
513281,09-05-2025,paid_search,brand_search,,,0
513282,09-05-2025,organic,,,,0
513283,09-05-2025,organic,,,,0
513284,09-05-2025,paid_social,retargeting,,,0
513285,09-05-2025,paid_social,retargeting,,,0
513286,09-05-2025,referral,,09-05-2025,annual,79.99
513287,09-05-2025,paid_social,retargeting,,,0
513288,09-05-2025,paid_social,prospecting_video,,,0
513289,09-05-2025,paid_search,brand_search,,,0
513290,09-05-2025,paid_social,prospecting_video,,,0
513291,09-05-2025,paid_social,prospecting_video,,,0
513292,09-05-2025,paid_social,retargeting,,,0
513293,09-05-2025,paid_social,retargeting,,,0
513294,09-05-2025,paid_social,prospecting_video,,,0
513295,09-05-2025,referral,,,,0
513296,09-05-2025,referral,,,,0
513297,09-05-2025,paid_social,prospecting_video,,,0
513298,09-05-2025,paid_search,brand_search,09-05-2025,monthly,9.99
513299,09-05-2025,paid_search,generic_search,,,0
513300,09-05-2025,paid_social,prospecting_video,,,0
513301,09-05-2025,organic,,,,0
513302,09-05-2025,paid_social,prospecting_video,,,0
513303,09-05-2025,paid_social,prospecting_video,,,0
513304,09-05-2025,paid_social,prospecting_video,,,0
513305,09-05-2025,organic,,,,0
513306,09-05-2025,paid_search,brand_search,,,0
513307,09-05-2025,paid_social,prospecting_video,,,0
513308,09-05-2025,paid_social,prospecting_video,,,0
513309,09-05-2025,paid_social,retargeting,,,0
513310,09-05-2025,referral,,,,0
513311,09-05-2025,paid_social,retargeting,,,0
513312,09-05-2025,organic,,12-05-2025,monthly,9.99
513313,09-05-2025,paid_social,retargeting,,,0
513314,09-05-2025,paid_search,brand_search,,,0
513315,09-05-2025,paid_social,retargeting,,,0
513316,09-05-2025,paid_social,prospecting_video,,,0
513317,09-05-2025,paid_search,generic_search,,,0
513318,09-05-2025,paid_social,prospecting_video,,,0
513319,09-05-2025,paid_search,generic_search,,,0
513320,09-05-2025,paid_search,brand_search,16-05-2025,monthly,29.97
513321,09-05-2025,paid_social,prospecting_video,,,0
513322,09-05-2025,paid_social,retargeting,,,0
513323,09-05-2025,paid_search,brand_search,,,0
513324,09-05-2025,paid_social,retargeting,,,0
513325,09-05-2025,paid_search,generic_search,,,0
513326,09-05-2025,display,display_network,,,0
513327,09-05-2025,organic,,,,0
513328,09-05-2025,paid_social,retargeting,,,0
513329,09-05-2025,paid_social,retargeting,,,0
513330,09-05-2025,organic,,,,0
513331,09-05-2025,paid_social,retargeting,09-05-2025,annual,79.99
513332,09-05-2025,paid_social,prospecting_video,,,0
513333,09-05-2025,paid_social,prospecting_video,,,0
513334,09-05-2025,paid_social,prospecting_video,,,0
513335,09-05-2025,paid_search,generic_search,,,0
513336,09-05-2025,paid_social,retargeting,,,0
513337,09-05-2025,paid_social,retargeting,,,0
513338,09-05-2025,paid_search,brand_search,,,0
513339,09-05-2025,display,display_network,,,0
513340,09-05-2025,paid_search,brand_search,,,0
513341,09-05-2025,paid_social,prospecting_video,,,0
513342,09-05-2025,paid_social,retargeting,,,0
513343,09-05-2025,paid_social,prospecting_video,,,0
513344,09-05-2025,paid_search,generic_search,,,0
513345,09-05-2025,organic,,,,0
513346,09-05-2025,paid_search,generic_search,,,0
513347,09-05-2025,paid_social,prospecting_video,,,0
513348,10-05-2025,organic,,,,0
513349,10-05-2025,paid_social,prospecting_video,,,0
513350,10-05-2025,referral,,10-05-2025,annual,79.99
513351,10-05-2025,organic,,,,0
513352,10-05-2025,paid_social,retargeting,,,0
513353,10-05-2025,organic,,,,0
513354,10-05-2025,paid_social,prospecting_video,,,0
513355,10-05-2025,organic,,,,0
513356,10-05-2025,paid_search,generic_search,,,0
513357,10-05-2025,paid_social,retargeting,,,0
513358,10-05-2025,paid_social,prospecting_video,,,0
513359,10-05-2025,paid_social,retargeting,,,0
513360,10-05-2025,organic,,,,0
513361,10-05-2025,paid_social,prospecting_video,,,0
513362,10-05-2025,referral,,,,0
513363,10-05-2025,paid_search,brand_search,,,0
513364,10-05-2025,paid_search,brand_search,12-05-2025,monthly,29.97
513365,10-05-2025,paid_social,prospecting_video,,,0
513366,10-05-2025,paid_search,generic_search,,,0
513367,10-05-2025,paid_social,prospecting_video,,,0
513368,10-05-2025,affiliate,finance_blogs,,,0
513369,10-05-2025,organic,,,,0
513370,10-05-2025,paid_search,generic_search,,,0
513371,10-05-2025,paid_social,prospecting_video,,,0
513372,10-05-2025,paid_social,prospecting_video,,,0
513373,10-05-2025,paid_search,generic_search,10-05-2025,monthly,29.97
513374,10-05-2025,paid_social,prospecting_video,,,0
513375,10-05-2025,paid_social,prospecting_video,,,0
513376,10-05-2025,paid_search,generic_search,,,0
513377,10-05-2025,paid_search,brand_search,,,0
513378,10-05-2025,display,display_network,,,0
513379,10-05-2025,paid_social,prospecting_video,,,0
513380,10-05-2025,paid_search,generic_search,,,0
513381,10-05-2025,paid_social,retargeting,,,0
513382,10-05-2025,affiliate,finance_blogs,,,0
513383,10-05-2025,organic,,,,0
513384,10-05-2025,paid_search,brand_search,14-05-2025,monthly,29.97
513385,10-05-2025,referral,,,,0
513386,10-05-2025,referral,,,,0
513387,10-05-2025,affiliate,finance_blogs,,,0
513388,10-05-2025,paid_social,prospecting_video,,,0
513389,10-05-2025,paid_search,generic_search,,,0
513390,10-05-2025,organic,,,,0
513391,10-05-2025,organic,,,,0
513392,10-05-2025,organic,,,,0
513393,10-05-2025,paid_social,prospecting_video,,,0
513394,10-05-2025,organic,,,,0
513395,10-05-2025,paid_social,prospecting_video,11-05-2025,monthly,29.97
513396,10-05-2025,paid_social,prospecting_video,,,0
513397,10-05-2025,paid_social,prospecting_video,12-05-2025,monthly,29.97
513398,10-05-2025,organic,,,,0
513399,10-05-2025,paid_social,prospecting_video,,,0
513400,10-05-2025,paid_search,brand_search,,,0
513401,10-05-2025,paid_search,brand_search,12-05-2025,annual,79.99
513402,10-05-2025,paid_social,retargeting,,,0
513403,10-05-2025,display,display_network,,,0
513404,10-05-2025,organic,,,,0
513405,10-05-2025,paid_search,generic_search,,,0
513406,10-05-2025,paid_search,brand_search,,,0
513407,10-05-2025,paid_social,retargeting,,,0
513408,10-05-2025,organic,,,,0
513409,10-05-2025,referral,,,,0
513410,10-05-2025,paid_social,retargeting,,,0
513411,10-05-2025,paid_social,retargeting,,,0
513412,10-05-2025,affiliate,finance_blogs,,,0
513413,10-05-2025,paid_search,generic_search,,,0
513414,10-05-2025,paid_search,brand_search,,,0
513415,10-05-2025,organic,,10-05-2025,annual,79.99
513416,10-05-2025,affiliate,finance_blogs,,,0
513417,10-05-2025,organic,,,,0
513418,10-05-2025,paid_social,prospecting_video,,,0
513419,10-05-2025,paid_social,prospecting_video,,,0
513420,10-05-2025,organic,,14-05-2025,annual,79.99
513421,10-05-2025,display,display_network,,,0
513422,10-05-2025,paid_search,generic_search,,,0
513423,10-05-2025,paid_search,generic_search,,,0
513424,10-05-2025,paid_social,retargeting,,,0
513425,10-05-2025,organic,,,,0
513426,10-05-2025,organic,,,,0
513427,10-05-2025,referral,,,,0
513428,10-05-2025,paid_search,generic_search,,,0
513429,10-05-2025,paid_social,retargeting,,,0
513430,10-05-2025,organic,,,,0
513431,10-05-2025,paid_social,prospecting_video,,,0
513432,10-05-2025,organic,,,,0
513433,10-05-2025,paid_search,generic_search,,,0
513434,10-05-2025,paid_social,prospecting_video,10-05-2025,annual,79.99
513435,10-05-2025,organic,,,,0
513436,10-05-2025,paid_social,prospecting_video,,,0
513437,10-05-2025,paid_search,generic_search,,,0
513438,10-05-2025,paid_search,generic_search,,,0
513439,10-05-2025,paid_search,brand_search,11-05-2025,monthly,29.97
513440,10-05-2025,organic,,,,0
513441,10-05-2025,organic,,,,0
513442,10-05-2025,paid_social,prospecting_video,,,0
513443,10-05-2025,paid_social,retargeting,,,0
513444,10-05-2025,paid_social,prospecting_video,,,0
513445,10-05-2025,paid_social,prospecting_video,,,0
513446,10-05-2025,paid_search,brand_search,12-05-2025,monthly,19.98
513447,10-05-2025,paid_social,retargeting,12-05-2025,monthly,9.99
513448,10-05-2025,paid_social,prospecting_video,,,0
513449,10-05-2025,organic,,,,0
513450,10-05-2025,paid_social,prospecting_video,,,0
513451,10-05-2025,paid_search,brand_search,,,0
513452,10-05-2025,organic,,,,0
513453,10-05-2025,paid_social,prospecting_video,,,0
513454,10-05-2025,paid_social,prospecting_video,,,0
513455,10-05-2025,paid_social,prospecting_video,,,0
513456,10-05-2025,affiliate,finance_blogs,,,0
513457,11-05-2025,paid_social,prospecting_video,,,0
513458,11-05-2025,referral,,,,0
513459,11-05-2025,paid_search,generic_search,,,0
513460,11-05-2025,organic,,,,0
513461,11-05-2025,referral,,,,0
513462,11-05-2025,paid_search,generic_search,,,0
513463,11-05-2025,paid_search,generic_search,,,0
513464,11-05-2025,organic,,19-05-2025,annual,79.99
513465,11-05-2025,paid_social,retargeting,,,0
513466,11-05-2025,paid_search,brand_search,,,0
513467,11-05-2025,paid_search,brand_search,13-05-2025,monthly,29.97
513468,11-05-2025,affiliate,finance_blogs,,,0
513469,11-05-2025,paid_social,prospecting_video,,,0
513470,11-05-2025,paid_social,prospecting_video,,,0
513471,11-05-2025,referral,,,,0
513472,11-05-2025,affiliate,finance_blogs,15-05-2025,monthly,19.98
513473,11-05-2025,paid_search,generic_search,11-05-2025,monthly,9.99
513474,11-05-2025,paid_search,generic_search,14-05-2025,monthly,9.99
513475,11-05-2025,affiliate,finance_blogs,,,0
513476,11-05-2025,paid_search,generic_search,,,0
513477,11-05-2025,organic,,,,0
513478,11-05-2025,paid_search,brand_search,13-05-2025,annual,79.99
513479,11-05-2025,paid_social,retargeting,,,0
513480,11-05-2025,paid_social,prospecting_video,,,0
513481,11-05-2025,paid_social,prospecting_video,,,0
513482,11-05-2025,paid_social,retargeting,,,0
513483,11-05-2025,paid_social,prospecting_video,,,0
513484,11-05-2025,paid_search,brand_search,,,0
513485,11-05-2025,organic,,,,0
513486,11-05-2025,organic,,,,0
513487,11-05-2025,paid_search,generic_search,,,0
513488,11-05-2025,paid_search,brand_search,12-05-2025,monthly,19.98
513489,11-05-2025,organic,,,,0
513490,11-05-2025,paid_social,prospecting_video,,,0
513491,11-05-2025,organic,,,,0
513492,11-05-2025,paid_social,prospecting_video,,,0
513493,11-05-2025,organic,,,,0
513494,11-05-2025,paid_social,retargeting,,,0
513495,11-05-2025,paid_social,prospecting_video,,,0
513496,11-05-2025,organic,,,,0
513497,11-05-2025,organic,,,,0
513498,11-05-2025,paid_search,brand_search,,,0
513499,11-05-2025,display,display_network,,,0
513500,11-05-2025,organic,,,,0
513501,11-05-2025,paid_social,prospecting_video,,,0
513502,11-05-2025,paid_social,prospecting_video,,,0
513503,11-05-2025,paid_social,prospecting_video,,,0
513504,11-05-2025,referral,,15-05-2025,annual,79.99
513505,11-05-2025,organic,,,,0
513506,11-05-2025,paid_social,retargeting,,,0
513507,11-05-2025,paid_social,prospecting_video,,,0
513508,11-05-2025,organic,,,,0
513509,11-05-2025,paid_social,retargeting,,,0
513510,11-05-2025,organic,,,,0
513511,11-05-2025,organic,,,,0
513512,11-05-2025,paid_social,retargeting,,,0
513513,11-05-2025,paid_search,generic_search,,,0
513514,11-05-2025,paid_social,prospecting_video,,,0
513515,11-05-2025,paid_social,prospecting_video,,,0
513516,11-05-2025,paid_social,retargeting,,,0
513517,11-05-2025,organic,,,,0
513518,11-05-2025,referral,,,,0
513519,11-05-2025,paid_social,prospecting_video,,,0
513520,11-05-2025,paid_search,generic_search,,,0
513521,11-05-2025,referral,,,,0
513522,11-05-2025,organic,,,,0
513523,11-05-2025,paid_social,prospecting_video,,,0
513524,11-05-2025,paid_social,retargeting,,,0
513525,11-05-2025,paid_social,retargeting,13-05-2025,monthly,29.97
513526,11-05-2025,paid_search,brand_search,,,0
513527,11-05-2025,display,display_network,,,0
513528,11-05-2025,paid_social,prospecting_video,,,0
513529,11-05-2025,paid_social,prospecting_video,,,0
513530,11-05-2025,organic,,,,0
513531,11-05-2025,organic,,13-05-2025,monthly,29.97
513532,11-05-2025,organic,,,,0
513533,11-05-2025,organic,,,,0
513534,11-05-2025,paid_social,retargeting,,,0
513535,11-05-2025,organic,,,,0
513536,11-05-2025,paid_social,prospecting_video,,,0
513537,11-05-2025,paid_social,prospecting_video,,,0
513538,11-05-2025,paid_search,generic_search,15-05-2025,annual,79.99
513539,11-05-2025,paid_search,generic_search,16-05-2025,monthly,9.99
513540,11-05-2025,organic,,,,0
513541,11-05-2025,paid_social,prospecting_video,,,0
513542,11-05-2025,organic,,,,0
513543,11-05-2025,paid_social,retargeting,,,0
513544,11-05-2025,organic,,,,0
513545,11-05-2025,paid_social,prospecting_video,,,0
513546,11-05-2025,paid_social,prospecting_video,,,0
513547,11-05-2025,paid_search,brand_search,,,0
513548,11-05-2025,paid_social,prospecting_video,,,0
513549,11-05-2025,paid_search,generic_search,,,0
513550,11-05-2025,referral,,,,0
513551,11-05-2025,organic,,,,0
513552,11-05-2025,organic,,,,0
513553,11-05-2025,paid_social,retargeting,,,0
513554,11-05-2025,organic,,13-05-2025,annual,79.99
513555,11-05-2025,paid_social,prospecting_video,,,0
513556,11-05-2025,organic,,,,0
513557,11-05-2025,referral,,,,0
513558,12-05-2025,paid_search,brand_search,18-05-2025,monthly,29.97
513559,12-05-2025,organic,,,,0
513560,12-05-2025,paid_social,retargeting,,,0
513561,12-05-2025,paid_social,prospecting_video,15-05-2025,monthly,29.97
513562,12-05-2025,paid_social,retargeting,,,0
513563,12-05-2025,organic,,,,0
513564,12-05-2025,paid_social,prospecting_video,,,0
513565,12-05-2025,paid_search,generic_search,,,0
513566,12-05-2025,paid_social,prospecting_video,,,0
513567,12-05-2025,organic,,,,0
513568,12-05-2025,paid_social,prospecting_video,,,0
513569,12-05-2025,paid_search,brand_search,13-05-2025,monthly,29.97
513570,12-05-2025,paid_social,prospecting_video,,,0
513571,12-05-2025,paid_social,prospecting_video,,,0
513572,12-05-2025,organic,,,,0
513573,12-05-2025,organic,,,,0
513574,12-05-2025,paid_social,retargeting,,,0
513575,12-05-2025,paid_social,retargeting,,,0
513576,12-05-2025,paid_social,prospecting_video,,,0
513577,12-05-2025,organic,,,,0
513578,12-05-2025,paid_social,prospecting_video,,,0
513579,12-05-2025,paid_social,prospecting_video,,,0
513580,12-05-2025,paid_social,prospecting_video,,,0
513581,12-05-2025,paid_search,generic_search,,,0
513582,12-05-2025,organic,,,,0
513583,12-05-2025,paid_social,prospecting_video,,,0
513584,12-05-2025,paid_social,prospecting_video,,,0
513585,12-05-2025,paid_social,prospecting_video,,,0
513586,12-05-2025,organic,,,,0
513587,12-05-2025,affiliate,finance_blogs,,,0
513588,12-05-2025,organic,,,,0
513589,12-05-2025,paid_search,generic_search,,,0
513590,12-05-2025,paid_social,retargeting,,,0
513591,12-05-2025,paid_social,prospecting_video,,,0
513592,12-05-2025,paid_search,brand_search,,,0
513593,12-05-2025,paid_social,prospecting_video,,,0
513594,12-05-2025,paid_social,prospecting_video,,,0
513595,12-05-2025,affiliate,finance_blogs,,,0
513596,12-05-2025,paid_search,generic_search,14-05-2025,monthly,29.97
513597,12-05-2025,paid_search,brand_search,,,0
513598,12-05-2025,organic,,,,0
513599,12-05-2025,paid_search,brand_search,,,0
513600,12-05-2025,organic,,,,0
513601,12-05-2025,organic,,,,0
513602,12-05-2025,paid_social,prospecting_video,,,0
513603,12-05-2025,paid_social,prospecting_video,,,0
513604,12-05-2025,paid_social,retargeting,,,0
513605,12-05-2025,paid_social,retargeting,,,0
513606,12-05-2025,paid_social,retargeting,16-05-2025,monthly,29.97
513607,12-05-2025,paid_social,prospecting_video,,,0
513608,12-05-2025,paid_search,brand_search,,,0
513609,12-05-2025,paid_social,prospecting_video,,,0
513610,12-05-2025,paid_search,brand_search,,,0
513611,12-05-2025,paid_social,retargeting,,,0
513612,12-05-2025,organic,,,,0
513613,12-05-2025,paid_search,generic_search,,,0
513614,12-05-2025,paid_search,brand_search,,,0
513615,12-05-2025,paid_search,brand_search,,,0
513616,12-05-2025,paid_social,prospecting_video,,,0
513617,12-05-2025,paid_social,prospecting_video,,,0
513618,12-05-2025,organic,,,,0
513619,12-05-2025,organic,,,,0
513620,12-05-2025,affiliate,finance_blogs,15-05-2025,monthly,29.97
513621,12-05-2025,organic,,,,0
513622,12-05-2025,paid_social,prospecting_video,,,0
513623,12-05-2025,paid_social,retargeting,,,0
513624,12-05-2025,organic,,,,0
513625,12-05-2025,paid_search,generic_search,,,0
513626,12-05-2025,paid_search,generic_search,,,0
513627,12-05-2025,paid_social,prospecting_video,,,0
513628,12-05-2025,paid_social,prospecting_video,,,0
513629,12-05-2025,organic,,,,0
513630,12-05-2025,paid_search,brand_search,,,0
513631,12-05-2025,paid_social,retargeting,,,0
513632,12-05-2025,paid_social,prospecting_video,,,0
513633,12-05-2025,display,display_network,,,0
513634,12-05-2025,paid_social,prospecting_video,,,0
513635,12-05-2025,paid_social,prospecting_video,,,0
513636,12-05-2025,paid_social,prospecting_video,,,0
513637,12-05-2025,paid_search,brand_search,,,0
513638,12-05-2025,paid_social,retargeting,,,0
513639,12-05-2025,paid_search,brand_search,,,0
513640,12-05-2025,paid_social,retargeting,,,0
513641,12-05-2025,paid_social,prospecting_video,,,0
513642,12-05-2025,paid_search,generic_search,,,0
513643,12-05-2025,referral,,,,0
513644,12-05-2025,paid_social,prospecting_video,,,0
513645,12-05-2025,paid_search,generic_search,,,0
513646,12-05-2025,paid_social,prospecting_video,,,0
513647,12-05-2025,paid_social,retargeting,,,0
513648,12-05-2025,paid_social,prospecting_video,,,0
513649,12-05-2025,paid_social,prospecting_video,,,0
513650,12-05-2025,paid_search,brand_search,,,0
513651,12-05-2025,paid_social,retargeting,,,0
513652,12-05-2025,paid_search,brand_search,12-05-2025,annual,79.99
513653,12-05-2025,paid_social,prospecting_video,,,0
513654,12-05-2025,referral,,,,0
513655,12-05-2025,organic,,,,0
513656,12-05-2025,affiliate,finance_blogs,,,0
513657,12-05-2025,paid_social,prospecting_video,,,0
513658,12-05-2025,paid_social,retargeting,13-05-2025,monthly,19.98
513659,12-05-2025,organic,,,,0
513660,12-05-2025,paid_search,brand_search,,,0
513661,12-05-2025,paid_social,retargeting,,,0
513662,12-05-2025,display,display_network,,,0
513663,12-05-2025,paid_social,prospecting_video,,,0
513664,12-05-2025,organic,,,,0
513665,12-05-2025,affiliate,finance_blogs,,,0
513666,12-05-2025,paid_search,brand_search,,,0
513667,12-05-2025,paid_search,brand_search,,,0
513668,12-05-2025,paid_social,prospecting_video,,,0
513669,12-05-2025,paid_search,brand_search,12-05-2025,monthly,29.97
513670,12-05-2025,organic,,,,0
513671,12-05-2025,paid_social,prospecting_video,,,0
513672,12-05-2025,paid_social,prospecting_video,,,0
513673,12-05-2025,referral,,,,0
513674,12-05-2025,display,display_network,,,0
513675,12-05-2025,paid_social,prospecting_video,,,0
513676,12-05-2025,paid_social,prospecting_video,,,0
513677,12-05-2025,organic,,,,0
513678,12-05-2025,paid_social,prospecting_video,,,0
513679,12-05-2025,paid_search,brand_search,,,0
513680,12-05-2025,organic,,14-05-2025,monthly,19.98
513681,12-05-2025,affiliate,finance_blogs,,,0
513682,12-05-2025,organic,,,,0
513683,13-05-2025,paid_social,retargeting,,,0
513684,13-05-2025,paid_social,prospecting_video,19-05-2025,monthly,29.97
513685,13-05-2025,paid_social,prospecting_video,,,0
513686,13-05-2025,paid_search,generic_search,,,0
513687,13-05-2025,paid_search,brand_search,,,0
513688,13-05-2025,affiliate,finance_blogs,,,0
513689,13-05-2025,paid_social,prospecting_video,,,0
513690,13-05-2025,paid_social,prospecting_video,,,0
513691,13-05-2025,referral,,,,0
513692,13-05-2025,paid_social,retargeting,15-05-2025,monthly,19.98
513693,13-05-2025,paid_social,prospecting_video,14-05-2025,annual,79.99
513694,13-05-2025,paid_social,prospecting_video,,,0
513695,13-05-2025,paid_social,retargeting,13-05-2025,annual,79.99
513696,13-05-2025,organic,,,,0
513697,13-05-2025,paid_search,brand_search,,,0
513698,13-05-2025,paid_search,generic_search,,,0
513699,13-05-2025,organic,,,,0
513700,13-05-2025,paid_search,generic_search,,,0
513701,13-05-2025,paid_search,brand_search,15-05-2025,monthly,29.97
513702,13-05-2025,paid_social,prospecting_video,,,0
513703,13-05-2025,affiliate,finance_blogs,,,0
513704,13-05-2025,paid_social,retargeting,,,0
513705,13-05-2025,paid_social,prospecting_video,,,0
513706,13-05-2025,paid_search,generic_search,18-05-2025,monthly,29.97
513707,13-05-2025,paid_social,prospecting_video,,,0
513708,13-05-2025,paid_social,prospecting_video,,,0
513709,13-05-2025,paid_social,prospecting_video,,,0
513710,13-05-2025,paid_search,generic_search,,,0
513711,13-05-2025,paid_social,prospecting_video,,,0
513712,13-05-2025,paid_social,prospecting_video,,,0
513713,13-05-2025,organic,,,,0
513714,13-05-2025,paid_search,generic_search,,,0
513715,13-05-2025,paid_search,generic_search,,,0
513716,13-05-2025,paid_social,retargeting,22-05-2025,annual,79.99
513717,13-05-2025,paid_search,brand_search,15-05-2025,annual,79.99
513718,13-05-2025,paid_social,prospecting_video,,,0
513719,13-05-2025,paid_social,retargeting,14-05-2025,monthly,9.99
513720,13-05-2025,paid_social,prospecting_video,,,0
513721,13-05-2025,paid_search,brand_search,14-05-2025,monthly,9.99
513722,13-05-2025,paid_social,retargeting,,,0
513723,13-05-2025,organic,,,,0
513724,13-05-2025,paid_social,retargeting,,,0
513725,13-05-2025,organic,,,,0
513726,13-05-2025,affiliate,finance_blogs,15-05-2025,monthly,29.97
513727,13-05-2025,paid_social,retargeting,,,0
513728,13-05-2025,paid_social,prospecting_video,,,0
513729,13-05-2025,organic,,,,0
513730,13-05-2025,affiliate,finance_blogs,,,0
513731,13-05-2025,affiliate,finance_blogs,,,0
513732,13-05-2025,paid_social,prospecting_video,,,0
513733,13-05-2025,paid_social,retargeting,,,0
513734,13-05-2025,paid_social,prospecting_video,,,0
513735,13-05-2025,affiliate,finance_blogs,,,0
513736,13-05-2025,paid_social,prospecting_video,,,0
513737,13-05-2025,paid_social,prospecting_video,,,0
513738,13-05-2025,paid_search,generic_search,14-05-2025,monthly,9.99
513739,13-05-2025,paid_social,prospecting_video,,,0
513740,13-05-2025,paid_social,prospecting_video,,,0
513741,13-05-2025,paid_search,generic_search,,,0
513742,13-05-2025,paid_search,brand_search,,,0
513743,13-05-2025,paid_social,retargeting,,,0
513744,13-05-2025,organic,,,,0
513745,13-05-2025,paid_social,prospecting_video,,,0
513746,13-05-2025,organic,,,,0
513747,13-05-2025,paid_social,retargeting,14-05-2025,monthly,29.97
513748,13-05-2025,organic,,,,0
513749,13-05-2025,paid_search,brand_search,,,0
513750,13-05-2025,paid_search,brand_search,,,0
513751,13-05-2025,paid_social,prospecting_video,,,0
513752,13-05-2025,paid_search,brand_search,,,0
513753,13-05-2025,paid_social,retargeting,,,0
513754,13-05-2025,paid_social,prospecting_video,,,0
513755,13-05-2025,paid_social,prospecting_video,,,0
513756,13-05-2025,paid_search,generic_search,,,0
513757,13-05-2025,paid_social,prospecting_video,,,0
513758,13-05-2025,paid_search,brand_search,,,0
513759,13-05-2025,paid_search,brand_search,,,0
513760,13-05-2025,referral,,,,0
513761,13-05-2025,paid_social,prospecting_video,,,0
513762,13-05-2025,paid_social,retargeting,,,0
513763,13-05-2025,paid_social,prospecting_video,,,0
513764,13-05-2025,organic,,,,0
513765,13-05-2025,paid_search,generic_search,,,0
513766,13-05-2025,paid_social,prospecting_video,,,0
513767,13-05-2025,paid_social,prospecting_video,,,0
513768,13-05-2025,organic,,,,0
513769,13-05-2025,paid_search,brand_search,,,0
513770,13-05-2025,organic,,,,0
513771,13-05-2025,paid_search,generic_search,16-05-2025,monthly,29.97
513772,13-05-2025,paid_social,retargeting,,,0
513773,13-05-2025,organic,,16-05-2025,monthly,29.97
513774,13-05-2025,paid_search,generic_search,15-05-2025,annual,79.99
513775,13-05-2025,paid_social,prospecting_video,,,0
513776,13-05-2025,organic,,,,0
513777,13-05-2025,organic,,,,0
513778,13-05-2025,paid_search,generic_search,,,0
513779,13-05-2025,organic,,,,0
513780,13-05-2025,paid_social,prospecting_video,,,0
513781,13-05-2025,paid_search,brand_search,15-05-2025,monthly,29.97
513782,13-05-2025,organic,,,,0
513783,13-05-2025,paid_social,prospecting_video,,,0
513784,13-05-2025,organic,,,,0
513785,13-05-2025,paid_social,retargeting,,,0
513786,13-05-2025,affiliate,finance_blogs,,,0
513787,13-05-2025,paid_social,retargeting,,,0
513788,13-05-2025,display,display_network,,,0
513789,13-05-2025,organic,,,,0
513790,13-05-2025,paid_social,retargeting,,,0
513791,13-05-2025,referral,,15-05-2025,annual,79.99
513792,13-05-2025,paid_social,prospecting_video,,,0
513793,13-05-2025,paid_social,prospecting_video,,,0
513794,13-05-2025,paid_search,brand_search,,,0
513795,13-05-2025,paid_social,prospecting_video,,,0
513796,13-05-2025,paid_social,retargeting,,,0
513797,13-05-2025,paid_social,prospecting_video,,,0
513798,13-05-2025,paid_social,retargeting,,,0
513799,13-05-2025,paid_search,generic_search,,,0
513800,13-05-2025,paid_social,prospecting_video,,,0
513801,13-05-2025,paid_social,retargeting,,,0
513802,13-05-2025,referral,,26-05-2025,annual,79.99
513803,13-05-2025,referral,,,,0
513804,13-05-2025,paid_search,brand_search,,,0
513805,13-05-2025,paid_search,brand_search,17-05-2025,monthly,29.97
513806,13-05-2025,paid_social,retargeting,,,0
513807,13-05-2025,paid_social,prospecting_video,,,0
513808,14-05-2025,paid_social,prospecting_video,,,0
513809,14-05-2025,paid_social,retargeting,23-05-2025,monthly,29.97
513810,14-05-2025,paid_social,retargeting,,,0
513811,14-05-2025,referral,,,,0
513812,14-05-2025,paid_social,prospecting_video,15-05-2025,monthly,29.97
513813,14-05-2025,organic,,,,0
513814,14-05-2025,paid_search,generic_search,,,0
513815,14-05-2025,paid_social,retargeting,,,0
513816,14-05-2025,organic,,,,0
513817,14-05-2025,paid_social,retargeting,,,0
513818,14-05-2025,paid_search,generic_search,,,0
513819,14-05-2025,referral,,,,0
513820,14-05-2025,paid_social,prospecting_video,,,0
513821,14-05-2025,paid_social,prospecting_video,,,0
513822,14-05-2025,paid_search,generic_search,,,0
513823,14-05-2025,paid_social,retargeting,16-05-2025,monthly,29.97
513824,14-05-2025,organic,,14-05-2025,annual,79.99
513825,14-05-2025,paid_social,retargeting,,,0
513826,14-05-2025,paid_social,prospecting_video,,,0
513827,14-05-2025,paid_search,brand_search,,,0
513828,14-05-2025,paid_search,brand_search,,,0
513829,14-05-2025,paid_social,prospecting_video,,,0
513830,14-05-2025,paid_social,prospecting_video,,,0
513831,14-05-2025,referral,,22-05-2025,monthly,29.97
513832,14-05-2025,paid_search,brand_search,18-05-2025,monthly,29.97
513833,14-05-2025,paid_social,prospecting_video,,,0
513834,14-05-2025,paid_social,prospecting_video,,,0
513835,14-05-2025,paid_search,brand_search,,,0
513836,14-05-2025,paid_social,prospecting_video,,,0
513837,14-05-2025,paid_search,brand_search,,,0
513838,14-05-2025,affiliate,finance_blogs,15-05-2025,annual,79.99
513839,14-05-2025,paid_social,prospecting_video,,,0
513840,14-05-2025,paid_social,retargeting,,,0
513841,14-05-2025,referral,,,,0
513842,14-05-2025,paid_social,prospecting_video,19-05-2025,monthly,29.97
513843,14-05-2025,paid_search,brand_search,26-05-2025,monthly,29.97
513844,14-05-2025,paid_search,generic_search,,,0
513845,14-05-2025,organic,,,,0
513846,14-05-2025,organic,,,,0
513847,14-05-2025,paid_search,generic_search,,,0
513848,14-05-2025,paid_social,prospecting_video,,,0
513849,14-05-2025,paid_search,generic_search,18-05-2025,monthly,29.97
513850,14-05-2025,paid_social,prospecting_video,,,0
513851,14-05-2025,organic,,,,0
513852,14-05-2025,paid_social,prospecting_video,27-05-2025,monthly,29.97
513853,14-05-2025,paid_social,retargeting,,,0
513854,14-05-2025,affiliate,finance_blogs,,,0
513855,14-05-2025,paid_social,retargeting,,,0
513856,14-05-2025,paid_social,prospecting_video,,,0
513857,14-05-2025,paid_social,prospecting_video,,,0
513858,14-05-2025,paid_social,prospecting_video,,,0
513859,14-05-2025,paid_social,prospecting_video,,,0
513860,14-05-2025,paid_search,brand_search,,,0
513861,14-05-2025,paid_social,retargeting,,,0
513862,14-05-2025,paid_search,generic_search,,,0
513863,14-05-2025,paid_search,generic_search,,,0
513864,14-05-2025,paid_social,prospecting_video,,,0
513865,14-05-2025,paid_search,brand_search,,,0
513866,14-05-2025,paid_social,prospecting_video,16-05-2025,monthly,19.98
513867,14-05-2025,paid_social,prospecting_video,,,0
513868,14-05-2025,organic,,,,0
513869,14-05-2025,organic,,,,0
513870,14-05-2025,organic,,17-05-2025,annual,79.99
513871,14-05-2025,paid_social,retargeting,,,0
513872,14-05-2025,paid_search,generic_search,,,0
513873,14-05-2025,paid_social,prospecting_video,23-05-2025,monthly,19.98
513874,14-05-2025,organic,,,,0
513875,14-05-2025,affiliate,finance_blogs,,,0
513876,14-05-2025,paid_social,prospecting_video,,,0
513877,14-05-2025,paid_social,prospecting_video,,,0
513878,14-05-2025,paid_social,retargeting,,,0
513879,14-05-2025,paid_search,brand_search,,,0
513880,14-05-2025,organic,,17-05-2025,monthly,29.97
513881,14-05-2025,paid_social,prospecting_video,,,0
513882,14-05-2025,paid_search,brand_search,,,0
513883,14-05-2025,paid_social,prospecting_video,,,0
513884,14-05-2025,paid_search,generic_search,,,0
513885,14-05-2025,organic,,,,0
513886,14-05-2025,affiliate,finance_blogs,,,0
513887,14-05-2025,paid_social,prospecting_video,,,0
513888,14-05-2025,paid_search,brand_search,,,0
513889,14-05-2025,paid_social,retargeting,21-05-2025,monthly,29.97
513890,14-05-2025,referral,,,,0
513891,14-05-2025,affiliate,finance_blogs,,,0
513892,14-05-2025,paid_social,prospecting_video,,,0
513893,14-05-2025,paid_social,prospecting_video,,,0
513894,14-05-2025,paid_search,generic_search,,,0
513895,14-05-2025,paid_social,prospecting_video,,,0
513896,14-05-2025,affiliate,finance_blogs,,,0
513897,14-05-2025,affiliate,finance_blogs,,,0
513898,14-05-2025,paid_search,generic_search,,,0
513899,14-05-2025,organic,,,,0
513900,14-05-2025,organic,,15-05-2025,annual,79.99
513901,14-05-2025,paid_social,prospecting_video,,,0
513902,14-05-2025,paid_social,prospecting_video,,,0
513903,14-05-2025,paid_social,prospecting_video,,,0
513904,14-05-2025,paid_social,prospecting_video,,,0
513905,14-05-2025,organic,,,,0
513906,14-05-2025,paid_social,prospecting_video,,,0
513907,14-05-2025,organic,,,,0
513908,14-05-2025,paid_social,prospecting_video,,,0
513909,14-05-2025,paid_social,retargeting,,,0
513910,14-05-2025,organic,,,,0
513911,14-05-2025,paid_social,prospecting_video,,,0
513912,14-05-2025,paid_social,prospecting_video,,,0
513913,14-05-2025,paid_social,retargeting,,,0
513914,14-05-2025,paid_social,prospecting_video,,,0
513915,14-05-2025,paid_social,retargeting,,,0
513916,14-05-2025,paid_social,retargeting,,,0
513917,14-05-2025,paid_search,generic_search,,,0
513918,14-05-2025,paid_social,prospecting_video,,,0
513919,14-05-2025,organic,,,,0
513920,14-05-2025,paid_search,brand_search,,,0
513921,14-05-2025,paid_social,prospecting_video,,,0
513922,14-05-2025,paid_search,brand_search,,,0
513923,14-05-2025,paid_search,brand_search,,,0
513924,14-05-2025,referral,,,,0
513925,14-05-2025,organic,,22-05-2025,monthly,29.97
513926,14-05-2025,paid_social,prospecting_video,,,0
513927,14-05-2025,paid_search,brand_search,25-05-2025,annual,79.99
513928,14-05-2025,organic,,,,0
513929,14-05-2025,referral,,17-05-2025,monthly,29.97
513930,14-05-2025,paid_social,prospecting_video,,,0
513931,14-05-2025,organic,,17-05-2025,annual,79.99
513932,14-05-2025,paid_social,retargeting,,,0
513933,14-05-2025,organic,,,,0
513934,14-05-2025,organic,,,,0
513935,15-05-2025,paid_search,generic_search,,,0
513936,15-05-2025,paid_search,generic_search,,,0
513937,15-05-2025,organic,,,,0
513938,15-05-2025,paid_social,prospecting_video,,,0
513939,15-05-2025,paid_social,prospecting_video,16-05-2025,monthly,29.97
513940,15-05-2025,paid_social,retargeting,,,0
513941,15-05-2025,paid_social,retargeting,,,0
513942,15-05-2025,paid_social,prospecting_video,,,0
513943,15-05-2025,paid_social,prospecting_video,,,0
513944,15-05-2025,paid_search,brand_search,,,0
513945,15-05-2025,paid_social,retargeting,,,0
513946,15-05-2025,paid_social,retargeting,,,0
513947,15-05-2025,paid_social,prospecting_video,,,0
513948,15-05-2025,paid_social,prospecting_video,,,0
513949,15-05-2025,paid_search,brand_search,20-05-2025,monthly,19.98
513950,15-05-2025,organic,,21-05-2025,annual,79.99
513951,15-05-2025,paid_social,retargeting,,,0
513952,15-05-2025,paid_search,generic_search,,,0
513953,15-05-2025,paid_social,prospecting_video,,,0
513954,15-05-2025,paid_social,prospecting_video,,,0
513955,15-05-2025,paid_social,retargeting,,,0
513956,15-05-2025,organic,,,,0
513957,15-05-2025,organic,,,,0
513958,15-05-2025,paid_search,generic_search,,,0
513959,15-05-2025,paid_social,retargeting,,,0
513960,15-05-2025,affiliate,finance_blogs,16-05-2025,monthly,19.98
513961,15-05-2025,paid_search,brand_search,,,0
513962,15-05-2025,paid_social,prospecting_video,,,0
513963,15-05-2025,paid_search,generic_search,,,0
513964,15-05-2025,paid_search,brand_search,,,0
513965,15-05-2025,paid_social,prospecting_video,,,0
513966,15-05-2025,organic,,,,0
513967,15-05-2025,paid_social,prospecting_video,,,0
513968,15-05-2025,paid_search,generic_search,,,0
513969,15-05-2025,paid_social,retargeting,15-05-2025,monthly,9.99
513970,15-05-2025,paid_search,brand_search,28-05-2025,monthly,29.97
513971,15-05-2025,organic,,,,0
513972,15-05-2025,affiliate,finance_blogs,,,0
513973,15-05-2025,organic,,,,0
513974,15-05-2025,paid_search,brand_search,,,0
513975,15-05-2025,paid_search,generic_search,,,0
513976,15-05-2025,organic,,,,0
513977,15-05-2025,paid_search,generic_search,,,0
513978,15-05-2025,affiliate,finance_blogs,,,0
513979,15-05-2025,organic,,,,0
513980,15-05-2025,paid_social,retargeting,18-05-2025,monthly,29.97
513981,15-05-2025,paid_search,generic_search,,,0
513982,15-05-2025,paid_search,generic_search,15-05-2025,monthly,29.97
513983,15-05-2025,paid_social,prospecting_video,,,0
513984,15-05-2025,paid_social,prospecting_video,,,0
513985,15-05-2025,paid_social,retargeting,,,0
513986,15-05-2025,paid_social,prospecting_video,,,0
513987,15-05-2025,paid_search,generic_search,,,0
513988,15-05-2025,affiliate,finance_blogs,22-05-2025,annual,79.99
513989,15-05-2025,referral,,,,0
513990,15-05-2025,organic,,,,0
513991,15-05-2025,organic,,,,0
513992,15-05-2025,paid_social,retargeting,,,0
513993,15-05-2025,paid_social,prospecting_video,,,0
513994,15-05-2025,paid_social,retargeting,,,0
513995,15-05-2025,organic,,,,0
513996,15-05-2025,paid_social,prospecting_video,,,0
513997,15-05-2025,paid_social,prospecting_video,15-05-2025,monthly,19.98
513998,15-05-2025,organic,,,,0
513999,15-05-2025,paid_search,generic_search,,,0
514000,15-05-2025,organic,,,,0
514001,15-05-2025,paid_social,prospecting_video,,,0
514002,15-05-2025,paid_social,prospecting_video,,,0
514003,15-05-2025,paid_social,prospecting_video,,,0
514004,15-05-2025,paid_social,prospecting_video,,,0
514005,15-05-2025,paid_social,prospecting_video,,,0
514006,15-05-2025,paid_social,retargeting,,,0
514007,15-05-2025,paid_search,brand_search,,,0
514008,15-05-2025,paid_social,prospecting_video,,,0
514009,15-05-2025,paid_search,brand_search,,,0
514010,15-05-2025,paid_social,prospecting_video,,,0
514011,15-05-2025,paid_social,prospecting_video,,,0
514012,15-05-2025,paid_social,retargeting,,,0
514013,15-05-2025,organic,,,,0
514014,15-05-2025,paid_search,generic_search,,,0
514015,15-05-2025,paid_search,brand_search,,,0
514016,15-05-2025,organic,,,,0
514017,15-05-2025,paid_social,prospecting_video,,,0
514018,15-05-2025,affiliate,finance_blogs,,,0
514019,15-05-2025,paid_search,brand_search,,,0
514020,15-05-2025,affiliate,finance_blogs,,,0
514021,15-05-2025,paid_social,prospecting_video,,,0
514022,15-05-2025,paid_social,retargeting,22-05-2025,monthly,29.97
514023,15-05-2025,organic,,,,0
514024,15-05-2025,paid_social,retargeting,,,0
514025,15-05-2025,paid_social,prospecting_video,,,0
514026,15-05-2025,paid_search,brand_search,16-05-2025,monthly,19.98
514027,15-05-2025,organic,,,,0
514028,15-05-2025,paid_social,prospecting_video,,,0
514029,15-05-2025,paid_social,retargeting,18-05-2025,monthly,29.97
514030,15-05-2025,organic,,20-05-2025,monthly,29.97
514031,15-05-2025,organic,,,,0
514032,15-05-2025,paid_social,retargeting,,,0
514033,15-05-2025,affiliate,finance_blogs,,,0
514034,15-05-2025,organic,,,,0
514035,15-05-2025,referral,,15-05-2025,monthly,29.97
514036,15-05-2025,organic,,,,0
514037,15-05-2025,paid_social,prospecting_video,,,0
514038,16-05-2025,paid_search,brand_search,16-05-2025,monthly,29.97
514039,16-05-2025,paid_social,retargeting,,,0
514040,16-05-2025,paid_search,brand_search,,,0
514041,16-05-2025,paid_social,retargeting,,,0
514042,16-05-2025,organic,,16-05-2025,monthly,29.97
514043,16-05-2025,paid_search,brand_search,,,0
514044,16-05-2025,paid_social,prospecting_video,,,0
514045,16-05-2025,paid_search,brand_search,18-05-2025,annual,79.99
514046,16-05-2025,paid_social,prospecting_video,,,0
514047,16-05-2025,paid_social,prospecting_video,,,0
514048,16-05-2025,referral,,19-05-2025,monthly,29.97
514049,16-05-2025,organic,,,,0
514050,16-05-2025,organic,,,,0
514051,16-05-2025,paid_social,prospecting_video,,,0
514052,16-05-2025,paid_social,prospecting_video,,,0
514053,16-05-2025,paid_search,brand_search,,,0
514054,16-05-2025,paid_search,brand_search,,,0
514055,16-05-2025,paid_social,prospecting_video,,,0
514056,16-05-2025,paid_social,prospecting_video,,,0
514057,16-05-2025,organic,,,,0
514058,16-05-2025,referral,,21-05-2025,monthly,29.97
514059,16-05-2025,paid_search,generic_search,17-05-2025,monthly,29.97
514060,16-05-2025,paid_search,generic_search,,,0
514061,16-05-2025,paid_social,prospecting_video,,,0
514062,16-05-2025,paid_social,prospecting_video,,,0
514063,16-05-2025,paid_social,prospecting_video,,,0
514064,16-05-2025,paid_social,retargeting,,,0
514065,16-05-2025,paid_search,brand_search,17-05-2025,annual,79.99
514066,16-05-2025,paid_social,retargeting,,,0
514067,16-05-2025,paid_search,generic_search,,,0
514068,16-05-2025,paid_social,prospecting_video,,,0
514069,16-05-2025,paid_search,brand_search,,,0
514070,16-05-2025,paid_social,retargeting,16-05-2025,monthly,29.97
514071,16-05-2025,paid_social,prospecting_video,,,0
514072,16-05-2025,paid_social,prospecting_video,,,0
514073,16-05-2025,paid_search,generic_search,,,0
514074,16-05-2025,organic,,,,0
514075,16-05-2025,organic,,,,0
514076,16-05-2025,paid_search,generic_search,,,0
514077,16-05-2025,paid_social,retargeting,,,0
514078,16-05-2025,paid_search,brand_search,,,0
514079,16-05-2025,paid_social,prospecting_video,,,0
514080,16-05-2025,paid_social,prospecting_video,,,0
514081,16-05-2025,paid_social,retargeting,,,0
514082,16-05-2025,organic,,,,0
514083,16-05-2025,organic,,16-05-2025,monthly,9.99
514084,16-05-2025,paid_search,brand_search,,,0
514085,16-05-2025,paid_search,brand_search,20-05-2025,monthly,29.97
514086,16-05-2025,paid_social,prospecting_video,,,0
514087,16-05-2025,paid_social,prospecting_video,,,0
514088,16-05-2025,paid_social,retargeting,,,0
514089,16-05-2025,paid_social,prospecting_video,,,0
514090,16-05-2025,organic,,,,0
514091,16-05-2025,paid_search,generic_search,,,0
514092,16-05-2025,organic,,,,0
514093,16-05-2025,organic,,,,0
514094,16-05-2025,organic,,,,0
514095,16-05-2025,paid_social,prospecting_video,,,0
514096,16-05-2025,paid_search,generic_search,,,0
514097,16-05-2025,referral,,27-05-2025,annual,79.99
514098,16-05-2025,referral,,,,0
514099,16-05-2025,paid_search,brand_search,,,0
514100,16-05-2025,organic,,,,0
514101,16-05-2025,paid_search,generic_search,,,0
514102,16-05-2025,paid_social,prospecting_video,,,0
514103,16-05-2025,paid_search,generic_search,23-05-2025,annual,79.99
514104,16-05-2025,paid_social,prospecting_video,,,0
514105,16-05-2025,paid_social,prospecting_video,,,0
514106,16-05-2025,organic,,,,0
514107,16-05-2025,organic,,,,0
514108,16-05-2025,organic,,,,0
514109,16-05-2025,paid_social,prospecting_video,,,0
514110,16-05-2025,organic,,,,0
514111,16-05-2025,paid_search,brand_search,,,0
514112,16-05-2025,paid_search,brand_search,,,0
514113,16-05-2025,organic,,16-05-2025,annual,79.99
514114,16-05-2025,paid_search,brand_search,,,0
514115,16-05-2025,paid_search,generic_search,,,0
514116,16-05-2025,paid_search,generic_search,,,0
514117,16-05-2025,paid_social,prospecting_video,,,0
514118,16-05-2025,organic,,,,0
514119,16-05-2025,paid_social,prospecting_video,,,0
514120,16-05-2025,organic,,,,0
514121,16-05-2025,paid_social,prospecting_video,,,0
514122,16-05-2025,paid_social,retargeting,,,0
514123,16-05-2025,paid_social,retargeting,,,0
514124,16-05-2025,organic,,,,0
514125,16-05-2025,paid_social,prospecting_video,,,0
514126,16-05-2025,organic,,,,0
514127,16-05-2025,paid_social,prospecting_video,,,0
514128,16-05-2025,paid_social,prospecting_video,,,0
514129,16-05-2025,referral,,,,0
514130,16-05-2025,paid_social,retargeting,18-05-2025,annual,79.99
514131,16-05-2025,paid_social,prospecting_video,26-05-2025,monthly,29.97
514132,16-05-2025,paid_social,retargeting,,,0
514133,16-05-2025,organic,,,,0
514134,16-05-2025,organic,,,,0
514135,16-05-2025,referral,,18-05-2025,annual,79.99
514136,16-05-2025,paid_social,prospecting_video,,,0
514137,17-05-2025,organic,,,,0
514138,17-05-2025,paid_search,brand_search,,,0
514139,17-05-2025,paid_search,brand_search,20-05-2025,monthly,29.97
514140,17-05-2025,organic,,,,0
514141,17-05-2025,referral,,,,0
514142,17-05-2025,paid_search,generic_search,20-05-2025,monthly,29.97
514143,17-05-2025,paid_search,generic_search,,,0
514144,17-05-2025,paid_social,prospecting_video,,,0
514145,17-05-2025,paid_social,prospecting_video,,,0
514146,17-05-2025,organic,,,,0
514147,17-05-2025,paid_search,generic_search,,,0
514148,17-05-2025,paid_search,generic_search,,,0
514149,17-05-2025,organic,,,,0
514150,17-05-2025,organic,,,,0
514151,17-05-2025,organic,,,,0
514152,17-05-2025,paid_social,prospecting_video,,,0
514153,17-05-2025,paid_search,brand_search,,,0
514154,17-05-2025,paid_search,brand_search,,,0
514155,17-05-2025,paid_social,retargeting,,,0
514156,17-05-2025,paid_social,prospecting_video,,,0
514157,17-05-2025,paid_social,prospecting_video,,,0
514158,17-05-2025,affiliate,finance_blogs,19-05-2025,monthly,19.98
514159,17-05-2025,paid_social,prospecting_video,,,0
514160,17-05-2025,paid_search,brand_search,,,0
514161,17-05-2025,paid_social,prospecting_video,,,0
514162,17-05-2025,paid_search,generic_search,19-05-2025,monthly,9.99
514163,17-05-2025,paid_search,brand_search,,,0
514164,17-05-2025,organic,,,,0
514165,17-05-2025,paid_search,brand_search,20-05-2025,monthly,9.99
514166,17-05-2025,organic,,,,0
514167,17-05-2025,paid_search,generic_search,,,0
514168,17-05-2025,paid_social,prospecting_video,,,0
514169,17-05-2025,paid_search,brand_search,,,0
514170,17-05-2025,paid_social,prospecting_video,,,0
514171,17-05-2025,organic,,27-05-2025,monthly,9.99
514172,17-05-2025,paid_social,prospecting_video,19-05-2025,monthly,29.97
514173,17-05-2025,organic,,,,0
514174,17-05-2025,paid_social,prospecting_video,,,0
514175,17-05-2025,paid_social,prospecting_video,,,0
514176,17-05-2025,paid_social,retargeting,20-05-2025,monthly,29.97
514177,17-05-2025,paid_social,prospecting_video,,,0
514178,17-05-2025,organic,,,,0
514179,17-05-2025,paid_social,prospecting_video,,,0
514180,17-05-2025,referral,,19-05-2025,monthly,29.97
514181,17-05-2025,paid_social,prospecting_video,,,0
514182,17-05-2025,referral,,,,0
514183,17-05-2025,paid_search,brand_search,17-05-2025,monthly,29.97
514184,17-05-2025,paid_search,generic_search,,,0
514185,17-05-2025,paid_social,prospecting_video,,,0
514186,17-05-2025,organic,,,,0
514187,17-05-2025,paid_social,retargeting,,,0
514188,17-05-2025,organic,,,,0
514189,17-05-2025,organic,,,,0
514190,17-05-2025,paid_search,brand_search,,,0
514191,17-05-2025,organic,,,,0
514192,17-05-2025,organic,,,,0
514193,17-05-2025,paid_social,prospecting_video,,,0
514194,17-05-2025,affiliate,finance_blogs,,,0
514195,17-05-2025,paid_search,generic_search,18-05-2025,monthly,29.97
514196,17-05-2025,organic,,,,0
514197,17-05-2025,paid_social,prospecting_video,,,0
514198,17-05-2025,paid_search,brand_search,,,0
514199,17-05-2025,paid_social,prospecting_video,,,0
514200,17-05-2025,paid_search,generic_search,24-05-2025,annual,79.99
514201,17-05-2025,organic,,21-05-2025,monthly,19.98
514202,17-05-2025,paid_social,retargeting,,,0
514203,17-05-2025,paid_social,retargeting,,,0
514204,17-05-2025,paid_search,brand_search,30-05-2025,monthly,29.97
514205,17-05-2025,organic,,,,0
514206,17-05-2025,organic,,,,0
514207,17-05-2025,paid_search,generic_search,,,0
514208,17-05-2025,organic,,,,0
514209,17-05-2025,paid_social,prospecting_video,,,0
514210,17-05-2025,organic,,,,0
514211,17-05-2025,paid_search,brand_search,,,0
514212,17-05-2025,paid_social,retargeting,,,0
514213,17-05-2025,referral,,30-05-2025,monthly,29.97
514214,17-05-2025,paid_social,prospecting_video,,,0
514215,17-05-2025,paid_social,prospecting_video,,,0
514216,17-05-2025,affiliate,finance_blogs,,,0
514217,17-05-2025,paid_social,prospecting_video,,,0
514218,17-05-2025,paid_search,brand_search,,,0
514219,17-05-2025,paid_social,retargeting,,,0
514220,17-05-2025,paid_social,prospecting_video,,,0
514221,17-05-2025,organic,,,,0
514222,17-05-2025,paid_search,brand_search,,,0
514223,17-05-2025,paid_social,prospecting_video,,,0
514224,17-05-2025,organic,,18-05-2025,annual,79.99
514225,17-05-2025,paid_search,generic_search,,,0
514226,17-05-2025,organic,,,,0
514227,17-05-2025,paid_search,generic_search,,,0
514228,17-05-2025,referral,,,,0
514229,17-05-2025,organic,,,,0
514230,17-05-2025,paid_social,prospecting_video,,,0
514231,17-05-2025,paid_social,retargeting,,,0
514232,17-05-2025,paid_social,prospecting_video,,,0
514233,17-05-2025,paid_social,prospecting_video,,,0
514234,17-05-2025,organic,,,,0
514235,17-05-2025,paid_social,prospecting_video,,,0
514236,17-05-2025,organic,,,,0
514237,17-05-2025,paid_social,prospecting_video,,,0
514238,17-05-2025,paid_social,prospecting_video,,,0
514239,17-05-2025,referral,,,,0
514240,17-05-2025,organic,,,,0
514241,18-05-2025,paid_social,prospecting_video,,,0
514242,18-05-2025,paid_social,prospecting_video,,,0
514243,18-05-2025,organic,,,,0
514244,18-05-2025,paid_social,prospecting_video,,,0
514245,18-05-2025,paid_social,prospecting_video,,,0
514246,18-05-2025,paid_social,prospecting_video,,,0
514247,18-05-2025,paid_social,prospecting_video,,,0
514248,18-05-2025,organic,,,,0
514249,18-05-2025,paid_social,prospecting_video,,,0
514250,18-05-2025,referral,,20-05-2025,monthly,29.97
514251,18-05-2025,organic,,26-05-2025,monthly,29.97
514252,18-05-2025,referral,,29-05-2025,monthly,29.97
514253,18-05-2025,affiliate,finance_blogs,,,0
514254,18-05-2025,referral,,,,0
514255,18-05-2025,organic,,,,0
514256,18-05-2025,organic,,,,0
514257,18-05-2025,organic,,,,0
514258,18-05-2025,paid_social,prospecting_video,,,0
514259,18-05-2025,paid_social,prospecting_video,,,0
514260,18-05-2025,paid_search,brand_search,,,0
514261,18-05-2025,paid_search,generic_search,,,0
514262,18-05-2025,referral,,,,0
514263,18-05-2025,paid_social,prospecting_video,,,0
514264,18-05-2025,organic,,,,0
514265,18-05-2025,paid_social,retargeting,19-05-2025,monthly,19.98
514266,18-05-2025,organic,,,,0
514267,18-05-2025,paid_social,prospecting_video,,,0
514268,18-05-2025,paid_social,prospecting_video,,,0
514269,18-05-2025,paid_social,prospecting_video,,,0
514270,18-05-2025,paid_search,brand_search,,,0
514271,18-05-2025,affiliate,finance_blogs,,,0
514272,18-05-2025,paid_social,prospecting_video,,,0
514273,18-05-2025,organic,,22-05-2025,annual,79.99
514274,18-05-2025,organic,,,,0
514275,18-05-2025,paid_social,prospecting_video,,,0
514276,18-05-2025,referral,,,,0
514277,18-05-2025,paid_social,prospecting_video,,,0
514278,18-05-2025,paid_search,generic_search,,,0
514279,18-05-2025,organic,,,,0
514280,18-05-2025,paid_social,retargeting,20-05-2025,annual,79.99
514281,18-05-2025,organic,,,,0
514282,18-05-2025,paid_search,brand_search,,,0
514283,18-05-2025,paid_social,prospecting_video,,,0
514284,18-05-2025,organic,,,,0
514285,18-05-2025,organic,,,,0
514286,18-05-2025,organic,,,,0
514287,18-05-2025,paid_search,generic_search,,,0
514288,18-05-2025,referral,,19-05-2025,monthly,29.97
514289,18-05-2025,organic,,,,0
514290,18-05-2025,referral,,,,0
514291,18-05-2025,paid_social,retargeting,,,0
514292,18-05-2025,paid_search,generic_search,20-05-2025,monthly,29.97
514293,18-05-2025,paid_search,generic_search,24-05-2025,monthly,19.98
514294,18-05-2025,organic,,,,0
514295,18-05-2025,paid_social,prospecting_video,,,0
514296,18-05-2025,paid_social,retargeting,,,0
514297,18-05-2025,referral,,18-05-2025,monthly,29.97
514298,18-05-2025,organic,,,,0
514299,18-05-2025,paid_social,prospecting_video,,,0
514300,18-05-2025,referral,,,,0
514301,18-05-2025,paid_social,prospecting_video,,,0
514302,18-05-2025,paid_social,prospecting_video,,,0
514303,18-05-2025,paid_search,generic_search,,,0
514304,18-05-2025,organic,,,,0
514305,18-05-2025,paid_social,prospecting_video,,,0
514306,18-05-2025,paid_search,generic_search,21-05-2025,monthly,29.97
514307,18-05-2025,paid_search,brand_search,,,0
514308,18-05-2025,paid_search,brand_search,,,0
514309,18-05-2025,paid_search,brand_search,,,0
514310,18-05-2025,paid_social,prospecting_video,,,0
514311,18-05-2025,affiliate,finance_blogs,,,0
514312,18-05-2025,paid_search,brand_search,,,0
514313,18-05-2025,paid_search,generic_search,22-05-2025,annual,79.99
514314,18-05-2025,referral,,,,0
514315,18-05-2025,referral,,,,0
514316,18-05-2025,paid_social,retargeting,,,0
514317,18-05-2025,paid_social,prospecting_video,,,0
514318,18-05-2025,organic,,,,0
514319,18-05-2025,paid_search,brand_search,,,0
514320,18-05-2025,affiliate,finance_blogs,,,0
514321,18-05-2025,organic,,,,0
514322,18-05-2025,organic,,,,0
514323,18-05-2025,affiliate,finance_blogs,18-05-2025,monthly,19.98
514324,18-05-2025,organic,,,,0
514325,18-05-2025,paid_social,prospecting_video,,,0
514326,18-05-2025,paid_search,brand_search,19-05-2025,monthly,19.98
514327,18-05-2025,referral,,22-05-2025,monthly,29.97
514328,18-05-2025,organic,,21-05-2025,annual,79.99
514329,18-05-2025,organic,,,,0
514330,18-05-2025,paid_search,generic_search,,,0
514331,18-05-2025,paid_social,prospecting_video,,,0
514332,18-05-2025,organic,,,,0
514333,18-05-2025,paid_social,prospecting_video,,,0
514334,18-05-2025,paid_social,prospecting_video,,,0
514335,18-05-2025,paid_search,brand_search,,,0
514336,18-05-2025,paid_social,retargeting,,,0
514337,18-05-2025,paid_social,retargeting,,,0
514338,18-05-2025,paid_search,brand_search,,,0
514339,18-05-2025,referral,,,,0
514340,19-05-2025,paid_social,prospecting_video,21-05-2025,monthly,29.97
514341,19-05-2025,paid_social,prospecting_video,,,0
514342,19-05-2025,paid_social,prospecting_video,,,0
514343,19-05-2025,paid_social,retargeting,,,0
514344,19-05-2025,organic,,,,0
514345,19-05-2025,paid_social,retargeting,,,0
514346,19-05-2025,paid_search,generic_search,,,0
514347,19-05-2025,paid_social,prospecting_video,,,0
514348,19-05-2025,paid_social,prospecting_video,,,0
514349,19-05-2025,organic,,,,0
514350,19-05-2025,paid_search,brand_search,,,0
514351,19-05-2025,paid_social,prospecting_video,,,0
514352,19-05-2025,organic,,,,0
514353,19-05-2025,paid_social,prospecting_video,,,0
514354,19-05-2025,paid_search,generic_search,,,0
514355,19-05-2025,paid_social,prospecting_video,,,0
514356,19-05-2025,paid_search,brand_search,,,0
514357,19-05-2025,paid_social,prospecting_video,,,0
514358,19-05-2025,organic,,,,0
514359,19-05-2025,paid_social,retargeting,,,0
514360,19-05-2025,affiliate,finance_blogs,19-05-2025,monthly,29.97
514361,19-05-2025,organic,,,,0
514362,19-05-2025,paid_social,prospecting_video,,,0
514363,19-05-2025,paid_social,prospecting_video,,,0
514364,19-05-2025,paid_search,generic_search,,,0
514365,19-05-2025,paid_social,prospecting_video,,,0
514366,19-05-2025,paid_social,prospecting_video,,,0
514367,19-05-2025,paid_social,prospecting_video,,,0
514368,19-05-2025,paid_social,prospecting_video,,,0
514369,19-05-2025,organic,,,,0
514370,19-05-2025,referral,,,,0
514371,19-05-2025,affiliate,finance_blogs,,,0
514372,19-05-2025,paid_social,prospecting_video,,,0
514373,19-05-2025,referral,,,,0
514374,19-05-2025,organic,,,,0
514375,19-05-2025,paid_social,prospecting_video,,,0
514376,19-05-2025,paid_social,prospecting_video,,,0
514377,19-05-2025,paid_social,prospecting_video,,,0
514378,19-05-2025,paid_search,generic_search,,,0
514379,19-05-2025,paid_search,generic_search,,,0
514380,19-05-2025,affiliate,finance_blogs,,,0
514381,19-05-2025,paid_social,prospecting_video,,,0
514382,19-05-2025,paid_social,retargeting,,,0
514383,19-05-2025,paid_social,prospecting_video,,,0
514384,19-05-2025,organic,,,,0
514385,19-05-2025,paid_social,prospecting_video,,,0
514386,19-05-2025,paid_search,generic_search,,,0
514387,19-05-2025,paid_search,brand_search,,,0
514388,19-05-2025,paid_social,prospecting_video,,,0
514389,19-05-2025,paid_search,generic_search,,,0
514390,19-05-2025,paid_social,prospecting_video,,,0
514391,19-05-2025,paid_social,prospecting_video,,,0
514392,19-05-2025,paid_search,generic_search,22-05-2025,monthly,29.97
514393,19-05-2025,paid_social,retargeting,,,0
514394,19-05-2025,paid_search,brand_search,25-05-2025,monthly,9.99
514395,19-05-2025,organic,,,,0
514396,19-05-2025,paid_social,prospecting_video,,,0
514397,19-05-2025,paid_social,retargeting,,,0
514398,19-05-2025,referral,,,,0
514399,19-05-2025,organic,,,,0
514400,19-05-2025,paid_search,brand_search,,,0
514401,19-05-2025,affiliate,finance_blogs,,,0
514402,19-05-2025,paid_social,prospecting_video,,,0
514403,19-05-2025,organic,,19-05-2025,monthly,19.98
514404,19-05-2025,organic,,19-05-2025,monthly,19.98
514405,19-05-2025,paid_social,prospecting_video,,,0
514406,19-05-2025,organic,,21-05-2025,monthly,29.97
514407,19-05-2025,paid_social,prospecting_video,,,0
514408,19-05-2025,paid_search,brand_search,,,0
514409,19-05-2025,organic,,,,0
514410,19-05-2025,paid_search,brand_search,21-05-2025,annual,79.99
514411,19-05-2025,paid_search,brand_search,,,0
514412,19-05-2025,paid_search,brand_search,,,0
514413,19-05-2025,paid_social,prospecting_video,,,0
514414,19-05-2025,organic,,,,0
514415,19-05-2025,organic,,,,0
514416,19-05-2025,paid_social,prospecting_video,,,0
514417,19-05-2025,organic,,,,0
514418,19-05-2025,organic,,,,0
514419,19-05-2025,paid_social,retargeting,,,0
514420,19-05-2025,paid_social,retargeting,20-05-2025,monthly,19.98
514421,19-05-2025,paid_search,brand_search,,,0
514422,19-05-2025,paid_social,prospecting_video,,,0
514423,19-05-2025,paid_social,prospecting_video,,,0
514424,19-05-2025,paid_search,generic_search,,,0
514425,19-05-2025,paid_social,retargeting,,,0
514426,19-05-2025,affiliate,finance_blogs,26-05-2025,monthly,19.98
514427,19-05-2025,referral,,27-05-2025,annual,79.99
514428,19-05-2025,paid_search,generic_search,,,0
514429,19-05-2025,paid_search,brand_search,,,0
514430,19-05-2025,organic,,,,0
514431,19-05-2025,organic,,,,0
514432,19-05-2025,paid_social,prospecting_video,,,0
514433,19-05-2025,paid_social,prospecting_video,,,0
514434,19-05-2025,paid_social,prospecting_video,,,0
514435,19-05-2025,paid_social,retargeting,20-05-2025,monthly,29.97
514436,19-05-2025,paid_social,prospecting_video,,,0
514437,19-05-2025,paid_social,retargeting,,,0
514438,19-05-2025,affiliate,finance_blogs,,,0
514439,19-05-2025,paid_social,prospecting_video,,,0
514440,19-05-2025,paid_social,prospecting_video,,,0
514441,19-05-2025,paid_social,prospecting_video,,,0
514442,19-05-2025,paid_search,generic_search,19-05-2025,monthly,9.99
514443,19-05-2025,paid_social,retargeting,,,0
514444,19-05-2025,paid_social,prospecting_video,,,0
514445,19-05-2025,organic,,,,0
514446,19-05-2025,organic,,19-05-2025,monthly,29.97
514447,19-05-2025,paid_social,prospecting_video,,,0
514448,19-05-2025,paid_search,generic_search,,,0
514449,19-05-2025,organic,,,,0
514450,19-05-2025,paid_social,retargeting,,,0
514451,19-05-2025,paid_search,brand_search,,,0
514452,19-05-2025,paid_social,retargeting,,,0
514453,19-05-2025,paid_social,prospecting_video,,,0
514454,19-05-2025,paid_social,prospecting_video,,,0
514455,19-05-2025,organic,,,,0
514456,20-05-2025,paid_social,prospecting_video,,,0
514457,20-05-2025,organic,,,,0
514458,20-05-2025,paid_social,retargeting,27-05-2025,annual,79.99
514459,20-05-2025,paid_social,prospecting_video,,,0
514460,20-05-2025,paid_social,prospecting_video,,,0
514461,20-05-2025,paid_social,prospecting_video,,,0
514462,20-05-2025,paid_social,prospecting_video,,,0
514463,20-05-2025,paid_social,retargeting,,,0
514464,20-05-2025,paid_social,retargeting,,,0
514465,20-05-2025,paid_search,brand_search,21-05-2025,annual,79.99
514466,20-05-2025,paid_social,retargeting,,,0
514467,20-05-2025,paid_social,retargeting,,,0
514468,20-05-2025,paid_social,retargeting,20-05-2025,monthly,29.97
514469,20-05-2025,paid_social,prospecting_video,,,0
514470,20-05-2025,paid_social,prospecting_video,,,0
514471,20-05-2025,paid_social,retargeting,,,0
514472,20-05-2025,paid_social,retargeting,,,0
514473,20-05-2025,paid_social,prospecting_video,,,0
514474,20-05-2025,paid_social,prospecting_video,,,0
514475,20-05-2025,paid_social,prospecting_video,,,0
514476,20-05-2025,paid_social,prospecting_video,,,0
514477,20-05-2025,paid_social,prospecting_video,,,0
514478,20-05-2025,paid_search,brand_search,,,0
514479,20-05-2025,affiliate,finance_blogs,,,0
514480,20-05-2025,paid_search,generic_search,,,0
514481,20-05-2025,paid_search,brand_search,,,0
514482,20-05-2025,organic,,,,0
514483,20-05-2025,paid_social,prospecting_video,,,0
514484,20-05-2025,paid_social,prospecting_video,,,0
514485,20-05-2025,paid_social,retargeting,29-05-2025,annual,79.99
514486,20-05-2025,paid_search,generic_search,,,0
514487,20-05-2025,organic,,,,0
514488,20-05-2025,organic,,,,0
514489,20-05-2025,organic,,,,0
514490,20-05-2025,paid_search,brand_search,,,0
514491,20-05-2025,paid_social,retargeting,,,0
514492,20-05-2025,organic,,,,0
514493,20-05-2025,paid_social,prospecting_video,,,0
514494,20-05-2025,organic,,,,0
514495,20-05-2025,organic,,,,0
514496,20-05-2025,paid_search,generic_search,,,0
514497,20-05-2025,paid_search,generic_search,,,0
514498,20-05-2025,paid_social,prospecting_video,,,0
514499,20-05-2025,paid_social,retargeting,,,0
514500,20-05-2025,paid_social,prospecting_video,,,0
514501,20-05-2025,paid_social,prospecting_video,,,0
514502,20-05-2025,paid_social,prospecting_video,,,0
514503,20-05-2025,paid_search,generic_search,,,0
514504,20-05-2025,organic,,,,0
514505,20-05-2025,organic,,,,0
514506,20-05-2025,paid_social,prospecting_video,,,0
514507,20-05-2025,paid_social,retargeting,20-05-2025,monthly,29.97
514508,20-05-2025,paid_social,prospecting_video,,,0
514509,20-05-2025,paid_social,retargeting,,,0
514510,20-05-2025,paid_social,prospecting_video,,,0
514511,20-05-2025,paid_search,generic_search,,,0
514512,20-05-2025,paid_social,prospecting_video,,,0
514513,20-05-2025,paid_search,brand_search,31-05-2025,monthly,19.98
514514,20-05-2025,referral,,,,0
514515,20-05-2025,paid_social,prospecting_video,,,0
514516,20-05-2025,paid_search,generic_search,,,0
514517,20-05-2025,paid_social,prospecting_video,,,0
514518,20-05-2025,paid_search,generic_search,,,0
514519,20-05-2025,paid_search,generic_search,,,0
514520,20-05-2025,organic,,,,0
514521,20-05-2025,paid_search,generic_search,24-05-2025,monthly,9.99
514522,20-05-2025,paid_social,retargeting,,,0
514523,20-05-2025,paid_social,retargeting,,,0
514524,20-05-2025,organic,,,,0
514525,20-05-2025,paid_social,prospecting_video,,,0
514526,20-05-2025,organic,,,,0
514527,20-05-2025,affiliate,finance_blogs,,,0
514528,20-05-2025,paid_search,generic_search,,,0
514529,20-05-2025,paid_search,brand_search,20-05-2025,monthly,19.98
514530,20-05-2025,organic,,,,0
514531,20-05-2025,paid_social,prospecting_video,,,0
514532,20-05-2025,paid_social,prospecting_video,,,0
514533,20-05-2025,paid_social,prospecting_video,,,0
514534,20-05-2025,organic,,,,0
514535,20-05-2025,organic,,,,0
514536,20-05-2025,paid_search,brand_search,,,0
514537,20-05-2025,paid_search,generic_search,,,0
514538,20-05-2025,paid_social,prospecting_video,,,0
514539,20-05-2025,paid_search,brand_search,,,0
514540,20-05-2025,paid_social,prospecting_video,,,0
514541,20-05-2025,paid_social,prospecting_video,,,0
514542,20-05-2025,paid_social,prospecting_video,,,0
514543,20-05-2025,paid_social,retargeting,,,0
514544,20-05-2025,paid_social,prospecting_video,,,0
514545,20-05-2025,paid_social,prospecting_video,,,0
514546,20-05-2025,paid_social,prospecting_video,,,0
514547,20-05-2025,paid_social,retargeting,,,0
514548,20-05-2025,paid_social,retargeting,20-05-2025,monthly,29.97
514549,20-05-2025,referral,,,,0
514550,20-05-2025,paid_social,retargeting,,,0
514551,20-05-2025,paid_search,brand_search,,,0
514552,20-05-2025,paid_social,retargeting,,,0
514553,21-05-2025,paid_search,generic_search,24-05-2025,monthly,9.99
514554,21-05-2025,organic,,,,0
514555,21-05-2025,paid_social,retargeting,23-05-2025,monthly,19.98
514556,21-05-2025,paid_social,retargeting,,,0
514557,21-05-2025,paid_social,prospecting_video,,,0
514558,21-05-2025,paid_social,prospecting_video,,,0
514559,21-05-2025,paid_social,prospecting_video,,,0
514560,21-05-2025,paid_social,retargeting,30-05-2025,monthly,19.98
514561,21-05-2025,paid_social,prospecting_video,,,0
514562,21-05-2025,paid_search,brand_search,,,0
514563,21-05-2025,affiliate,finance_blogs,,,0
514564,21-05-2025,paid_search,generic_search,,,0
514565,21-05-2025,paid_social,prospecting_video,,,0
514566,21-05-2025,paid_social,retargeting,,,0
514567,21-05-2025,paid_social,retargeting,,,0
514568,21-05-2025,paid_social,prospecting_video,,,0
514569,21-05-2025,affiliate,finance_blogs,,,0
514570,21-05-2025,paid_search,brand_search,,,0
514571,21-05-2025,paid_search,generic_search,24-05-2025,monthly,29.97
514572,21-05-2025,paid_search,brand_search,,,0
514573,21-05-2025,affiliate,finance_blogs,,,0
514574,21-05-2025,paid_search,brand_search,,,0
514575,21-05-2025,paid_social,prospecting_video,,,0
514576,21-05-2025,organic,,,,0
514577,21-05-2025,paid_social,retargeting,,,0
514578,21-05-2025,paid_search,generic_search,,,0
514579,21-05-2025,affiliate,finance_blogs,,,0
514580,21-05-2025,paid_search,brand_search,01-06-2025,monthly,29.97
514581,21-05-2025,paid_social,prospecting_video,,,0
514582,21-05-2025,paid_social,retargeting,26-05-2025,annual,79.99
514583,21-05-2025,paid_search,brand_search,,,0
514584,21-05-2025,organic,,,,0
514585,21-05-2025,organic,,,,0
514586,21-05-2025,paid_social,prospecting_video,,,0
514587,21-05-2025,paid_search,generic_search,,,0
514588,21-05-2025,organic,,,,0
514589,21-05-2025,referral,,,,0
514590,21-05-2025,paid_social,prospecting_video,,,0
514591,21-05-2025,referral,,,,0
514592,21-05-2025,paid_social,prospecting_video,,,0
514593,21-05-2025,organic,,,,0
514594,21-05-2025,paid_search,generic_search,,,0
514595,21-05-2025,paid_social,prospecting_video,,,0
514596,21-05-2025,paid_social,prospecting_video,,,0
514597,21-05-2025,paid_social,prospecting_video,,,0
514598,21-05-2025,organic,,,,0
514599,21-05-2025,paid_social,prospecting_video,24-05-2025,monthly,29.97
514600,21-05-2025,paid_social,retargeting,,,0
514601,21-05-2025,paid_search,generic_search,,,0
514602,21-05-2025,paid_search,brand_search,,,0
514603,21-05-2025,referral,,,,0
514604,21-05-2025,paid_social,prospecting_video,,,0
514605,21-05-2025,paid_search,brand_search,21-05-2025,annual,79.99
514606,21-05-2025,referral,,,,0
514607,21-05-2025,paid_search,brand_search,24-05-2025,monthly,9.99
514608,21-05-2025,organic,,,,0
514609,21-05-2025,paid_social,prospecting_video,,,0
514610,21-05-2025,paid_social,prospecting_video,,,0
514611,21-05-2025,paid_social,prospecting_video,,,0
514612,21-05-2025,paid_social,prospecting_video,,,0
514613,21-05-2025,paid_search,generic_search,,,0
514614,21-05-2025,paid_social,prospecting_video,,,0
514615,21-05-2025,paid_social,retargeting,,,0
514616,21-05-2025,paid_social,retargeting,,,0
514617,21-05-2025,paid_social,prospecting_video,,,0
514618,21-05-2025,paid_search,generic_search,,,0
514619,21-05-2025,paid_social,retargeting,,,0
514620,21-05-2025,paid_social,prospecting_video,,,0
514621,21-05-2025,organic,,,,0
514622,21-05-2025,paid_social,prospecting_video,,,0
514623,21-05-2025,paid_social,prospecting_video,,,0
514624,21-05-2025,paid_social,prospecting_video,,,0
514625,21-05-2025,paid_social,prospecting_video,,,0
514626,21-05-2025,paid_social,retargeting,,,0
514627,21-05-2025,paid_social,prospecting_video,,,0
514628,21-05-2025,paid_social,prospecting_video,,,0
514629,21-05-2025,paid_search,brand_search,,,0
514630,21-05-2025,paid_search,generic_search,,,0
514631,21-05-2025,paid_social,prospecting_video,,,0
514632,21-05-2025,paid_social,retargeting,21-05-2025,monthly,19.98
514633,21-05-2025,paid_social,retargeting,24-05-2025,monthly,29.97
514634,21-05-2025,organic,,,,0
514635,21-05-2025,paid_social,prospecting_video,,,0
514636,21-05-2025,paid_social,prospecting_video,,,0
514637,21-05-2025,paid_social,retargeting,,,0
514638,21-05-2025,organic,,,,0
514639,21-05-2025,organic,,,,0
514640,21-05-2025,organic,,,,0
514641,21-05-2025,organic,,,,0
514642,21-05-2025,organic,,,,0
514643,21-05-2025,organic,,,,0
514644,21-05-2025,paid_social,prospecting_video,,,0
514645,21-05-2025,paid_search,brand_search,,,0
514646,21-05-2025,referral,,,,0
514647,21-05-2025,paid_search,brand_search,21-05-2025,monthly,29.97
514648,21-05-2025,paid_social,prospecting_video,,,0
514649,21-05-2025,organic,,,,0
514650,21-05-2025,organic,,,,0
514651,21-05-2025,paid_search,generic_search,21-05-2025,monthly,9.99
514652,21-05-2025,paid_search,brand_search,,,0
514653,21-05-2025,paid_search,brand_search,,,0
514654,21-05-2025,affiliate,finance_blogs,,,0
514655,21-05-2025,paid_search,brand_search,,,0
514656,21-05-2025,paid_social,prospecting_video,,,0
514657,21-05-2025,paid_social,prospecting_video,,,0
514658,21-05-2025,organic,,,,0
514659,21-05-2025,paid_social,retargeting,,,0
514660,21-05-2025,affiliate,finance_blogs,,,0
514661,21-05-2025,paid_search,brand_search,,,0
514662,21-05-2025,organic,,,,0
514663,21-05-2025,paid_search,brand_search,,,0
514664,21-05-2025,paid_search,brand_search,,,0
514665,21-05-2025,paid_social,prospecting_video,,,0
514666,21-05-2025,paid_search,generic_search,,,0
514667,21-05-2025,paid_search,brand_search,,,0
514668,21-05-2025,referral,,,,0
514669,21-05-2025,paid_social,retargeting,,,0
514670,21-05-2025,organic,,,,0
514671,21-05-2025,paid_social,prospecting_video,22-05-2025,monthly,29.97
514672,21-05-2025,paid_search,generic_search,,,0
514673,22-05-2025,paid_social,retargeting,24-05-2025,monthly,9.99
514674,22-05-2025,organic,,,,0
514675,22-05-2025,paid_social,prospecting_video,,,0
514676,22-05-2025,paid_social,prospecting_video,,,0
514677,22-05-2025,paid_social,prospecting_video,,,0
514678,22-05-2025,paid_search,brand_search,,,0
514679,22-05-2025,organic,,,,0
514680,22-05-2025,organic,,25-05-2025,annual,79.99
514681,22-05-2025,affiliate,finance_blogs,,,0
514682,22-05-2025,paid_social,prospecting_video,,,0
514683,22-05-2025,paid_search,brand_search,,,0
514684,22-05-2025,paid_search,generic_search,,,0
514685,22-05-2025,affiliate,finance_blogs,,,0
514686,22-05-2025,organic,,23-05-2025,annual,79.99
514687,22-05-2025,paid_search,brand_search,,,0
514688,22-05-2025,paid_social,prospecting_video,,,0
514689,22-05-2025,paid_social,retargeting,,,0
514690,22-05-2025,paid_social,prospecting_video,,,0
514691,22-05-2025,paid_social,prospecting_video,,,0
514692,22-05-2025,paid_social,prospecting_video,,,0
514693,22-05-2025,paid_social,prospecting_video,,,0
514694,22-05-2025,paid_social,prospecting_video,,,0
514695,22-05-2025,organic,,,,0
514696,22-05-2025,affiliate,finance_blogs,,,0
514697,22-05-2025,affiliate,finance_blogs,,,0
514698,22-05-2025,paid_social,prospecting_video,,,0
514699,22-05-2025,paid_social,prospecting_video,,,0
514700,22-05-2025,organic,,,,0
514701,22-05-2025,paid_social,prospecting_video,,,0
514702,22-05-2025,paid_search,brand_search,,,0
514703,22-05-2025,organic,,,,0
514704,22-05-2025,paid_social,prospecting_video,,,0
514705,22-05-2025,paid_social,prospecting_video,,,0
514706,22-05-2025,organic,,,,0
514707,22-05-2025,paid_social,prospecting_video,,,0
514708,22-05-2025,paid_search,brand_search,,,0
514709,22-05-2025,paid_search,generic_search,,,0
514710,22-05-2025,paid_social,retargeting,26-05-2025,monthly,9.99
514711,22-05-2025,paid_search,generic_search,,,0
514712,22-05-2025,paid_social,prospecting_video,,,0
514713,22-05-2025,affiliate,finance_blogs,,,0
514714,22-05-2025,organic,,,,0
514715,22-05-2025,paid_social,prospecting_video,,,0
514716,22-05-2025,referral,,,,0
514717,22-05-2025,paid_social,retargeting,,,0
514718,22-05-2025,organic,,,,0
514719,22-05-2025,paid_social,prospecting_video,,,0
514720,22-05-2025,paid_search,generic_search,,,0
514721,22-05-2025,affiliate,finance_blogs,,,0
514722,22-05-2025,paid_social,prospecting_video,,,0
514723,22-05-2025,paid_search,brand_search,,,0
514724,22-05-2025,paid_social,prospecting_video,,,0
514725,22-05-2025,paid_social,prospecting_video,,,0
514726,22-05-2025,paid_social,prospecting_video,,,0
514727,22-05-2025,paid_search,brand_search,,,0
514728,22-05-2025,paid_search,brand_search,,,0
514729,22-05-2025,paid_social,retargeting,,,0
514730,22-05-2025,paid_social,retargeting,23-05-2025,annual,79.99
514731,22-05-2025,affiliate,finance_blogs,,,0
514732,22-05-2025,affiliate,finance_blogs,,,0
514733,22-05-2025,paid_search,brand_search,,,0
514734,22-05-2025,paid_search,brand_search,29-05-2025,monthly,9.99
514735,22-05-2025,paid_search,brand_search,,,0
514736,22-05-2025,paid_social,prospecting_video,,,0
514737,22-05-2025,paid_social,prospecting_video,,,0
514738,22-05-2025,organic,,,,0
514739,22-05-2025,organic,,26-05-2025,annual,79.99
514740,22-05-2025,paid_search,generic_search,,,0
514741,22-05-2025,paid_social,prospecting_video,,,0
514742,22-05-2025,organic,,,,0
514743,22-05-2025,referral,,,,0
514744,22-05-2025,paid_social,prospecting_video,,,0
514745,22-05-2025,paid_search,brand_search,,,0
514746,22-05-2025,paid_search,generic_search,23-05-2025,monthly,29.97
514747,22-05-2025,organic,,,,0
514748,22-05-2025,paid_search,generic_search,28-05-2025,annual,79.99
514749,22-05-2025,paid_social,retargeting,,,0
514750,22-05-2025,organic,,,,0
514751,22-05-2025,paid_search,generic_search,,,0
514752,22-05-2025,paid_social,prospecting_video,,,0
514753,22-05-2025,paid_search,generic_search,22-05-2025,monthly,29.97
514754,22-05-2025,referral,,,,0
514755,22-05-2025,referral,,28-05-2025,annual,79.99
514756,22-05-2025,organic,,,,0
514757,22-05-2025,paid_social,prospecting_video,,,0
514758,22-05-2025,paid_social,retargeting,,,0
514759,22-05-2025,paid_search,brand_search,,,0
514760,22-05-2025,referral,,,,0
514761,22-05-2025,paid_social,prospecting_video,,,0
514762,22-05-2025,paid_social,prospecting_video,,,0
514763,22-05-2025,organic,,,,0
514764,22-05-2025,paid_social,prospecting_video,,,0
514765,22-05-2025,paid_search,brand_search,23-05-2025,annual,79.99
514766,22-05-2025,paid_social,prospecting_video,,,0
514767,22-05-2025,paid_search,generic_search,,,0
514768,22-05-2025,paid_social,prospecting_video,,,0
514769,22-05-2025,paid_social,prospecting_video,,,0
514770,22-05-2025,paid_search,generic_search,,,0
514771,22-05-2025,paid_social,prospecting_video,,,0
514772,22-05-2025,paid_search,generic_search,,,0
514773,22-05-2025,paid_social,retargeting,22-05-2025,monthly,9.99
514774,22-05-2025,paid_search,brand_search,,,0
514775,22-05-2025,paid_social,retargeting,,,0
514776,22-05-2025,paid_social,prospecting_video,,,0
514777,22-05-2025,paid_social,prospecting_video,,,0
514778,22-05-2025,organic,,03-06-2025,annual,79.99
514779,22-05-2025,paid_search,brand_search,,,0
514780,22-05-2025,paid_search,brand_search,,,0
514781,22-05-2025,paid_search,generic_search,,,0
514782,22-05-2025,paid_search,brand_search,,,0
514783,22-05-2025,paid_social,prospecting_video,,,0
514784,22-05-2025,organic,,,,0
514785,22-05-2025,organic,,,,0
514786,22-05-2025,organic,,,,0
514787,23-05-2025,paid_social,prospecting_video,,,0
514788,23-05-2025,referral,,,,0
514789,23-05-2025,paid_social,prospecting_video,,,0
514790,23-05-2025,referral,,27-05-2025,monthly,29.97
514791,23-05-2025,paid_social,prospecting_video,,,0
514792,23-05-2025,paid_social,retargeting,,,0
514793,23-05-2025,organic,,,,0
514794,23-05-2025,referral,,28-05-2025,monthly,29.97
514795,23-05-2025,referral,,,,0
514796,23-05-2025,paid_search,generic_search,,,0
514797,23-05-2025,paid_social,prospecting_video,,,0
514798,23-05-2025,paid_search,brand_search,31-05-2025,annual,79.99
514799,23-05-2025,paid_social,prospecting_video,,,0
514800,23-05-2025,organic,,,,0
514801,23-05-2025,paid_search,brand_search,,,0
514802,23-05-2025,organic,,,,0
514803,23-05-2025,paid_social,prospecting_video,,,0
514804,23-05-2025,paid_social,prospecting_video,,,0
514805,23-05-2025,affiliate,finance_blogs,,,0
514806,23-05-2025,organic,,28-05-2025,monthly,29.97
514807,23-05-2025,paid_social,prospecting_video,,,0
514808,23-05-2025,paid_social,retargeting,,,0
514809,23-05-2025,paid_social,retargeting,,,0
514810,23-05-2025,paid_social,prospecting_video,,,0
514811,23-05-2025,paid_social,prospecting_video,,,0
514812,23-05-2025,paid_search,generic_search,,,0
514813,23-05-2025,paid_search,brand_search,24-05-2025,monthly,9.99
514814,23-05-2025,paid_social,prospecting_video,,,0
514815,23-05-2025,paid_social,prospecting_video,,,0
514816,23-05-2025,paid_social,retargeting,,,0
514817,23-05-2025,referral,,,,0
514818,23-05-2025,paid_search,generic_search,,,0
514819,23-05-2025,paid_social,prospecting_video,,,0
514820,23-05-2025,paid_social,retargeting,,,0
514821,23-05-2025,paid_social,prospecting_video,,,0
514822,23-05-2025,paid_social,retargeting,29-05-2025,monthly,29.97
514823,23-05-2025,paid_social,prospecting_video,,,0
514824,23-05-2025,organic,,,,0
514825,23-05-2025,paid_social,prospecting_video,,,0
514826,23-05-2025,paid_social,prospecting_video,,,0
514827,23-05-2025,paid_social,prospecting_video,,,0
514828,23-05-2025,referral,,,,0
514829,23-05-2025,paid_search,brand_search,,,0
514830,23-05-2025,paid_social,prospecting_video,,,0
514831,23-05-2025,organic,,24-05-2025,monthly,9.99
514832,23-05-2025,paid_social,prospecting_video,,,0
514833,23-05-2025,affiliate,finance_blogs,,,0
514834,23-05-2025,paid_social,prospecting_video,,,0
514835,23-05-2025,organic,,,,0
514836,23-05-2025,organic,,,,0
514837,23-05-2025,paid_social,retargeting,23-05-2025,annual,79.99
514838,23-05-2025,paid_social,retargeting,27-05-2025,annual,79.99
514839,23-05-2025,paid_social,prospecting_video,,,0
514840,23-05-2025,paid_social,retargeting,,,0
514841,23-05-2025,paid_search,generic_search,,,0
514842,23-05-2025,paid_social,retargeting,25-05-2025,monthly,29.97
514843,23-05-2025,paid_social,prospecting_video,,,0
514844,23-05-2025,paid_social,retargeting,,,0
514845,23-05-2025,paid_search,brand_search,,,0
514846,23-05-2025,paid_search,brand_search,,,0
514847,23-05-2025,paid_social,prospecting_video,,,0
514848,23-05-2025,organic,,,,0
514849,23-05-2025,paid_search,generic_search,,,0
514850,23-05-2025,paid_search,generic_search,25-05-2025,monthly,9.99
514851,23-05-2025,paid_search,brand_search,,,0
514852,23-05-2025,organic,,27-05-2025,monthly,9.99
514853,23-05-2025,paid_search,brand_search,,,0
514854,23-05-2025,paid_search,generic_search,,,0
514855,23-05-2025,organic,,,,0
514856,23-05-2025,paid_social,prospecting_video,,,0
514857,23-05-2025,paid_search,generic_search,,,0
514858,23-05-2025,organic,,,,0
514859,23-05-2025,paid_social,retargeting,25-05-2025,annual,79.99
514860,23-05-2025,paid_social,prospecting_video,27-05-2025,monthly,9.99
514861,23-05-2025,organic,,,,0
514862,23-05-2025,paid_social,retargeting,,,0
514863,23-05-2025,organic,,,,0
514864,23-05-2025,paid_social,prospecting_video,,,0
514865,23-05-2025,paid_social,retargeting,,,0
514866,23-05-2025,affiliate,finance_blogs,,,0
514867,23-05-2025,paid_social,prospecting_video,,,0
514868,23-05-2025,paid_social,retargeting,,,0
514869,23-05-2025,organic,,25-05-2025,annual,79.99
514870,23-05-2025,paid_social,prospecting_video,,,0
514871,23-05-2025,paid_social,prospecting_video,,,0
514872,23-05-2025,organic,,,,0
514873,23-05-2025,paid_social,retargeting,,,0
514874,23-05-2025,paid_social,retargeting,,,0
514875,23-05-2025,paid_social,prospecting_video,,,0
514876,23-05-2025,paid_search,brand_search,,,0
514877,23-05-2025,paid_social,prospecting_video,,,0
514878,23-05-2025,organic,,,,0
514879,23-05-2025,paid_social,prospecting_video,,,0
514880,23-05-2025,organic,,,,0
514881,23-05-2025,paid_social,prospecting_video,,,0
514882,23-05-2025,referral,,26-05-2025,annual,79.99
514883,23-05-2025,paid_search,brand_search,24-05-2025,monthly,29.97
514884,23-05-2025,paid_social,prospecting_video,,,0
514885,23-05-2025,paid_social,prospecting_video,,,0
514886,23-05-2025,paid_social,prospecting_video,,,0
514887,23-05-2025,organic,,,,0
514888,23-05-2025,organic,,,,0
514889,23-05-2025,paid_social,retargeting,,,0
514890,23-05-2025,paid_social,prospecting_video,,,0
514891,23-05-2025,referral,,,,0
514892,23-05-2025,paid_search,brand_search,,,0
514893,23-05-2025,paid_social,prospecting_video,,,0
514894,23-05-2025,paid_social,prospecting_video,,,0
514895,23-05-2025,paid_social,retargeting,,,0
514896,23-05-2025,paid_search,generic_search,,,0
514897,23-05-2025,paid_search,brand_search,,,0
514898,23-05-2025,paid_social,prospecting_video,,,0
514899,24-05-2025,paid_social,retargeting,,,0
514900,24-05-2025,organic,,,,0
514901,24-05-2025,organic,,,,0
514902,24-05-2025,affiliate,finance_blogs,,,0
514903,24-05-2025,paid_social,retargeting,,,0
514904,24-05-2025,paid_social,retargeting,26-05-2025,monthly,9.99
514905,24-05-2025,paid_social,prospecting_video,,,0
514906,24-05-2025,paid_search,brand_search,25-05-2025,monthly,29.97
514907,24-05-2025,paid_social,prospecting_video,,,0
514908,24-05-2025,organic,,,,0
514909,24-05-2025,affiliate,finance_blogs,,,0
514910,24-05-2025,referral,,,,0
514911,24-05-2025,affiliate,finance_blogs,,,0
514912,24-05-2025,paid_search,brand_search,04-06-2025,monthly,29.97
514913,24-05-2025,organic,,,,0
514914,24-05-2025,paid_social,prospecting_video,,,0
514915,24-05-2025,paid_social,prospecting_video,,,0
514916,24-05-2025,paid_social,prospecting_video,,,0
514917,24-05-2025,paid_social,prospecting_video,27-05-2025,annual,79.99
514918,24-05-2025,paid_social,prospecting_video,,,0
514919,24-05-2025,referral,,,,0
514920,24-05-2025,paid_social,prospecting_video,24-05-2025,annual,79.99
514921,24-05-2025,paid_social,prospecting_video,,,0
514922,24-05-2025,referral,,,,0
514923,24-05-2025,paid_search,generic_search,,,0
514924,24-05-2025,organic,,,,0
514925,24-05-2025,paid_search,brand_search,,,0
514926,24-05-2025,affiliate,finance_blogs,24-05-2025,monthly,29.97
514927,24-05-2025,organic,,,,0
514928,24-05-2025,paid_social,prospecting_video,26-05-2025,monthly,29.97
514929,24-05-2025,organic,,,,0
514930,24-05-2025,paid_social,prospecting_video,,,0
514931,24-05-2025,paid_social,prospecting_video,,,0
514932,24-05-2025,paid_social,retargeting,,,0
514933,24-05-2025,paid_social,prospecting_video,,,0
514934,24-05-2025,paid_social,prospecting_video,,,0
514935,24-05-2025,paid_social,retargeting,,,0
514936,24-05-2025,paid_social,prospecting_video,,,0
514937,24-05-2025,organic,,,,0
514938,24-05-2025,paid_social,prospecting_video,,,0
514939,24-05-2025,referral,,,,0
514940,24-05-2025,organic,,,,0
514941,24-05-2025,organic,,,,0
514942,24-05-2025,organic,,,,0
514943,24-05-2025,affiliate,finance_blogs,,,0
514944,24-05-2025,organic,,,,0
514945,24-05-2025,paid_social,prospecting_video,,,0
514946,24-05-2025,organic,,,,0
514947,24-05-2025,paid_social,prospecting_video,,,0
514948,24-05-2025,paid_social,prospecting_video,,,0
514949,24-05-2025,referral,,,,0
514950,24-05-2025,paid_search,brand_search,26-05-2025,monthly,19.98
514951,24-05-2025,organic,,,,0
514952,24-05-2025,organic,,,,0
514953,24-05-2025,paid_social,prospecting_video,,,0
514954,24-05-2025,paid_social,prospecting_video,,,0
514955,24-05-2025,paid_social,retargeting,,,0
514956,24-05-2025,paid_social,prospecting_video,,,0
514957,24-05-2025,paid_social,prospecting_video,,,0
514958,24-05-2025,paid_search,brand_search,,,0
514959,24-05-2025,affiliate,finance_blogs,,,0
514960,24-05-2025,paid_social,prospecting_video,,,0
514961,24-05-2025,paid_social,prospecting_video,,,0
514962,24-05-2025,referral,,,,0
514963,24-05-2025,organic,,,,0
514964,24-05-2025,paid_search,generic_search,,,0
514965,24-05-2025,organic,,,,0
514966,24-05-2025,organic,,,,0
514967,24-05-2025,paid_social,retargeting,,,0
514968,24-05-2025,paid_search,generic_search,,,0
514969,24-05-2025,organic,,24-05-2025,annual,79.99
514970,24-05-2025,paid_search,generic_search,29-05-2025,monthly,9.99
514971,24-05-2025,paid_search,brand_search,,,0
514972,24-05-2025,paid_social,prospecting_video,,,0
514973,24-05-2025,organic,,24-05-2025,monthly,29.97
514974,24-05-2025,paid_social,retargeting,,,0
514975,24-05-2025,paid_social,prospecting_video,,,0
514976,24-05-2025,paid_social,prospecting_video,25-05-2025,annual,79.99
514977,24-05-2025,paid_search,brand_search,29-05-2025,monthly,29.97
514978,24-05-2025,affiliate,finance_blogs,,,0
514979,24-05-2025,organic,,28-05-2025,monthly,29.97
514980,24-05-2025,organic,,,,0
514981,24-05-2025,organic,,,,0
514982,24-05-2025,paid_social,retargeting,,,0
514983,24-05-2025,paid_search,generic_search,24-05-2025,monthly,19.98
514984,24-05-2025,paid_social,retargeting,,,0
514985,25-05-2025,paid_search,generic_search,,,0
514986,25-05-2025,paid_social,prospecting_video,,,0
514987,25-05-2025,paid_search,brand_search,,,0
514988,25-05-2025,paid_social,retargeting,,,0
514989,25-05-2025,organic,,25-05-2025,monthly,19.98
514990,25-05-2025,paid_social,prospecting_video,,,0
514991,25-05-2025,paid_social,prospecting_video,,,0
514992,25-05-2025,paid_social,prospecting_video,,,0
514993,25-05-2025,paid_social,prospecting_video,,,0
514994,25-05-2025,referral,,,,0
514995,25-05-2025,paid_social,retargeting,,,0
514996,25-05-2025,referral,,,,0
514997,25-05-2025,paid_social,prospecting_video,,,0
514998,25-05-2025,paid_social,prospecting_video,07-06-2025,monthly,9.99
514999,25-05-2025,organic,,,,0
515000,25-05-2025,paid_search,generic_search,,,0
515001,25-05-2025,paid_search,brand_search,,,0
515002,25-05-2025,paid_social,prospecting_video,,,0
515003,25-05-2025,paid_search,brand_search,,,0
515004,25-05-2025,paid_search,brand_search,,,0
515005,25-05-2025,paid_search,brand_search,,,0
515006,25-05-2025,paid_social,prospecting_video,,,0
515007,25-05-2025,paid_social,prospecting_video,,,0
515008,25-05-2025,affiliate,finance_blogs,,,0
515009,25-05-2025,paid_social,retargeting,,,0
515010,25-05-2025,organic,,,,0
515011,25-05-2025,paid_social,retargeting,07-06-2025,annual,79.99
515012,25-05-2025,organic,,,,0
515013,25-05-2025,paid_search,brand_search,,,0
515014,25-05-2025,paid_search,brand_search,,,0
515015,25-05-2025,paid_social,prospecting_video,,,0
515016,25-05-2025,affiliate,finance_blogs,,,0
515017,25-05-2025,paid_social,prospecting_video,,,0
515018,25-05-2025,organic,,30-05-2025,monthly,19.98
515019,25-05-2025,paid_social,retargeting,,,0
515020,25-05-2025,paid_search,brand_search,,,0
515021,25-05-2025,paid_search,generic_search,,,0
515022,25-05-2025,paid_search,generic_search,,,0
515023,25-05-2025,referral,,27-05-2025,monthly,29.97
515024,25-05-2025,organic,,,,0
515025,25-05-2025,organic,,,,0
515026,25-05-2025,organic,,,,0
515027,25-05-2025,organic,,,,0
515028,25-05-2025,paid_social,prospecting_video,,,0
515029,25-05-2025,paid_social,retargeting,,,0
515030,25-05-2025,paid_social,prospecting_video,,,0
515031,25-05-2025,organic,,,,0
515032,25-05-2025,paid_search,generic_search,25-05-2025,monthly,29.97
515033,25-05-2025,paid_search,generic_search,,,0
515034,25-05-2025,paid_social,retargeting,,,0
515035,25-05-2025,paid_social,prospecting_video,,,0
515036,25-05-2025,organic,,,,0
515037,25-05-2025,paid_search,brand_search,,,0
515038,25-05-2025,organic,,,,0
515039,25-05-2025,paid_social,prospecting_video,,,0
515040,25-05-2025,organic,,,,0
515041,25-05-2025,paid_social,prospecting_video,,,0
515042,25-05-2025,paid_social,prospecting_video,,,0
515043,25-05-2025,paid_search,brand_search,,,0
515044,25-05-2025,paid_search,generic_search,,,0
515045,25-05-2025,paid_search,generic_search,,,0
515046,25-05-2025,organic,,25-05-2025,monthly,29.97
515047,25-05-2025,paid_social,prospecting_video,,,0
515048,25-05-2025,paid_social,prospecting_video,,,0
515049,25-05-2025,referral,,,,0
515050,25-05-2025,paid_social,prospecting_video,,,0
515051,25-05-2025,paid_social,prospecting_video,,,0
515052,25-05-2025,organic,,,,0
515053,25-05-2025,paid_social,retargeting,,,0
515054,25-05-2025,organic,,,,0
515055,25-05-2025,paid_search,brand_search,,,0
515056,25-05-2025,paid_social,prospecting_video,,,0
515057,25-05-2025,paid_social,prospecting_video,,,0
515058,25-05-2025,organic,,,,0
515059,25-05-2025,paid_social,prospecting_video,,,0
515060,25-05-2025,paid_social,prospecting_video,,,0
515061,25-05-2025,paid_social,retargeting,,,0
515062,25-05-2025,paid_search,brand_search,,,0
515063,25-05-2025,organic,,26-05-2025,monthly,29.97
515064,25-05-2025,organic,,,,0
515065,25-05-2025,paid_social,prospecting_video,,,0
515066,25-05-2025,paid_social,prospecting_video,,,0
515067,25-05-2025,organic,,,,0
515068,26-05-2025,paid_search,brand_search,,,0
515069,26-05-2025,paid_social,retargeting,,,0
515070,26-05-2025,organic,,,,0
515071,26-05-2025,paid_social,prospecting_video,,,0
515072,26-05-2025,paid_search,brand_search,,,0
515073,26-05-2025,paid_search,brand_search,,,0
515074,26-05-2025,paid_search,generic_search,,,0
515075,26-05-2025,organic,,,,0
515076,26-05-2025,affiliate,finance_blogs,,,0
515077,26-05-2025,paid_social,prospecting_video,,,0
515078,26-05-2025,paid_social,retargeting,29-05-2025,monthly,29.97
515079,26-05-2025,paid_search,generic_search,,,0
515080,26-05-2025,paid_social,retargeting,,,0
515081,26-05-2025,paid_search,generic_search,,,0
515082,26-05-2025,paid_social,prospecting_video,,,0
515083,26-05-2025,referral,,,,0
515084,26-05-2025,affiliate,finance_blogs,,,0
515085,26-05-2025,paid_social,prospecting_video,,,0
515086,26-05-2025,paid_social,prospecting_video,,,0
515087,26-05-2025,referral,,,,0
515088,26-05-2025,paid_social,prospecting_video,,,0
515089,26-05-2025,paid_search,generic_search,,,0
515090,26-05-2025,paid_social,prospecting_video,,,0
515091,26-05-2025,paid_social,retargeting,,,0
515092,26-05-2025,paid_social,retargeting,,,0
515093,26-05-2025,paid_search,generic_search,,,0
515094,26-05-2025,paid_social,prospecting_video,,,0
515095,26-05-2025,paid_social,prospecting_video,,,0
515096,26-05-2025,organic,,,,0
515097,26-05-2025,paid_search,brand_search,,,0
515098,26-05-2025,paid_search,generic_search,02-06-2025,monthly,29.97
515099,26-05-2025,paid_social,prospecting_video,,,0
515100,26-05-2025,referral,,,,0
515101,26-05-2025,paid_social,prospecting_video,,,0
515102,26-05-2025,referral,,26-05-2025,monthly,29.97
515103,26-05-2025,referral,,,,0
515104,26-05-2025,paid_search,brand_search,27-05-2025,annual,79.99
515105,26-05-2025,paid_search,brand_search,,,0
515106,26-05-2025,paid_social,retargeting,,,0
515107,26-05-2025,organic,,,,0
515108,26-05-2025,paid_social,prospecting_video,,,0
515109,26-05-2025,paid_social,retargeting,,,0
515110,26-05-2025,organic,,,,0
515111,26-05-2025,paid_search,generic_search,,,0
515112,26-05-2025,paid_social,retargeting,08-06-2025,annual,79.99
515113,26-05-2025,paid_social,prospecting_video,,,0
515114,26-05-2025,referral,,31-05-2025,annual,79.99
515115,26-05-2025,paid_social,prospecting_video,01-06-2025,monthly,29.97
515116,26-05-2025,paid_social,retargeting,,,0
515117,26-05-2025,paid_social,prospecting_video,,,0
515118,26-05-2025,affiliate,finance_blogs,08-06-2025,annual,79.99
515119,26-05-2025,paid_social,retargeting,,,0
515120,26-05-2025,paid_social,retargeting,28-05-2025,monthly,29.97
515121,26-05-2025,paid_social,retargeting,26-05-2025,annual,79.99
515122,26-05-2025,paid_social,prospecting_video,,,0
515123,26-05-2025,paid_search,brand_search,,,0
515124,26-05-2025,paid_social,prospecting_video,,,0
515125,26-05-2025,paid_search,generic_search,,,0
515126,26-05-2025,paid_social,prospecting_video,,,0
515127,26-05-2025,affiliate,finance_blogs,,,0
515128,26-05-2025,paid_search,generic_search,,,0
515129,26-05-2025,paid_social,prospecting_video,,,0
515130,26-05-2025,paid_search,brand_search,29-05-2025,monthly,29.97
515131,26-05-2025,paid_social,prospecting_video,,,0
515132,26-05-2025,organic,,,,0
515133,26-05-2025,paid_social,prospecting_video,,,0
515134,26-05-2025,paid_social,retargeting,,,0
515135,26-05-2025,affiliate,finance_blogs,,,0
515136,26-05-2025,paid_social,prospecting_video,,,0
515137,26-05-2025,paid_search,generic_search,,,0
515138,26-05-2025,paid_social,prospecting_video,,,0
515139,26-05-2025,paid_search,generic_search,,,0
515140,26-05-2025,affiliate,finance_blogs,,,0
515141,26-05-2025,organic,,,,0
515142,26-05-2025,organic,,,,0
515143,26-05-2025,paid_social,retargeting,,,0
515144,26-05-2025,paid_social,prospecting_video,,,0
515145,26-05-2025,paid_social,prospecting_video,,,0
515146,26-05-2025,paid_social,prospecting_video,,,0
515147,26-05-2025,paid_search,brand_search,,,0
515148,26-05-2025,paid_social,retargeting,,,0
515149,26-05-2025,referral,,,,0
515150,26-05-2025,paid_search,brand_search,,,0
515151,26-05-2025,paid_social,retargeting,,,0
515152,26-05-2025,organic,,,,0
515153,26-05-2025,referral,,,,0
515154,26-05-2025,paid_social,prospecting_video,,,0
515155,26-05-2025,paid_search,brand_search,,,0
515156,26-05-2025,paid_social,prospecting_video,,,0
515157,26-05-2025,paid_social,prospecting_video,,,0
515158,26-05-2025,organic,,,,0
515159,26-05-2025,paid_social,prospecting_video,,,0
515160,26-05-2025,paid_social,prospecting_video,,,0
515161,26-05-2025,organic,,,,0
515162,26-05-2025,affiliate,finance_blogs,,,0
515163,26-05-2025,paid_social,prospecting_video,,,0
515164,26-05-2025,paid_social,prospecting_video,,,0
515165,26-05-2025,paid_social,prospecting_video,,,0
515166,26-05-2025,paid_social,prospecting_video,,,0
515167,26-05-2025,paid_search,generic_search,,,0
515168,26-05-2025,paid_social,prospecting_video,,,0
515169,26-05-2025,paid_search,generic_search,,,0
515170,26-05-2025,paid_search,generic_search,,,0
515171,26-05-2025,paid_search,generic_search,,,0
515172,27-05-2025,paid_social,prospecting_video,,,0
515173,27-05-2025,paid_search,generic_search,,,0
515174,27-05-2025,affiliate,finance_blogs,29-05-2025,monthly,29.97
515175,27-05-2025,paid_social,prospecting_video,,,0
515176,27-05-2025,paid_search,brand_search,,,0
515177,27-05-2025,paid_social,prospecting_video,,,0
515178,27-05-2025,paid_social,prospecting_video,,,0
515179,27-05-2025,organic,,,,0
515180,27-05-2025,organic,,,,0
515181,27-05-2025,paid_social,retargeting,,,0
515182,27-05-2025,paid_social,prospecting_video,28-05-2025,monthly,9.99
515183,27-05-2025,paid_social,prospecting_video,,,0
515184,27-05-2025,paid_social,retargeting,,,0
515185,27-05-2025,referral,,,,0
515186,27-05-2025,paid_social,prospecting_video,,,0
515187,27-05-2025,paid_social,prospecting_video,,,0
515188,27-05-2025,paid_social,retargeting,,,0
515189,27-05-2025,paid_social,prospecting_video,,,0
515190,27-05-2025,paid_social,prospecting_video,,,0
515191,27-05-2025,paid_social,retargeting,,,0
515192,27-05-2025,paid_social,prospecting_video,,,0
515193,27-05-2025,organic,,,,0
515194,27-05-2025,paid_social,prospecting_video,,,0
515195,27-05-2025,paid_social,retargeting,,,0
515196,27-05-2025,paid_social,prospecting_video,,,0
515197,27-05-2025,paid_social,retargeting,29-05-2025,monthly,29.97
515198,27-05-2025,paid_search,brand_search,30-05-2025,monthly,29.97
515199,27-05-2025,paid_social,prospecting_video,,,0
515200,27-05-2025,paid_social,retargeting,,,0
515201,27-05-2025,paid_social,prospecting_video,,,0
515202,27-05-2025,paid_search,brand_search,30-05-2025,monthly,29.97
515203,27-05-2025,paid_social,retargeting,,,0
515204,27-05-2025,paid_search,brand_search,,,0
515205,27-05-2025,paid_search,brand_search,,,0
515206,27-05-2025,paid_social,prospecting_video,,,0
515207,27-05-2025,paid_social,prospecting_video,,,0
515208,27-05-2025,organic,,,,0
515209,27-05-2025,paid_social,prospecting_video,,,0
515210,27-05-2025,affiliate,finance_blogs,,,0
515211,27-05-2025,organic,,,,0
515212,27-05-2025,paid_social,retargeting,,,0
515213,27-05-2025,organic,,,,0
515214,27-05-2025,paid_social,retargeting,,,0
515215,27-05-2025,paid_search,generic_search,,,0
515216,27-05-2025,paid_social,prospecting_video,,,0
515217,27-05-2025,paid_social,prospecting_video,,,0
515218,27-05-2025,organic,,,,0
515219,27-05-2025,paid_social,prospecting_video,,,0
515220,27-05-2025,paid_search,brand_search,,,0
515221,27-05-2025,paid_social,retargeting,,,0
515222,27-05-2025,paid_search,generic_search,30-05-2025,annual,79.99
515223,27-05-2025,paid_search,brand_search,,,0
515224,27-05-2025,organic,,,,0
515225,27-05-2025,referral,,,,0
515226,27-05-2025,paid_search,generic_search,,,0
515227,27-05-2025,paid_social,prospecting_video,,,0
515228,27-05-2025,paid_social,prospecting_video,,,0
515229,27-05-2025,organic,,,,0
515230,27-05-2025,paid_search,generic_search,,,0
515231,27-05-2025,paid_search,generic_search,,,0
515232,27-05-2025,paid_social,prospecting_video,,,0
515233,27-05-2025,organic,,,,0
515234,27-05-2025,organic,,28-05-2025,monthly,29.97
515235,27-05-2025,paid_social,prospecting_video,,,0
515236,27-05-2025,paid_social,prospecting_video,,,0
515237,27-05-2025,paid_search,brand_search,02-06-2025,monthly,29.97
515238,27-05-2025,paid_social,prospecting_video,,,0
515239,27-05-2025,paid_social,prospecting_video,,,0
515240,27-05-2025,organic,,27-05-2025,monthly,29.97
515241,27-05-2025,affiliate,finance_blogs,,,0
515242,27-05-2025,paid_social,prospecting_video,,,0
515243,27-05-2025,paid_social,retargeting,,,0
515244,27-05-2025,organic,,,,0
515245,27-05-2025,paid_social,prospecting_video,,,0
515246,27-05-2025,paid_social,retargeting,,,0
515247,27-05-2025,organic,,,,0
515248,27-05-2025,paid_social,retargeting,,,0
515249,27-05-2025,paid_search,brand_search,,,0
515250,27-05-2025,referral,,,,0
515251,27-05-2025,paid_search,generic_search,,,0
515252,27-05-2025,organic,,,,0
515253,27-05-2025,paid_search,brand_search,,,0
515254,27-05-2025,paid_social,prospecting_video,,,0
515255,27-05-2025,organic,,,,0
515256,27-05-2025,paid_social,retargeting,,,0
515257,27-05-2025,organic,,,,0
515258,27-05-2025,paid_search,brand_search,,,0
515259,27-05-2025,paid_social,retargeting,,,0
515260,27-05-2025,paid_social,retargeting,,,0
515261,27-05-2025,paid_social,prospecting_video,,,0
515262,27-05-2025,paid_social,prospecting_video,,,0
515263,27-05-2025,organic,,,,0
515264,28-05-2025,paid_social,prospecting_video,,,0
515265,28-05-2025,organic,,,,0
515266,28-05-2025,paid_search,brand_search,,,0
515267,28-05-2025,referral,,,,0
515268,28-05-2025,paid_search,brand_search,,,0
515269,28-05-2025,paid_social,prospecting_video,,,0
515270,28-05-2025,organic,,07-06-2025,monthly,29.97
515271,28-05-2025,referral,,,,0
515272,28-05-2025,paid_search,brand_search,,,0
515273,28-05-2025,paid_social,retargeting,,,0
515274,28-05-2025,referral,,03-06-2025,monthly,29.97
515275,28-05-2025,paid_social,retargeting,01-06-2025,annual,79.99
515276,28-05-2025,paid_social,retargeting,,,0
515277,28-05-2025,paid_social,prospecting_video,,,0
515278,28-05-2025,organic,,,,0
515279,28-05-2025,paid_social,prospecting_video,,,0
515280,28-05-2025,organic,,,,0
515281,28-05-2025,referral,,,,0
515282,28-05-2025,paid_social,prospecting_video,,,0
515283,28-05-2025,paid_social,prospecting_video,,,0
515284,28-05-2025,paid_social,prospecting_video,,,0
515285,28-05-2025,paid_social,retargeting,,,0
515286,28-05-2025,paid_search,generic_search,28-05-2025,annual,79.99
515287,28-05-2025,paid_search,brand_search,,,0
515288,28-05-2025,referral,,,,0
515289,28-05-2025,paid_social,prospecting_video,,,0
515290,28-05-2025,paid_search,brand_search,,,0
515291,28-05-2025,paid_social,retargeting,,,0
515292,28-05-2025,paid_social,retargeting,29-05-2025,monthly,29.97
515293,28-05-2025,paid_social,prospecting_video,,,0
515294,28-05-2025,organic,,03-06-2025,monthly,29.97
515295,28-05-2025,organic,,,,0
515296,28-05-2025,paid_social,prospecting_video,,,0
515297,28-05-2025,paid_search,brand_search,,,0
515298,28-05-2025,paid_social,prospecting_video,,,0
515299,28-05-2025,paid_social,prospecting_video,,,0
515300,28-05-2025,organic,,,,0
515301,28-05-2025,referral,,,,0
515302,28-05-2025,organic,,31-05-2025,monthly,29.97
515303,28-05-2025,paid_search,brand_search,,,0
515304,28-05-2025,organic,,,,0
515305,28-05-2025,paid_social,retargeting,,,0
515306,28-05-2025,paid_social,prospecting_video,,,0
515307,28-05-2025,paid_search,generic_search,,,0
515308,28-05-2025,organic,,,,0
515309,28-05-2025,referral,,,,0
515310,28-05-2025,referral,,01-06-2025,annual,79.99
515311,28-05-2025,organic,,,,0
515312,28-05-2025,organic,,,,0
515313,28-05-2025,paid_social,prospecting_video,,,0
515314,28-05-2025,paid_social,retargeting,,,0
515315,28-05-2025,organic,,,,0
515316,28-05-2025,paid_search,generic_search,,,0
515317,28-05-2025,affiliate,finance_blogs,,,0
515318,28-05-2025,paid_social,retargeting,,,0
515319,28-05-2025,paid_social,prospecting_video,,,0
515320,28-05-2025,paid_social,prospecting_video,,,0
515321,28-05-2025,organic,,,,0
515322,28-05-2025,paid_social,prospecting_video,,,0
515323,28-05-2025,paid_social,prospecting_video,,,0
515324,28-05-2025,paid_social,prospecting_video,,,0
515325,28-05-2025,paid_social,prospecting_video,,,0
515326,28-05-2025,paid_social,prospecting_video,,,0
515327,28-05-2025,paid_search,brand_search,28-05-2025,annual,79.99
515328,28-05-2025,paid_social,retargeting,,,0
515329,28-05-2025,paid_social,retargeting,,,0
515330,28-05-2025,paid_social,prospecting_video,,,0
515331,28-05-2025,organic,,,,0
515332,28-05-2025,paid_social,prospecting_video,,,0
515333,28-05-2025,organic,,,,0
515334,28-05-2025,paid_social,prospecting_video,,,0
515335,28-05-2025,paid_social,retargeting,,,0
515336,28-05-2025,paid_social,prospecting_video,,,0
515337,28-05-2025,paid_search,brand_search,,,0
515338,28-05-2025,paid_search,generic_search,29-05-2025,monthly,19.98
515339,28-05-2025,paid_social,retargeting,,,0
515340,28-05-2025,paid_social,prospecting_video,,,0
515341,28-05-2025,paid_social,prospecting_video,,,0
515342,28-05-2025,paid_social,retargeting,,,0
515343,28-05-2025,referral,,,,0
515344,28-05-2025,paid_social,prospecting_video,,,0
515345,28-05-2025,paid_social,prospecting_video,,,0
515346,28-05-2025,paid_social,prospecting_video,,,0
515347,28-05-2025,paid_social,retargeting,,,0
515348,28-05-2025,paid_social,prospecting_video,,,0
515349,28-05-2025,paid_social,retargeting,,,0
515350,28-05-2025,paid_social,prospecting_video,,,0
515351,28-05-2025,paid_social,prospecting_video,,,0
515352,28-05-2025,paid_social,prospecting_video,,,0
515353,28-05-2025,paid_social,prospecting_video,,,0
515354,28-05-2025,affiliate,finance_blogs,,,0
515355,28-05-2025,paid_social,retargeting,30-05-2025,annual,79.99
515356,28-05-2025,paid_social,retargeting,,,0
515357,28-05-2025,paid_social,prospecting_video,,,0
515358,28-05-2025,paid_search,brand_search,,,0
515359,28-05-2025,paid_search,brand_search,,,0
515360,28-05-2025,paid_social,prospecting_video,,,0
515361,28-05-2025,paid_social,retargeting,,,0
515362,28-05-2025,affiliate,finance_blogs,,,0
515363,28-05-2025,paid_search,brand_search,,,0
515364,28-05-2025,paid_social,prospecting_video,,,0
515365,28-05-2025,paid_social,prospecting_video,,,0
515366,28-05-2025,organic,,,,0
515367,28-05-2025,paid_social,prospecting_video,,,0
515368,28-05-2025,paid_social,retargeting,,,0
515369,29-05-2025,paid_social,prospecting_video,,,0
515370,29-05-2025,paid_social,retargeting,,,0
515371,29-05-2025,organic,,,,0
515372,29-05-2025,paid_social,prospecting_video,,,0
515373,29-05-2025,paid_social,prospecting_video,,,0
515374,29-05-2025,paid_social,retargeting,,,0
515375,29-05-2025,paid_social,prospecting_video,02-06-2025,annual,79.99
515376,29-05-2025,paid_social,retargeting,,,0
515377,29-05-2025,paid_social,prospecting_video,,,0
515378,29-05-2025,affiliate,finance_blogs,,,0
515379,29-05-2025,paid_social,prospecting_video,,,0
515380,29-05-2025,paid_search,brand_search,,,0
515381,29-05-2025,paid_social,prospecting_video,02-06-2025,monthly,29.97
515382,29-05-2025,paid_social,prospecting_video,,,0
515383,29-05-2025,paid_social,prospecting_video,,,0
515384,29-05-2025,paid_search,brand_search,,,0
515385,29-05-2025,paid_search,generic_search,,,0
515386,29-05-2025,paid_social,prospecting_video,,,0
515387,29-05-2025,paid_search,brand_search,,,0
515388,29-05-2025,paid_social,prospecting_video,,,0
515389,29-05-2025,paid_search,brand_search,,,0
515390,29-05-2025,paid_search,generic_search,03-06-2025,annual,79.99
515391,29-05-2025,paid_social,prospecting_video,,,0
515392,29-05-2025,paid_search,generic_search,31-05-2025,monthly,29.97
515393,29-05-2025,organic,,,,0
515394,29-05-2025,paid_social,retargeting,,,0
515395,29-05-2025,paid_social,retargeting,,,0
515396,29-05-2025,paid_search,generic_search,06-06-2025,monthly,29.97
515397,29-05-2025,paid_social,retargeting,,,0
515398,29-05-2025,paid_social,prospecting_video,,,0
515399,29-05-2025,paid_social,prospecting_video,,,0
515400,29-05-2025,paid_social,prospecting_video,,,0
515401,29-05-2025,paid_social,retargeting,,,0
515402,29-05-2025,paid_social,prospecting_video,,,0
515403,29-05-2025,referral,,,,0
515404,29-05-2025,paid_social,prospecting_video,,,0
515405,29-05-2025,paid_social,prospecting_video,,,0
515406,29-05-2025,paid_social,prospecting_video,,,0
515407,29-05-2025,referral,,,,0
515408,29-05-2025,paid_social,prospecting_video,,,0
515409,29-05-2025,paid_social,prospecting_video,,,0
515410,29-05-2025,organic,,,,0
515411,29-05-2025,paid_social,prospecting_video,,,0
515412,29-05-2025,organic,,,,0
515413,29-05-2025,paid_social,prospecting_video,31-05-2025,monthly,29.97
515414,29-05-2025,paid_social,prospecting_video,,,0
515415,29-05-2025,paid_social,prospecting_video,,,0
515416,29-05-2025,paid_social,prospecting_video,,,0
515417,29-05-2025,paid_social,retargeting,,,0
515418,29-05-2025,paid_social,retargeting,,,0
515419,29-05-2025,paid_social,prospecting_video,,,0
515420,29-05-2025,affiliate,finance_blogs,02-06-2025,monthly,19.98
515421,29-05-2025,paid_search,brand_search,,,0
515422,29-05-2025,referral,,,,0
515423,29-05-2025,organic,,,,0
515424,29-05-2025,organic,,,,0
515425,29-05-2025,paid_search,brand_search,,,0
515426,29-05-2025,paid_search,generic_search,,,0
515427,29-05-2025,paid_search,brand_search,,,0
515428,29-05-2025,paid_search,brand_search,,,0
515429,29-05-2025,paid_social,retargeting,,,0
515430,29-05-2025,paid_social,prospecting_video,,,0
515431,29-05-2025,paid_search,brand_search,,,0
515432,29-05-2025,paid_search,generic_search,,,0
515433,29-05-2025,paid_social,prospecting_video,,,0
515434,29-05-2025,organic,,,,0
515435,29-05-2025,paid_search,brand_search,,,0
515436,29-05-2025,paid_social,retargeting,29-05-2025,monthly,9.99
515437,29-05-2025,paid_social,prospecting_video,,,0
515438,29-05-2025,paid_social,prospecting_video,,,0
515439,29-05-2025,paid_social,prospecting_video,,,0
515440,29-05-2025,organic,,,,0
515441,29-05-2025,paid_social,prospecting_video,,,0
515442,29-05-2025,paid_social,prospecting_video,,,0
515443,29-05-2025,referral,,,,0
515444,29-05-2025,organic,,,,0
515445,29-05-2025,paid_social,prospecting_video,,,0
515446,29-05-2025,paid_search,generic_search,,,0
515447,29-05-2025,paid_social,prospecting_video,,,0
515448,29-05-2025,organic,,,,0
515449,29-05-2025,paid_search,brand_search,,,0
515450,29-05-2025,paid_social,retargeting,31-05-2025,annual,79.99
515451,29-05-2025,paid_social,prospecting_video,,,0
515452,29-05-2025,referral,,,,0
515453,29-05-2025,referral,,31-05-2025,monthly,19.98
515454,29-05-2025,organic,,,,0
515455,29-05-2025,paid_social,prospecting_video,,,0
515456,29-05-2025,paid_social,prospecting_video,,,0
515457,29-05-2025,paid_search,generic_search,,,0
515458,29-05-2025,paid_social,prospecting_video,,,0
515459,29-05-2025,paid_search,brand_search,,,0
515460,29-05-2025,organic,,30-05-2025,annual,79.99
515461,29-05-2025,paid_social,retargeting,,,0
515462,29-05-2025,paid_search,generic_search,,,0
515463,29-05-2025,paid_social,prospecting_video,,,0
515464,29-05-2025,paid_social,retargeting,,,0
515465,29-05-2025,paid_search,generic_search,,,0
515466,29-05-2025,organic,,,,0
515467,29-05-2025,referral,,30-05-2025,annual,79.99
515468,29-05-2025,referral,,,,0
515469,29-05-2025,paid_social,prospecting_video,,,0
515470,29-05-2025,affiliate,finance_blogs,,,0
515471,29-05-2025,paid_social,prospecting_video,,,0
515472,29-05-2025,paid_social,prospecting_video,,,0
515473,29-05-2025,organic,,,,0
515474,29-05-2025,paid_social,prospecting_video,,,0
515475,29-05-2025,paid_social,prospecting_video,,,0
515476,30-05-2025,paid_search,brand_search,30-05-2025,monthly,19.98
515477,30-05-2025,paid_social,prospecting_video,,,0
515478,30-05-2025,organic,,,,0
515479,30-05-2025,paid_social,retargeting,,,0
515480,30-05-2025,affiliate,finance_blogs,31-05-2025,monthly,29.97
515481,30-05-2025,paid_search,generic_search,,,0
515482,30-05-2025,paid_social,prospecting_video,,,0
515483,30-05-2025,paid_search,brand_search,30-05-2025,annual,79.99
515484,30-05-2025,paid_social,prospecting_video,,,0
515485,30-05-2025,organic,,,,0
515486,30-05-2025,paid_social,prospecting_video,,,0
515487,30-05-2025,affiliate,finance_blogs,,,0
515488,30-05-2025,paid_social,prospecting_video,,,0
515489,30-05-2025,organic,,,,0
515490,30-05-2025,paid_search,brand_search,,,0
515491,30-05-2025,paid_social,retargeting,12-06-2025,monthly,19.98
515492,30-05-2025,paid_search,brand_search,,,0
515493,30-05-2025,referral,,12-06-2025,monthly,19.98
515494,30-05-2025,paid_social,prospecting_video,,,0
515495,30-05-2025,paid_search,generic_search,31-05-2025,monthly,19.98
515496,30-05-2025,paid_search,brand_search,,,0
515497,30-05-2025,paid_social,retargeting,,,0
515498,30-05-2025,organic,,,,0
515499,30-05-2025,paid_social,prospecting_video,,,0
515500,30-05-2025,paid_social,prospecting_video,,,0
515501,30-05-2025,organic,,,,0
515502,30-05-2025,paid_search,brand_search,,,0
515503,30-05-2025,paid_social,prospecting_video,,,0
515504,30-05-2025,paid_social,prospecting_video,,,0
515505,30-05-2025,affiliate,finance_blogs,,,0
515506,30-05-2025,paid_social,prospecting_video,,,0
515507,30-05-2025,paid_search,generic_search,,,0
515508,30-05-2025,organic,,,,0
515509,30-05-2025,organic,,,,0
515510,30-05-2025,paid_social,retargeting,,,0
515511,30-05-2025,paid_social,prospecting_video,,,0
515512,30-05-2025,paid_social,prospecting_video,,,0
515513,30-05-2025,paid_social,retargeting,,,0
515514,30-05-2025,paid_social,retargeting,31-05-2025,annual,79.99
515515,30-05-2025,referral,,,,0
515516,30-05-2025,paid_search,brand_search,,,0
515517,30-05-2025,organic,,12-06-2025,annual,79.99
515518,30-05-2025,organic,,31-05-2025,monthly,29.97
515519,30-05-2025,paid_social,prospecting_video,,,0
515520,30-05-2025,paid_search,brand_search,,,0
515521,30-05-2025,paid_social,prospecting_video,,,0
515522,30-05-2025,paid_social,prospecting_video,,,0
515523,30-05-2025,organic,,,,0
515524,30-05-2025,organic,,,,0
515525,30-05-2025,paid_social,prospecting_video,,,0
515526,30-05-2025,paid_search,brand_search,,,0
515527,30-05-2025,paid_social,prospecting_video,,,0
515528,30-05-2025,referral,,,,0
515529,30-05-2025,organic,,01-06-2025,annual,79.99
515530,30-05-2025,organic,,,,0
515531,30-05-2025,paid_social,retargeting,31-05-2025,annual,79.99
515532,30-05-2025,paid_search,generic_search,,,0
515533,30-05-2025,paid_social,retargeting,,,0
515534,30-05-2025,paid_social,prospecting_video,,,0
515535,30-05-2025,organic,,30-05-2025,monthly,29.97
515536,30-05-2025,affiliate,finance_blogs,,,0
515537,30-05-2025,paid_search,generic_search,,,0
515538,30-05-2025,paid_social,prospecting_video,,,0
515539,30-05-2025,paid_social,retargeting,30-05-2025,annual,79.99
515540,30-05-2025,paid_search,generic_search,,,0
515541,30-05-2025,paid_social,prospecting_video,30-05-2025,monthly,29.97
515542,30-05-2025,paid_social,prospecting_video,,,0
515543,30-05-2025,paid_search,generic_search,,,0
515544,30-05-2025,affiliate,finance_blogs,,,0
515545,30-05-2025,organic,,,,0
515546,30-05-2025,paid_social,prospecting_video,,,0
515547,30-05-2025,paid_social,prospecting_video,,,0
515548,30-05-2025,organic,,08-06-2025,monthly,29.97
515549,30-05-2025,referral,,,,0
515550,30-05-2025,organic,,,,0
515551,30-05-2025,paid_social,retargeting,,,0
515552,30-05-2025,organic,,,,0
515553,30-05-2025,paid_social,prospecting_video,,,0
515554,30-05-2025,paid_search,generic_search,,,0
515555,30-05-2025,paid_social,prospecting_video,,,0
515556,30-05-2025,paid_search,brand_search,,,0
515557,30-05-2025,paid_social,prospecting_video,,,0
515558,30-05-2025,paid_social,prospecting_video,,,0
515559,30-05-2025,paid_social,prospecting_video,,,0
515560,30-05-2025,paid_social,prospecting_video,,,0
515561,30-05-2025,paid_social,prospecting_video,,,0
515562,30-05-2025,organic,,,,0
515563,30-05-2025,paid_social,retargeting,,,0
515564,30-05-2025,organic,,,,0
515565,30-05-2025,paid_search,generic_search,,,0
515566,30-05-2025,organic,,,,0
515567,30-05-2025,organic,,,,0
515568,30-05-2025,paid_social,prospecting_video,,,0
515569,30-05-2025,paid_social,retargeting,,,0
515570,30-05-2025,paid_search,brand_search,,,0
515571,30-05-2025,paid_search,brand_search,,,0
515572,30-05-2025,paid_search,brand_search,,,0
515573,30-05-2025,referral,,,,0
515574,30-05-2025,affiliate,finance_blogs,,,0
515575,30-05-2025,organic,,,,0
515576,30-05-2025,affiliate,finance_blogs,,,0
515577,30-05-2025,paid_search,brand_search,,,0
515578,30-05-2025,paid_social,retargeting,12-06-2025,monthly,29.97
515579,30-05-2025,referral,,,,0
515580,30-05-2025,affiliate,finance_blogs,,,0
515581,30-05-2025,paid_search,generic_search,,,0
515582,30-05-2025,organic,,,,0
515583,30-05-2025,paid_social,prospecting_video,,,0
515584,30-05-2025,referral,,,,0
515585,30-05-2025,affiliate,finance_blogs,,,0
515586,30-05-2025,paid_social,prospecting_video,,,0
515587,30-05-2025,paid_social,prospecting_video,,,0
515588,31-05-2025,organic,,,,0
515589,31-05-2025,paid_social,prospecting_video,,,0
515590,31-05-2025,paid_search,generic_search,,,0
515591,31-05-2025,paid_social,prospecting_video,,,0
515592,31-05-2025,organic,,,,0
515593,31-05-2025,paid_social,retargeting,,,0
515594,31-05-2025,paid_social,retargeting,,,0
515595,31-05-2025,affiliate,finance_blogs,05-06-2025,monthly,29.97
515596,31-05-2025,paid_social,prospecting_video,,,0
515597,31-05-2025,paid_social,prospecting_video,,,0
515598,31-05-2025,paid_social,prospecting_video,,,0
515599,31-05-2025,organic,,,,0
515600,31-05-2025,organic,,,,0
515601,31-05-2025,affiliate,finance_blogs,,,0
515602,31-05-2025,paid_social,prospecting_video,,,0
515603,31-05-2025,paid_search,brand_search,,,0
515604,31-05-2025,paid_social,prospecting_video,,,0
515605,31-05-2025,paid_social,prospecting_video,,,0
515606,31-05-2025,organic,,,,0
515607,31-05-2025,paid_search,brand_search,,,0
515608,31-05-2025,paid_social,prospecting_video,,,0
515609,31-05-2025,paid_social,retargeting,,,0
515610,31-05-2025,organic,,,,0
515611,31-05-2025,paid_search,brand_search,,,0
515612,31-05-2025,paid_social,prospecting_video,,,0
515613,31-05-2025,paid_search,generic_search,,,0
515614,31-05-2025,paid_social,prospecting_video,,,0
515615,31-05-2025,referral,,,,0
515616,31-05-2025,paid_social,retargeting,,,0
515617,31-05-2025,paid_social,prospecting_video,,,0
515618,31-05-2025,organic,,,,0
515619,31-05-2025,paid_social,prospecting_video,,,0
515620,31-05-2025,referral,,,,0
515621,31-05-2025,paid_social,prospecting_video,,,0
515622,31-05-2025,paid_social,retargeting,,,0
515623,31-05-2025,paid_social,retargeting,,,0
515624,31-05-2025,paid_search,brand_search,,,0
515625,31-05-2025,paid_social,prospecting_video,,,0
515626,31-05-2025,organic,,,,0
515627,31-05-2025,referral,,,,0
515628,31-05-2025,paid_social,prospecting_video,,,0
515629,31-05-2025,paid_social,retargeting,31-05-2025,monthly,9.99
515630,31-05-2025,paid_search,brand_search,,,0
515631,31-05-2025,paid_social,prospecting_video,,,0
515632,31-05-2025,paid_social,retargeting,,,0
515633,31-05-2025,paid_social,prospecting_video,,,0
515634,31-05-2025,paid_social,retargeting,,,0
515635,31-05-2025,paid_social,prospecting_video,,,0
515636,31-05-2025,paid_social,prospecting_video,,,0
515637,31-05-2025,paid_social,retargeting,,,0
515638,31-05-2025,paid_search,generic_search,,,0
515639,31-05-2025,affiliate,finance_blogs,,,0
515640,31-05-2025,paid_social,prospecting_video,,,0
515641,31-05-2025,organic,,,,0
515642,31-05-2025,paid_social,prospecting_video,,,0
515643,31-05-2025,organic,,,,0
515644,31-05-2025,affiliate,finance_blogs,,,0
515645,31-05-2025,paid_social,retargeting,,,0
515646,31-05-2025,paid_social,prospecting_video,,,0
515647,31-05-2025,referral,,,,0
515648,31-05-2025,referral,,31-05-2025,monthly,29.97
515649,31-05-2025,paid_social,retargeting,,,0
515650,31-05-2025,referral,,,,0
515651,31-05-2025,organic,,,,0
515652,31-05-2025,paid_search,brand_search,,,0
515653,31-05-2025,organic,,,,0
515654,31-05-2025,affiliate,finance_blogs,,,0
515655,31-05-2025,paid_social,retargeting,,,0
515656,31-05-2025,paid_search,generic_search,,,0
515657,31-05-2025,paid_social,prospecting_video,,,0
515658,31-05-2025,paid_social,retargeting,,,0
515659,31-05-2025,paid_social,prospecting_video,05-06-2025,monthly,29.97
515660,31-05-2025,paid_social,retargeting,,,0
515661,31-05-2025,organic,,,,0
515662,31-05-2025,paid_social,prospecting_video,,,0
515663,31-05-2025,paid_search,brand_search,,,0
515664,31-05-2025,paid_search,generic_search,,,0
515665,31-05-2025,organic,,,,0
515666,31-05-2025,paid_social,retargeting,01-06-2025,monthly,29.97
515667,31-05-2025,referral,,,,0
515668,31-05-2025,paid_social,prospecting_video,,,0
515669,31-05-2025,paid_social,prospecting_video,,,0
515670,31-05-2025,paid_social,prospecting_video,,,0
515671,31-05-2025,referral,,03-06-2025,annual,79.99
515672,31-05-2025,paid_social,retargeting,09-06-2025,annual,79.99
515673,31-05-2025,paid_social,retargeting,,,0
515674,31-05-2025,paid_search,generic_search,01-06-2025,monthly,29.97
515675,31-05-2025,organic,,,,0
515676,31-05-2025,organic,,,,0
515677,31-05-2025,paid_social,prospecting_video,,,0
515678,31-05-2025,paid_social,retargeting,,,0
515679,31-05-2025,paid_social,prospecting_video,,,0
515680,31-05-2025,paid_social,retargeting,,,0
515681,31-05-2025,referral,,,,0
515682,31-05-2025,paid_social,prospecting_video,,,0
515683,31-05-2025,paid_search,brand_search,,,0
515684,31-05-2025,organic,,,,0
515685,31-05-2025,paid_social,prospecting_video,,,0
515686,31-05-2025,referral,,,,0
515687,31-05-2025,organic,,31-05-2025,annual,79.99
515688,31-05-2025,referral,,,,0
515689,31-05-2025,paid_social,prospecting_video,,,0
515690,31-05-2025,paid_social,prospecting_video,,,0
515691,31-05-2025,referral,,,,0
515692,31-05-2025,paid_social,retargeting,,,0
515693,31-05-2025,referral,,,,0
515694,31-05-2025,paid_social,retargeting,,,0
515695,31-05-2025,paid_social,prospecting_video,,,0
515696,01-06-2025,paid_search,brand_search,,,0
515697,01-06-2025,organic,,,,0
515698,01-06-2025,paid_social,prospecting_video,,,0
515699,01-06-2025,paid_social,prospecting_video,,,0
515700,01-06-2025,paid_social,prospecting_video,,,0
515701,01-06-2025,paid_search,generic_search,,,0
515702,01-06-2025,paid_social,retargeting,,,0
515703,01-06-2025,organic,,,,0
515704,01-06-2025,affiliate,finance_blogs,,,0
515705,01-06-2025,paid_search,generic_search,,,0
515706,01-06-2025,paid_search,generic_search,,,0
515707,01-06-2025,paid_search,brand_search,,,0
515708,01-06-2025,organic,,,,0
515709,01-06-2025,paid_social,prospecting_video,,,0
515710,01-06-2025,paid_search,generic_search,01-06-2025,monthly,19.98
515711,01-06-2025,referral,,,,0
515712,01-06-2025,referral,,,,0
515713,01-06-2025,paid_social,prospecting_video,,,0
515714,01-06-2025,paid_social,prospecting_video,,,0
515715,01-06-2025,referral,,06-06-2025,monthly,29.97
515716,01-06-2025,referral,,,,0
515717,01-06-2025,referral,,,,0
515718,01-06-2025,paid_search,generic_search,,,0
515719,01-06-2025,paid_search,brand_search,,,0
515720,01-06-2025,organic,,,,0
515721,01-06-2025,paid_search,generic_search,03-06-2025,annual,79.99
515722,01-06-2025,paid_social,retargeting,,,0
515723,01-06-2025,paid_social,retargeting,,,0
515724,01-06-2025,paid_social,retargeting,,,0
515725,01-06-2025,organic,,,,0
515726,01-06-2025,referral,,,,0
515727,01-06-2025,paid_search,brand_search,,,0
515728,01-06-2025,paid_social,prospecting_video,,,0
515729,01-06-2025,paid_social,prospecting_video,,,0
515730,01-06-2025,organic,,,,0
515731,01-06-2025,paid_social,prospecting_video,,,0
515732,01-06-2025,paid_social,retargeting,,,0
515733,01-06-2025,paid_search,brand_search,04-06-2025,annual,79.99
515734,01-06-2025,paid_search,brand_search,,,0
515735,01-06-2025,paid_search,generic_search,,,0
515736,01-06-2025,organic,,,,0
515737,01-06-2025,paid_social,prospecting_video,,,0
515738,01-06-2025,paid_social,retargeting,04-06-2025,monthly,29.97
515739,01-06-2025,organic,,,,0
515740,01-06-2025,paid_search,brand_search,05-06-2025,monthly,19.98
515741,01-06-2025,paid_social,prospecting_video,,,0
515742,01-06-2025,organic,,,,0
515743,01-06-2025,referral,,05-06-2025,monthly,29.97
515744,01-06-2025,paid_search,generic_search,03-06-2025,monthly,29.97
515745,01-06-2025,paid_social,prospecting_video,,,0
515746,01-06-2025,organic,,,,0
515747,01-06-2025,paid_social,prospecting_video,,,0
515748,01-06-2025,organic,,,,0
515749,01-06-2025,paid_search,brand_search,,,0
515750,01-06-2025,referral,,,,0
515751,01-06-2025,paid_social,prospecting_video,,,0
515752,01-06-2025,paid_social,prospecting_video,04-06-2025,monthly,19.98
515753,01-06-2025,affiliate,finance_blogs,,,0
515754,01-06-2025,paid_social,prospecting_video,,,0
515755,01-06-2025,paid_social,retargeting,,,0
515756,01-06-2025,organic,,,,0
515757,01-06-2025,paid_social,prospecting_video,,,0
515758,01-06-2025,paid_social,retargeting,02-06-2025,monthly,9.99
515759,01-06-2025,paid_social,prospecting_video,,,0
515760,01-06-2025,paid_search,generic_search,02-06-2025,annual,79.99
515761,01-06-2025,paid_social,prospecting_video,,,0
515762,01-06-2025,organic,,,,0
515763,01-06-2025,organic,,,,0
515764,01-06-2025,paid_social,prospecting_video,,,0
515765,01-06-2025,paid_search,generic_search,,,0
515766,01-06-2025,organic,,,,0
515767,01-06-2025,affiliate,finance_blogs,,,0
515768,01-06-2025,paid_social,retargeting,,,0
515769,01-06-2025,affiliate,finance_blogs,,,0
515770,01-06-2025,organic,,,,0
515771,01-06-2025,paid_search,brand_search,03-06-2025,monthly,19.98
515772,01-06-2025,organic,,,,0
515773,01-06-2025,paid_social,prospecting_video,,,0
515774,01-06-2025,organic,,,,0
515775,01-06-2025,paid_social,prospecting_video,,,0
515776,01-06-2025,paid_search,brand_search,,,0
515777,01-06-2025,organic,,,,0
515778,01-06-2025,paid_search,generic_search,,,0
515779,01-06-2025,paid_search,generic_search,,,0
515780,01-06-2025,paid_search,generic_search,,,0
515781,01-06-2025,paid_social,prospecting_video,,,0
515782,01-06-2025,paid_social,prospecting_video,,,0
515783,01-06-2025,referral,,01-06-2025,monthly,29.97
515784,01-06-2025,paid_social,prospecting_video,,,0
515785,01-06-2025,paid_social,prospecting_video,,,0
515786,01-06-2025,paid_search,brand_search,,,0
515787,01-06-2025,paid_search,generic_search,,,0
515788,01-06-2025,paid_search,brand_search,,,0
515789,01-06-2025,paid_social,prospecting_video,,,0
515790,01-06-2025,paid_social,prospecting_video,,,0
515791,01-06-2025,organic,,,,0
515792,02-06-2025,organic,,,,0
515793,02-06-2025,paid_search,brand_search,,,0
515794,02-06-2025,paid_social,prospecting_video,,,0
515795,02-06-2025,organic,,,,0
515796,02-06-2025,organic,,,,0
515797,02-06-2025,paid_social,retargeting,,,0
515798,02-06-2025,paid_social,prospecting_video,,,0
515799,02-06-2025,paid_social,retargeting,,,0
515800,02-06-2025,organic,,,,0
515801,02-06-2025,paid_search,generic_search,,,0
515802,02-06-2025,organic,,,,0
515803,02-06-2025,paid_search,brand_search,07-06-2025,annual,79.99
515804,02-06-2025,organic,,,,0
515805,02-06-2025,organic,,,,0
515806,02-06-2025,referral,,,,0
515807,02-06-2025,paid_social,prospecting_video,,,0
515808,02-06-2025,organic,,,,0
515809,02-06-2025,paid_social,prospecting_video,,,0
515810,02-06-2025,paid_social,prospecting_video,,,0
515811,02-06-2025,paid_search,generic_search,,,0
515812,02-06-2025,paid_social,prospecting_video,,,0
515813,02-06-2025,paid_social,retargeting,,,0
515814,02-06-2025,paid_search,generic_search,,,0
515815,02-06-2025,referral,,,,0
515816,02-06-2025,organic,,,,0
515817,02-06-2025,paid_search,brand_search,,,0
515818,02-06-2025,paid_social,retargeting,15-06-2025,monthly,29.97
515819,02-06-2025,paid_social,prospecting_video,,,0
515820,02-06-2025,paid_search,generic_search,,,0
515821,02-06-2025,paid_social,prospecting_video,,,0
515822,02-06-2025,paid_social,prospecting_video,,,0
515823,02-06-2025,paid_search,brand_search,,,0
515824,02-06-2025,organic,,,,0
515825,02-06-2025,paid_social,prospecting_video,,,0
515826,02-06-2025,paid_social,retargeting,,,0
515827,02-06-2025,paid_social,prospecting_video,02-06-2025,annual,79.99
515828,02-06-2025,paid_search,generic_search,02-06-2025,monthly,19.98
515829,02-06-2025,paid_social,retargeting,,,0
515830,02-06-2025,paid_social,retargeting,,,0
515831,02-06-2025,affiliate,finance_blogs,,,0
515832,02-06-2025,paid_social,prospecting_video,,,0
515833,02-06-2025,organic,,,,0
515834,02-06-2025,paid_social,prospecting_video,,,0
515835,02-06-2025,paid_social,prospecting_video,,,0
515836,02-06-2025,paid_social,prospecting_video,,,0
515837,02-06-2025,paid_social,prospecting_video,,,0
515838,02-06-2025,paid_social,prospecting_video,,,0
515839,02-06-2025,paid_search,brand_search,,,0
515840,02-06-2025,paid_social,prospecting_video,,,0
515841,02-06-2025,paid_social,prospecting_video,,,0
515842,02-06-2025,affiliate,finance_blogs,,,0
515843,02-06-2025,paid_social,prospecting_video,,,0
515844,02-06-2025,organic,,,,0
515845,02-06-2025,paid_social,prospecting_video,,,0
515846,02-06-2025,paid_social,prospecting_video,,,0
515847,02-06-2025,paid_social,prospecting_video,,,0
515848,02-06-2025,paid_search,brand_search,,,0
515849,02-06-2025,organic,,04-06-2025,monthly,29.97
515850,02-06-2025,paid_social,retargeting,,,0
515851,02-06-2025,paid_social,prospecting_video,,,0
515852,02-06-2025,paid_search,generic_search,,,0
515853,02-06-2025,organic,,,,0
515854,02-06-2025,organic,,,,0
515855,02-06-2025,organic,,,,0
515856,02-06-2025,paid_search,generic_search,,,0
515857,02-06-2025,organic,,,,0
515858,02-06-2025,paid_social,prospecting_video,,,0
515859,02-06-2025,referral,,03-06-2025,monthly,9.99
515860,02-06-2025,paid_social,retargeting,,,0
515861,02-06-2025,paid_social,retargeting,,,0
515862,02-06-2025,paid_search,brand_search,,,0
515863,02-06-2025,paid_social,retargeting,,,0
515864,02-06-2025,paid_search,brand_search,,,0
515865,02-06-2025,paid_social,prospecting_video,,,0
515866,02-06-2025,paid_search,brand_search,,,0
515867,02-06-2025,paid_search,brand_search,,,0
515868,02-06-2025,referral,,,,0
515869,02-06-2025,paid_social,prospecting_video,,,0
515870,02-06-2025,paid_search,generic_search,,,0
515871,02-06-2025,paid_search,brand_search,,,0
515872,02-06-2025,paid_search,generic_search,,,0
515873,02-06-2025,affiliate,finance_blogs,,,0
515874,02-06-2025,referral,,,,0
515875,02-06-2025,paid_social,prospecting_video,,,0
515876,02-06-2025,paid_social,retargeting,,,0
515877,02-06-2025,paid_search,generic_search,,,0
515878,02-06-2025,paid_search,generic_search,02-06-2025,monthly,19.98
515879,02-06-2025,paid_search,brand_search,,,0
515880,02-06-2025,organic,,,,0
515881,02-06-2025,paid_search,generic_search,07-06-2025,annual,79.99
515882,02-06-2025,paid_social,prospecting_video,,,0
515883,02-06-2025,referral,,,,0
515884,02-06-2025,organic,,,,0
515885,02-06-2025,organic,,,,0
515886,02-06-2025,paid_social,prospecting_video,,,0
515887,02-06-2025,paid_search,brand_search,,,0
515888,02-06-2025,paid_social,prospecting_video,,,0
515889,02-06-2025,organic,,,,0
515890,02-06-2025,paid_social,prospecting_video,,,0
515891,02-06-2025,paid_search,brand_search,,,0
515892,02-06-2025,organic,,,,0
515893,02-06-2025,paid_search,generic_search,,,0
515894,02-06-2025,paid_social,prospecting_video,,,0
515895,02-06-2025,affiliate,finance_blogs,,,0
515896,02-06-2025,organic,,,,0
515897,02-06-2025,organic,,,,0
515898,02-06-2025,paid_search,generic_search,,,0
515899,02-06-2025,paid_social,prospecting_video,,,0
515900,02-06-2025,paid_social,prospecting_video,,,0
515901,03-06-2025,paid_social,prospecting_video,,,0
515902,03-06-2025,paid_social,prospecting_video,,,0
515903,03-06-2025,paid_social,prospecting_video,,,0
515904,03-06-2025,paid_social,retargeting,,,0
515905,03-06-2025,paid_social,retargeting,,,0
515906,03-06-2025,organic,,,,0
515907,03-06-2025,paid_search,brand_search,,,0
515908,03-06-2025,paid_search,generic_search,,,0
515909,03-06-2025,paid_social,retargeting,,,0
515910,03-06-2025,organic,,03-06-2025,monthly,29.97
515911,03-06-2025,organic,,,,0
515912,03-06-2025,paid_social,prospecting_video,,,0
515913,03-06-2025,paid_social,prospecting_video,,,0
515914,03-06-2025,paid_social,retargeting,,,0
515915,03-06-2025,paid_social,prospecting_video,,,0
515916,03-06-2025,affiliate,finance_blogs,07-06-2025,annual,79.99
515917,03-06-2025,referral,,,,0
515918,03-06-2025,paid_social,retargeting,,,0
515919,03-06-2025,organic,,,,0
515920,03-06-2025,paid_search,generic_search,,,0
515921,03-06-2025,organic,,,,0
515922,03-06-2025,organic,,,,0
515923,03-06-2025,organic,,,,0
515924,03-06-2025,paid_social,retargeting,,,0
515925,03-06-2025,paid_search,brand_search,,,0
515926,03-06-2025,paid_social,prospecting_video,,,0
515927,03-06-2025,paid_search,generic_search,,,0
515928,03-06-2025,organic,,,,0
515929,03-06-2025,paid_social,retargeting,,,0
515930,03-06-2025,paid_social,retargeting,03-06-2025,monthly,29.97
515931,03-06-2025,paid_social,prospecting_video,,,0
515932,03-06-2025,organic,,,,0
515933,03-06-2025,paid_social,retargeting,,,0
515934,03-06-2025,paid_social,retargeting,,,0
515935,03-06-2025,paid_search,brand_search,,,0
515936,03-06-2025,paid_social,prospecting_video,,,0
515937,03-06-2025,paid_social,prospecting_video,03-06-2025,monthly,9.99
515938,03-06-2025,paid_social,prospecting_video,,,0
515939,03-06-2025,paid_social,prospecting_video,,,0
515940,03-06-2025,organic,,04-06-2025,monthly,29.97
515941,03-06-2025,paid_social,retargeting,13-06-2025,monthly,9.99
515942,03-06-2025,paid_social,prospecting_video,,,0
515943,03-06-2025,organic,,,,0
515944,03-06-2025,organic,,,,0
515945,03-06-2025,organic,,,,0
515946,03-06-2025,paid_social,prospecting_video,,,0
515947,03-06-2025,paid_social,retargeting,,,0
515948,03-06-2025,paid_social,prospecting_video,,,0
515949,03-06-2025,paid_social,prospecting_video,,,0
515950,03-06-2025,affiliate,finance_blogs,,,0
515951,03-06-2025,paid_search,brand_search,,,0
515952,03-06-2025,organic,,07-06-2025,monthly,9.99
515953,03-06-2025,paid_social,retargeting,,,0
515954,03-06-2025,paid_social,prospecting_video,,,0
515955,03-06-2025,paid_social,prospecting_video,,,0
515956,03-06-2025,paid_search,generic_search,,,0
515957,03-06-2025,paid_social,prospecting_video,,,0
515958,03-06-2025,paid_social,prospecting_video,,,0
515959,03-06-2025,paid_search,generic_search,,,0
515960,03-06-2025,paid_search,brand_search,,,0
515961,03-06-2025,paid_social,prospecting_video,,,0
515962,03-06-2025,paid_social,prospecting_video,,,0
515963,03-06-2025,paid_social,retargeting,,,0
515964,03-06-2025,paid_search,generic_search,04-06-2025,monthly,29.97
515965,03-06-2025,paid_social,prospecting_video,,,0
515966,03-06-2025,paid_social,retargeting,,,0
515967,03-06-2025,paid_social,prospecting_video,,,0
515968,03-06-2025,affiliate,finance_blogs,,,0
515969,03-06-2025,paid_social,prospecting_video,,,0
515970,03-06-2025,affiliate,finance_blogs,,,0
515971,03-06-2025,referral,,,,0
515972,03-06-2025,organic,,,,0
515973,03-06-2025,organic,,,,0
515974,03-06-2025,paid_social,retargeting,,,0
515975,03-06-2025,affiliate,finance_blogs,09-06-2025,monthly,9.99
515976,03-06-2025,organic,,,,0
515977,03-06-2025,paid_social,prospecting_video,,,0
515978,03-06-2025,paid_social,prospecting_video,,,0
515979,03-06-2025,paid_search,brand_search,,,0
515980,03-06-2025,paid_social,retargeting,,,0
515981,03-06-2025,paid_social,prospecting_video,,,0
515982,03-06-2025,organic,,,,0
515983,03-06-2025,paid_social,retargeting,,,0
515984,03-06-2025,paid_social,prospecting_video,,,0
515985,03-06-2025,paid_social,retargeting,,,0
515986,03-06-2025,paid_search,generic_search,,,0
515987,03-06-2025,organic,,,,0
515988,03-06-2025,paid_social,prospecting_video,,,0
515989,03-06-2025,paid_social,prospecting_video,,,0
515990,03-06-2025,paid_social,prospecting_video,,,0
515991,03-06-2025,paid_search,generic_search,,,0
515992,03-06-2025,paid_search,brand_search,,,0
515993,03-06-2025,organic,,,,0
515994,03-06-2025,paid_social,prospecting_video,,,0
515995,03-06-2025,organic,,04-06-2025,monthly,19.98
515996,03-06-2025,paid_search,brand_search,,,0
515997,03-06-2025,paid_social,prospecting_video,,,0
515998,03-06-2025,organic,,,,0
515999,03-06-2025,paid_social,prospecting_video,,,0
516000,03-06-2025,paid_search,brand_search,09-06-2025,monthly,19.98
516001,03-06-2025,paid_social,prospecting_video,,,0
516002,03-06-2025,paid_social,prospecting_video,,,0
516003,03-06-2025,paid_social,prospecting_video,,,0
516004,03-06-2025,affiliate,finance_blogs,,,0
516005,03-06-2025,organic,,,,0
516006,03-06-2025,paid_social,prospecting_video,,,0
516007,03-06-2025,paid_social,retargeting,,,0
516008,03-06-2025,affiliate,finance_blogs,,,0
516009,03-06-2025,paid_social,prospecting_video,,,0
516010,03-06-2025,paid_search,brand_search,,,0
516011,03-06-2025,organic,,,,0
516012,03-06-2025,paid_social,prospecting_video,,,0
516013,03-06-2025,affiliate,finance_blogs,,,0
516014,03-06-2025,paid_social,retargeting,,,0
516015,03-06-2025,paid_social,prospecting_video,,,0
516016,03-06-2025,organic,,,,0
516017,03-06-2025,referral,,07-06-2025,monthly,9.99
516018,03-06-2025,paid_social,prospecting_video,,,0
516019,03-06-2025,organic,,,,0
516020,03-06-2025,organic,,,,0
516021,03-06-2025,paid_social,prospecting_video,,,0
516022,04-06-2025,paid_social,retargeting,09-06-2025,monthly,29.97
516023,04-06-2025,paid_social,retargeting,,,0
516024,04-06-2025,paid_search,brand_search,09-06-2025,monthly,29.97
516025,04-06-2025,paid_social,prospecting_video,,,0
516026,04-06-2025,referral,,,,0
516027,04-06-2025,paid_social,retargeting,,,0
516028,04-06-2025,organic,,,,0
516029,04-06-2025,paid_search,generic_search,08-06-2025,monthly,19.98
516030,04-06-2025,organic,,,,0
516031,04-06-2025,organic,,,,0
516032,04-06-2025,referral,,,,0
516033,04-06-2025,paid_social,prospecting_video,05-06-2025,monthly,29.97
516034,04-06-2025,paid_search,brand_search,,,0
516035,04-06-2025,referral,,,,0
516036,04-06-2025,organic,,,,0
516037,04-06-2025,paid_social,prospecting_video,,,0
516038,04-06-2025,paid_social,retargeting,,,0
516039,04-06-2025,paid_search,generic_search,,,0
516040,04-06-2025,organic,,,,0
516041,04-06-2025,paid_search,brand_search,06-06-2025,annual,79.99
516042,04-06-2025,paid_search,brand_search,,,0
516043,04-06-2025,paid_social,retargeting,,,0
516044,04-06-2025,paid_search,brand_search,,,0
516045,04-06-2025,paid_search,generic_search,,,0
516046,04-06-2025,paid_social,prospecting_video,,,0
516047,04-06-2025,referral,,,,0
516048,04-06-2025,paid_search,generic_search,04-06-2025,annual,79.99
516049,04-06-2025,paid_social,prospecting_video,,,0
516050,04-06-2025,paid_social,prospecting_video,,,0
516051,04-06-2025,paid_social,retargeting,,,0
516052,04-06-2025,paid_social,prospecting_video,,,0
516053,04-06-2025,paid_search,generic_search,,,0
516054,04-06-2025,paid_social,prospecting_video,,,0
516055,04-06-2025,paid_social,prospecting_video,,,0
516056,04-06-2025,paid_social,retargeting,,,0
516057,04-06-2025,organic,,,,0
516058,04-06-2025,organic,,,,0
516059,04-06-2025,paid_search,generic_search,,,0
516060,04-06-2025,organic,,04-06-2025,monthly,29.97
516061,04-06-2025,paid_social,prospecting_video,,,0
516062,04-06-2025,paid_social,prospecting_video,,,0
516063,04-06-2025,organic,,,,0
516064,04-06-2025,paid_social,prospecting_video,,,0
516065,04-06-2025,affiliate,finance_blogs,,,0
516066,04-06-2025,paid_search,brand_search,10-06-2025,annual,79.99
516067,04-06-2025,paid_social,prospecting_video,15-06-2025,annual,79.99
516068,04-06-2025,paid_social,retargeting,08-06-2025,monthly,19.98
516069,04-06-2025,organic,,,,0
516070,04-06-2025,paid_search,brand_search,,,0
516071,04-06-2025,paid_search,generic_search,,,0
516072,04-06-2025,organic,,,,0
516073,04-06-2025,paid_social,prospecting_video,,,0
516074,04-06-2025,organic,,,,0
516075,04-06-2025,paid_search,generic_search,,,0
516076,04-06-2025,organic,,06-06-2025,monthly,29.97
516077,04-06-2025,paid_search,generic_search,,,0
516078,04-06-2025,organic,,08-06-2025,annual,79.99
516079,04-06-2025,affiliate,finance_blogs,,,0
516080,04-06-2025,paid_social,retargeting,10-06-2025,monthly,19.98
516081,04-06-2025,paid_search,brand_search,,,0
516082,04-06-2025,paid_search,brand_search,,,0
516083,04-06-2025,paid_search,generic_search,,,0
516084,04-06-2025,organic,,04-06-2025,monthly,19.98
516085,04-06-2025,paid_social,retargeting,05-06-2025,monthly,29.97
516086,04-06-2025,organic,,,,0
516087,04-06-2025,paid_social,prospecting_video,,,0
516088,04-06-2025,paid_search,brand_search,,,0
516089,04-06-2025,paid_search,generic_search,08-06-2025,annual,79.99
516090,04-06-2025,organic,,,,0
516091,04-06-2025,paid_search,generic_search,,,0
516092,04-06-2025,organic,,,,0
516093,04-06-2025,organic,,,,0
516094,04-06-2025,organic,,,,0
516095,04-06-2025,paid_social,retargeting,,,0
516096,04-06-2025,paid_social,retargeting,15-06-2025,monthly,19.98
516097,04-06-2025,paid_search,generic_search,,,0
516098,04-06-2025,paid_social,retargeting,,,0
516099,04-06-2025,organic,,,,0
516100,04-06-2025,paid_social,retargeting,14-06-2025,annual,79.99
516101,04-06-2025,organic,,,,0
516102,04-06-2025,paid_social,prospecting_video,,,0
516103,04-06-2025,paid_social,prospecting_video,,,0
516104,04-06-2025,paid_social,prospecting_video,09-06-2025,monthly,29.97
516105,04-06-2025,paid_social,prospecting_video,,,0
516106,04-06-2025,paid_search,generic_search,,,0
516107,04-06-2025,paid_search,brand_search,06-06-2025,monthly,19.98
516108,04-06-2025,organic,,,,0
516109,04-06-2025,paid_social,prospecting_video,,,0
516110,04-06-2025,paid_social,prospecting_video,,,0
516111,04-06-2025,paid_search,brand_search,,,0
516112,04-06-2025,paid_social,prospecting_video,,,0
516113,04-06-2025,organic,,,,0
516114,04-06-2025,paid_social,prospecting_video,,,0
516115,04-06-2025,paid_search,generic_search,,,0
516116,04-06-2025,paid_social,prospecting_video,,,0
516117,04-06-2025,organic,,,,0
516118,04-06-2025,paid_social,prospecting_video,,,0
516119,04-06-2025,organic,,,,0
516120,04-06-2025,paid_search,brand_search,,,0
516121,04-06-2025,paid_search,brand_search,,,0
516122,04-06-2025,organic,,,,0
516123,04-06-2025,paid_search,brand_search,,,0
516124,05-06-2025,paid_social,prospecting_video,,,0
516125,05-06-2025,paid_search,brand_search,07-06-2025,monthly,29.97
516126,05-06-2025,organic,,,,0
516127,05-06-2025,paid_search,brand_search,,,0
516128,05-06-2025,paid_social,prospecting_video,,,0
516129,05-06-2025,paid_social,retargeting,06-06-2025,annual,79.99
516130,05-06-2025,referral,,,,0
516131,05-06-2025,organic,,,,0
516132,05-06-2025,paid_social,prospecting_video,,,0
516133,05-06-2025,paid_search,generic_search,,,0
516134,05-06-2025,organic,,,,0
516135,05-06-2025,organic,,,,0
516136,05-06-2025,paid_social,retargeting,,,0
516137,05-06-2025,referral,,07-06-2025,annual,79.99
516138,05-06-2025,paid_search,brand_search,,,0
516139,05-06-2025,paid_social,prospecting_video,,,0
516140,05-06-2025,organic,,,,0
516141,05-06-2025,paid_search,brand_search,,,0
516142,05-06-2025,paid_social,prospecting_video,,,0
516143,05-06-2025,affiliate,finance_blogs,,,0
516144,05-06-2025,paid_social,prospecting_video,,,0
516145,05-06-2025,paid_social,prospecting_video,,,0
516146,05-06-2025,paid_social,prospecting_video,08-06-2025,monthly,19.98
516147,05-06-2025,organic,,,,0
516148,05-06-2025,paid_search,brand_search,,,0
516149,05-06-2025,paid_social,prospecting_video,,,0
516150,05-06-2025,organic,,,,0
516151,05-06-2025,paid_social,prospecting_video,,,0
516152,05-06-2025,organic,,,,0
516153,05-06-2025,organic,,,,0
516154,05-06-2025,paid_social,prospecting_video,,,0
516155,05-06-2025,paid_social,prospecting_video,,,0
516156,05-06-2025,paid_social,retargeting,,,0
516157,05-06-2025,paid_social,retargeting,06-06-2025,monthly,29.97
516158,05-06-2025,paid_search,brand_search,,,0
516159,05-06-2025,paid_social,prospecting_video,,,0
516160,05-06-2025,paid_search,generic_search,,,0
516161,05-06-2025,paid_search,brand_search,,,0
516162,05-06-2025,paid_social,prospecting_video,,,0
516163,05-06-2025,paid_social,retargeting,,,0
516164,05-06-2025,paid_search,brand_search,,,0
516165,05-06-2025,organic,,,,0
516166,05-06-2025,paid_search,generic_search,,,0
516167,05-06-2025,paid_social,retargeting,,,0
516168,05-06-2025,paid_social,prospecting_video,,,0
516169,05-06-2025,paid_social,prospecting_video,08-06-2025,monthly,29.97
516170,05-06-2025,paid_search,generic_search,,,0
516171,05-06-2025,organic,,,,0
516172,05-06-2025,paid_social,retargeting,,,0
516173,05-06-2025,paid_search,brand_search,,,0
516174,05-06-2025,paid_social,prospecting_video,,,0
516175,05-06-2025,referral,,,,0
516176,05-06-2025,paid_social,prospecting_video,,,0
516177,05-06-2025,organic,,,,0
516178,05-06-2025,paid_social,prospecting_video,,,0
516179,05-06-2025,paid_social,prospecting_video,11-06-2025,annual,79.99
516180,05-06-2025,paid_social,prospecting_video,,,0
516181,05-06-2025,paid_search,brand_search,,,0
516182,05-06-2025,paid_social,prospecting_video,,,0
516183,05-06-2025,paid_search,brand_search,,,0
516184,05-06-2025,paid_search,generic_search,,,0
516185,05-06-2025,paid_search,generic_search,,,0
516186,05-06-2025,organic,,,,0
516187,05-06-2025,paid_search,generic_search,,,0
516188,05-06-2025,paid_search,brand_search,,,0
516189,05-06-2025,paid_social,prospecting_video,,,0
516190,05-06-2025,paid_social,prospecting_video,,,0
516191,05-06-2025,paid_search,brand_search,,,0
516192,05-06-2025,paid_social,prospecting_video,,,0
516193,05-06-2025,paid_social,prospecting_video,,,0
516194,05-06-2025,paid_social,prospecting_video,,,0
516195,05-06-2025,organic,,,,0
516196,05-06-2025,paid_search,brand_search,,,0
516197,05-06-2025,organic,,,,0
516198,05-06-2025,paid_search,generic_search,,,0
516199,05-06-2025,organic,,,,0
516200,05-06-2025,organic,,,,0
516201,05-06-2025,paid_social,prospecting_video,,,0
516202,05-06-2025,paid_social,prospecting_video,,,0
516203,05-06-2025,paid_search,generic_search,,,0
516204,05-06-2025,paid_social,prospecting_video,,,0
516205,05-06-2025,paid_social,prospecting_video,,,0
516206,05-06-2025,paid_social,prospecting_video,,,0
516207,05-06-2025,paid_social,prospecting_video,,,0
516208,05-06-2025,paid_social,retargeting,,,0
516209,05-06-2025,paid_social,prospecting_video,,,0
516210,05-06-2025,paid_search,generic_search,,,0
516211,05-06-2025,paid_social,prospecting_video,,,0
516212,05-06-2025,organic,,,,0
516213,05-06-2025,referral,,,,0
516214,05-06-2025,paid_social,prospecting_video,,,0
516215,05-06-2025,referral,,06-06-2025,monthly,29.97
516216,05-06-2025,paid_social,prospecting_video,,,0
516217,05-06-2025,paid_social,prospecting_video,,,0
516218,05-06-2025,paid_social,prospecting_video,,,0
516219,05-06-2025,paid_search,brand_search,,,0
516220,05-06-2025,paid_social,prospecting_video,,,0
516221,05-06-2025,referral,,,,0
516222,05-06-2025,paid_social,prospecting_video,,,0
516223,05-06-2025,paid_search,brand_search,,,0
516224,05-06-2025,organic,,,,0
516225,05-06-2025,paid_social,prospecting_video,,,0
516226,05-06-2025,affiliate,finance_blogs,,,0
516227,05-06-2025,organic,,,,0
516228,05-06-2025,paid_social,prospecting_video,,,0
516229,05-06-2025,paid_social,retargeting,18-06-2025,monthly,29.97
516230,06-06-2025,paid_search,generic_search,,,0
516231,06-06-2025,paid_social,prospecting_video,,,0
516232,06-06-2025,affiliate,finance_blogs,,,0
516233,06-06-2025,organic,,,,0
516234,06-06-2025,paid_social,prospecting_video,,,0
516235,06-06-2025,organic,,,,0
516236,06-06-2025,paid_search,brand_search,,,0
516237,06-06-2025,paid_social,retargeting,,,0
516238,06-06-2025,paid_social,prospecting_video,,,0
516239,06-06-2025,organic,,,,0
516240,06-06-2025,paid_social,prospecting_video,,,0
516241,06-06-2025,organic,,,,0
516242,06-06-2025,paid_search,brand_search,,,0
516243,06-06-2025,paid_search,generic_search,,,0
516244,06-06-2025,paid_search,brand_search,,,0
516245,06-06-2025,referral,,,,0
516246,06-06-2025,organic,,,,0
516247,06-06-2025,paid_social,prospecting_video,,,0
516248,06-06-2025,organic,,,,0
516249,06-06-2025,organic,,,,0
516250,06-06-2025,referral,,,,0
516251,06-06-2025,organic,,,,0
516252,06-06-2025,paid_search,brand_search,,,0
516253,06-06-2025,organic,,12-06-2025,annual,79.99
516254,06-06-2025,paid_search,generic_search,,,0
516255,06-06-2025,paid_search,brand_search,,,0
516256,06-06-2025,paid_social,retargeting,,,0
516257,06-06-2025,paid_social,retargeting,,,0
516258,06-06-2025,paid_search,generic_search,,,0
516259,06-06-2025,paid_search,generic_search,,,0
516260,06-06-2025,organic,,,,0
516261,06-06-2025,paid_social,prospecting_video,,,0
516262,06-06-2025,paid_search,brand_search,,,0
516263,06-06-2025,paid_social,prospecting_video,,,0
516264,06-06-2025,paid_search,generic_search,,,0
516265,06-06-2025,paid_social,prospecting_video,,,0
516266,06-06-2025,paid_social,prospecting_video,,,0
516267,06-06-2025,affiliate,finance_blogs,,,0
516268,06-06-2025,affiliate,finance_blogs,09-06-2025,monthly,29.97
516269,06-06-2025,paid_social,prospecting_video,,,0
516270,06-06-2025,organic,,,,0
516271,06-06-2025,paid_search,brand_search,,,0
516272,06-06-2025,paid_social,retargeting,,,0
516273,06-06-2025,referral,,,,0
516274,06-06-2025,paid_search,brand_search,09-06-2025,annual,79.99
516275,06-06-2025,paid_social,prospecting_video,,,0
516276,06-06-2025,paid_search,generic_search,,,0
516277,06-06-2025,paid_social,prospecting_video,,,0
516278,06-06-2025,paid_social,retargeting,,,0
516279,06-06-2025,paid_search,generic_search,,,0
516280,06-06-2025,paid_search,brand_search,,,0
516281,06-06-2025,paid_social,retargeting,,,0
516282,06-06-2025,referral,,,,0
516283,06-06-2025,organic,,,,0
516284,06-06-2025,paid_social,retargeting,,,0
516285,06-06-2025,paid_search,brand_search,,,0
516286,06-06-2025,organic,,,,0
516287,06-06-2025,paid_social,retargeting,,,0
516288,06-06-2025,paid_social,prospecting_video,,,0
516289,06-06-2025,paid_search,brand_search,,,0
516290,06-06-2025,paid_social,prospecting_video,,,0
516291,06-06-2025,paid_search,generic_search,,,0
516292,06-06-2025,paid_social,prospecting_video,,,0
516293,06-06-2025,paid_search,generic_search,,,0
516294,06-06-2025,paid_search,generic_search,,,0
516295,06-06-2025,paid_social,prospecting_video,,,0
516296,06-06-2025,paid_social,prospecting_video,,,0
516297,06-06-2025,organic,,07-06-2025,monthly,9.99
516298,06-06-2025,paid_social,prospecting_video,,,0
516299,06-06-2025,paid_social,prospecting_video,,,0
516300,06-06-2025,paid_search,generic_search,,,0
516301,06-06-2025,organic,,,,0
516302,06-06-2025,paid_social,prospecting_video,,,0
516303,06-06-2025,paid_social,prospecting_video,,,0
516304,06-06-2025,paid_social,prospecting_video,,,0
516305,06-06-2025,paid_search,brand_search,,,0
516306,06-06-2025,paid_social,prospecting_video,,,0
516307,06-06-2025,paid_social,prospecting_video,,,0
516308,06-06-2025,referral,,,,0
516309,06-06-2025,organic,,,,0
516310,06-06-2025,paid_search,generic_search,,,0
516311,06-06-2025,paid_social,prospecting_video,,,0
516312,06-06-2025,paid_search,generic_search,,,0
516313,06-06-2025,paid_social,retargeting,,,0
516314,06-06-2025,affiliate,finance_blogs,,,0
516315,06-06-2025,paid_search,brand_search,,,0
516316,06-06-2025,organic,,,,0
516317,06-06-2025,paid_search,brand_search,08-06-2025,monthly,29.97
516318,06-06-2025,paid_search,brand_search,10-06-2025,monthly,29.97
516319,06-06-2025,paid_social,prospecting_video,,,0
516320,06-06-2025,paid_social,prospecting_video,,,0
516321,06-06-2025,paid_social,prospecting_video,,,0
516322,06-06-2025,paid_social,prospecting_video,,,0
516323,06-06-2025,paid_search,generic_search,08-06-2025,annual,79.99
516324,06-06-2025,paid_social,prospecting_video,,,0
516325,06-06-2025,paid_social,prospecting_video,11-06-2025,monthly,19.98
516326,06-06-2025,organic,,11-06-2025,monthly,19.98
516327,06-06-2025,paid_social,retargeting,,,0
516328,06-06-2025,paid_social,retargeting,,,0
516329,06-06-2025,affiliate,finance_blogs,,,0
516330,06-06-2025,organic,,,,0
516331,06-06-2025,paid_search,generic_search,,,0
516332,06-06-2025,paid_search,generic_search,,,0
516333,06-06-2025,referral,,,,0
516334,06-06-2025,paid_search,generic_search,,,0
516335,06-06-2025,paid_social,prospecting_video,,,0
516336,06-06-2025,paid_social,prospecting_video,,,0
516337,07-06-2025,paid_social,retargeting,,,0
516338,07-06-2025,organic,,,,0
516339,07-06-2025,paid_social,prospecting_video,,,0
516340,07-06-2025,organic,,,,0
516341,07-06-2025,paid_social,prospecting_video,,,0
516342,07-06-2025,paid_search,generic_search,,,0
516343,07-06-2025,paid_search,brand_search,,,0
516344,07-06-2025,referral,,,,0
516345,07-06-2025,referral,,,,0
516346,07-06-2025,paid_social,prospecting_video,,,0
516347,07-06-2025,paid_search,generic_search,,,0
516348,07-06-2025,paid_social,prospecting_video,,,0
516349,07-06-2025,organic,,,,0
516350,07-06-2025,organic,,,,0
516351,07-06-2025,paid_social,prospecting_video,,,0
516352,07-06-2025,paid_social,prospecting_video,,,0
516353,07-06-2025,paid_social,prospecting_video,,,0
516354,07-06-2025,organic,,,,0
516355,07-06-2025,paid_social,retargeting,,,0
516356,07-06-2025,referral,,,,0
516357,07-06-2025,paid_social,prospecting_video,,,0
516358,07-06-2025,organic,,,,0
516359,07-06-2025,paid_search,generic_search,,,0
516360,07-06-2025,paid_social,prospecting_video,,,0
516361,07-06-2025,organic,,,,0
516362,07-06-2025,paid_social,retargeting,,,0
516363,07-06-2025,paid_search,brand_search,09-06-2025,monthly,29.97
516364,07-06-2025,organic,,,,0
516365,07-06-2025,paid_social,retargeting,12-06-2025,monthly,29.97
516366,07-06-2025,affiliate,finance_blogs,07-06-2025,annual,79.99
516367,07-06-2025,paid_search,generic_search,,,0
516368,07-06-2025,organic,,,,0
516369,07-06-2025,organic,,,,0
516370,07-06-2025,referral,,09-06-2025,monthly,19.98
516371,07-06-2025,referral,,,,0
516372,07-06-2025,organic,,,,0
516373,07-06-2025,paid_social,retargeting,,,0
516374,07-06-2025,paid_search,brand_search,,,0
516375,07-06-2025,paid_social,retargeting,07-06-2025,monthly,19.98
516376,07-06-2025,organic,,,,0
516377,07-06-2025,paid_social,prospecting_video,,,0
516378,07-06-2025,paid_social,prospecting_video,,,0
516379,07-06-2025,organic,,,,0
516380,07-06-2025,organic,,,,0
516381,07-06-2025,referral,,16-06-2025,monthly,29.97
516382,07-06-2025,organic,,,,0
516383,07-06-2025,paid_social,retargeting,,,0
516384,07-06-2025,paid_social,prospecting_video,,,0
516385,07-06-2025,paid_search,brand_search,,,0
516386,07-06-2025,paid_social,prospecting_video,11-06-2025,monthly,29.97
516387,07-06-2025,affiliate,finance_blogs,,,0
516388,07-06-2025,paid_social,retargeting,07-06-2025,annual,79.99
516389,07-06-2025,paid_search,generic_search,,,0
516390,07-06-2025,paid_social,prospecting_video,,,0
516391,07-06-2025,organic,,08-06-2025,monthly,29.97
516392,07-06-2025,paid_social,retargeting,,,0
516393,07-06-2025,organic,,,,0
516394,07-06-2025,paid_social,prospecting_video,,,0
516395,07-06-2025,paid_search,brand_search,,,0
516396,07-06-2025,paid_social,prospecting_video,,,0
516397,07-06-2025,organic,,,,0
516398,07-06-2025,paid_search,brand_search,09-06-2025,annual,79.99
516399,07-06-2025,organic,,,,0
516400,07-06-2025,organic,,,,0
516401,07-06-2025,paid_social,prospecting_video,,,0
516402,07-06-2025,paid_social,prospecting_video,,,0
516403,07-06-2025,paid_search,brand_search,20-06-2025,monthly,29.97
516404,07-06-2025,paid_social,retargeting,09-06-2025,monthly,29.97
516405,07-06-2025,paid_search,generic_search,10-06-2025,monthly,19.98
516406,07-06-2025,paid_social,prospecting_video,,,0
516407,07-06-2025,paid_search,brand_search,,,0
516408,07-06-2025,paid_social,prospecting_video,,,0
516409,07-06-2025,paid_social,prospecting_video,,,0
516410,07-06-2025,paid_social,prospecting_video,,,0
516411,07-06-2025,paid_search,generic_search,,,0
516412,07-06-2025,organic,,,,0
516413,07-06-2025,paid_social,retargeting,10-06-2025,monthly,29.97
516414,07-06-2025,paid_search,generic_search,,,0
516415,07-06-2025,paid_search,brand_search,09-06-2025,monthly,19.98
516416,07-06-2025,paid_social,prospecting_video,,,0
516417,08-06-2025,paid_social,prospecting_video,,,0
516418,08-06-2025,organic,,,,0
516419,08-06-2025,paid_social,prospecting_video,,,0
516420,08-06-2025,paid_search,generic_search,08-06-2025,monthly,19.98
516421,08-06-2025,organic,,,,0
516422,08-06-2025,paid_search,generic_search,,,0
516423,08-06-2025,paid_social,prospecting_video,,,0
516424,08-06-2025,paid_social,prospecting_video,,,0
516425,08-06-2025,paid_social,prospecting_video,,,0
516426,08-06-2025,paid_social,prospecting_video,,,0
516427,08-06-2025,paid_search,generic_search,,,0
516428,08-06-2025,paid_social,prospecting_video,,,0
516429,08-06-2025,paid_social,prospecting_video,,,0
516430,08-06-2025,paid_social,prospecting_video,,,0
516431,08-06-2025,paid_social,prospecting_video,,,0
516432,08-06-2025,paid_search,brand_search,,,0
516433,08-06-2025,paid_social,prospecting_video,,,0
516434,08-06-2025,organic,,,,0
516435,08-06-2025,paid_social,prospecting_video,16-06-2025,annual,79.99
516436,08-06-2025,organic,,,,0
516437,08-06-2025,organic,,,,0
516438,08-06-2025,affiliate,finance_blogs,,,0
516439,08-06-2025,organic,,,,0
516440,08-06-2025,paid_search,generic_search,14-06-2025,monthly,29.97
516441,08-06-2025,organic,,,,0
516442,08-06-2025,referral,,,,0
516443,08-06-2025,paid_social,retargeting,09-06-2025,monthly,29.97
516444,08-06-2025,paid_social,prospecting_video,,,0
516445,08-06-2025,paid_social,prospecting_video,,,0
516446,08-06-2025,paid_social,prospecting_video,,,0
516447,08-06-2025,paid_social,prospecting_video,,,0
516448,08-06-2025,organic,,,,0
516449,08-06-2025,paid_social,prospecting_video,,,0
516450,08-06-2025,affiliate,finance_blogs,,,0
516451,08-06-2025,organic,,,,0
516452,08-06-2025,affiliate,finance_blogs,08-06-2025,monthly,9.99
516453,08-06-2025,paid_search,brand_search,,,0
516454,08-06-2025,paid_social,retargeting,,,0
516455,08-06-2025,paid_search,brand_search,,,0
516456,08-06-2025,organic,,,,0
516457,08-06-2025,paid_social,retargeting,,,0
516458,08-06-2025,paid_social,retargeting,,,0
516459,08-06-2025,paid_search,brand_search,,,0
516460,08-06-2025,referral,,,,0
516461,08-06-2025,organic,,,,0
516462,08-06-2025,paid_social,prospecting_video,,,0
516463,08-06-2025,paid_search,brand_search,11-06-2025,monthly,19.98
516464,08-06-2025,referral,,,,0
516465,08-06-2025,organic,,,,0
516466,08-06-2025,organic,,,,0
516467,08-06-2025,paid_social,prospecting_video,13-06-2025,monthly,29.97
516468,08-06-2025,paid_social,prospecting_video,,,0
516469,08-06-2025,organic,,13-06-2025,monthly,29.97
516470,08-06-2025,paid_search,generic_search,,,0
516471,08-06-2025,organic,,,,0
516472,08-06-2025,paid_social,retargeting,,,0
516473,08-06-2025,paid_social,prospecting_video,,,0
516474,08-06-2025,paid_social,prospecting_video,,,0
516475,08-06-2025,paid_social,prospecting_video,,,0
516476,08-06-2025,affiliate,finance_blogs,,,0
516477,08-06-2025,paid_social,prospecting_video,,,0
516478,08-06-2025,paid_social,prospecting_video,,,0
516479,08-06-2025,paid_search,brand_search,13-06-2025,monthly,29.97
516480,08-06-2025,paid_social,prospecting_video,,,0
516481,08-06-2025,paid_social,prospecting_video,,,0
516482,08-06-2025,paid_social,prospecting_video,,,0
516483,08-06-2025,paid_social,prospecting_video,,,0
516484,08-06-2025,paid_social,retargeting,,,0
516485,08-06-2025,organic,,,,0
516486,08-06-2025,paid_search,generic_search,,,0
516487,08-06-2025,paid_social,prospecting_video,,,0
516488,08-06-2025,paid_social,retargeting,09-06-2025,monthly,29.97
516489,08-06-2025,paid_search,brand_search,,,0
516490,08-06-2025,paid_search,generic_search,12-06-2025,monthly,29.97
516491,08-06-2025,paid_search,brand_search,,,0
516492,08-06-2025,organic,,,,0
516493,08-06-2025,paid_search,brand_search,,,0
516494,08-06-2025,organic,,,,0
516495,08-06-2025,paid_social,prospecting_video,,,0
516496,08-06-2025,organic,,,,0
516497,08-06-2025,paid_social,retargeting,,,0
516498,08-06-2025,paid_search,generic_search,09-06-2025,monthly,29.97
516499,08-06-2025,paid_search,generic_search,,,0
516500,08-06-2025,referral,,,,0
516501,08-06-2025,affiliate,finance_blogs,,,0
516502,08-06-2025,paid_social,prospecting_video,,,0
516503,08-06-2025,paid_search,generic_search,,,0
516504,08-06-2025,paid_social,prospecting_video,,,0
516505,08-06-2025,paid_social,prospecting_video,,,0
516506,08-06-2025,paid_search,generic_search,,,0
516507,08-06-2025,organic,,,,0
516508,08-06-2025,paid_social,retargeting,,,0
516509,08-06-2025,paid_social,retargeting,,,0
516510,08-06-2025,organic,,,,0
516511,08-06-2025,paid_search,brand_search,08-06-2025,monthly,29.97
516512,09-06-2025,paid_social,prospecting_video,,,0
516513,09-06-2025,organic,,,,0
516514,09-06-2025,paid_social,prospecting_video,,,0
516515,09-06-2025,paid_social,prospecting_video,,,0
516516,09-06-2025,paid_search,brand_search,,,0
516517,09-06-2025,paid_social,prospecting_video,,,0
516518,09-06-2025,paid_social,prospecting_video,,,0
516519,09-06-2025,paid_search,brand_search,14-06-2025,monthly,29.97
516520,09-06-2025,paid_social,prospecting_video,,,0
516521,09-06-2025,paid_social,prospecting_video,,,0
516522,09-06-2025,paid_social,prospecting_video,,,0
516523,09-06-2025,paid_search,brand_search,09-06-2025,monthly,29.97
516524,09-06-2025,paid_social,retargeting,10-06-2025,annual,79.99
516525,09-06-2025,paid_social,prospecting_video,,,0
516526,09-06-2025,organic,,13-06-2025,monthly,29.97
516527,09-06-2025,paid_social,prospecting_video,,,0
516528,09-06-2025,paid_social,retargeting,,,0
516529,09-06-2025,organic,,,,0
516530,09-06-2025,affiliate,finance_blogs,,,0
516531,09-06-2025,paid_search,generic_search,,,0
516532,09-06-2025,paid_social,retargeting,,,0
516533,09-06-2025,referral,,,,0
516534,09-06-2025,referral,,,,0
516535,09-06-2025,affiliate,finance_blogs,,,0
516536,09-06-2025,affiliate,finance_blogs,,,0
516537,09-06-2025,paid_search,brand_search,,,0
516538,09-06-2025,affiliate,finance_blogs,,,0
516539,09-06-2025,paid_social,retargeting,,,0
516540,09-06-2025,paid_social,prospecting_video,,,0
516541,09-06-2025,referral,,,,0
516542,09-06-2025,paid_social,prospecting_video,,,0
516543,09-06-2025,paid_social,prospecting_video,,,0
516544,09-06-2025,referral,,,,0
516545,09-06-2025,paid_social,prospecting_video,,,0
516546,09-06-2025,paid_social,retargeting,,,0
516547,09-06-2025,paid_search,brand_search,11-06-2025,monthly,29.97
516548,09-06-2025,paid_social,prospecting_video,,,0
516549,09-06-2025,organic,,,,0
516550,09-06-2025,paid_social,prospecting_video,,,0
516551,09-06-2025,paid_social,prospecting_video,,,0
516552,09-06-2025,referral,,,,0
516553,09-06-2025,paid_social,retargeting,09-06-2025,annual,79.99
516554,09-06-2025,paid_social,retargeting,,,0
516555,09-06-2025,paid_search,generic_search,,,0
516556,09-06-2025,paid_social,retargeting,,,0
516557,09-06-2025,paid_search,generic_search,09-06-2025,monthly,29.97
516558,09-06-2025,referral,,09-06-2025,monthly,29.97
516559,09-06-2025,paid_social,prospecting_video,,,0
516560,09-06-2025,paid_search,brand_search,,,0
516561,09-06-2025,paid_social,prospecting_video,,,0
516562,09-06-2025,paid_social,prospecting_video,,,0
516563,09-06-2025,paid_search,generic_search,,,0
516564,09-06-2025,paid_social,prospecting_video,,,0
516565,09-06-2025,paid_social,prospecting_video,,,0
516566,09-06-2025,paid_search,brand_search,,,0
516567,09-06-2025,paid_social,prospecting_video,,,0
516568,09-06-2025,paid_search,brand_search,10-06-2025,annual,79.99
516569,09-06-2025,organic,,,,0
516570,09-06-2025,paid_search,generic_search,,,0
516571,09-06-2025,paid_social,prospecting_video,,,0
516572,09-06-2025,paid_social,retargeting,09-06-2025,monthly,19.98
516573,09-06-2025,paid_social,prospecting_video,,,0
516574,09-06-2025,paid_search,generic_search,,,0
516575,09-06-2025,paid_social,retargeting,,,0
516576,09-06-2025,affiliate,finance_blogs,,,0
516577,09-06-2025,organic,,20-06-2025,annual,79.99
516578,09-06-2025,paid_search,generic_search,,,0
516579,09-06-2025,organic,,,,0
516580,09-06-2025,organic,,,,0
516581,09-06-2025,organic,,12-06-2025,monthly,29.97
516582,09-06-2025,paid_search,brand_search,,,0
516583,09-06-2025,paid_search,generic_search,,,0
516584,09-06-2025,paid_social,retargeting,,,0
516585,09-06-2025,paid_search,brand_search,,,0
516586,09-06-2025,organic,,,,0
516587,09-06-2025,paid_search,generic_search,09-06-2025,monthly,29.97
516588,09-06-2025,paid_social,prospecting_video,,,0
516589,09-06-2025,paid_search,brand_search,,,0
516590,09-06-2025,paid_search,brand_search,,,0
516591,09-06-2025,paid_social,retargeting,,,0
516592,09-06-2025,paid_social,prospecting_video,,,0
516593,09-06-2025,paid_social,prospecting_video,,,0
516594,09-06-2025,paid_social,retargeting,,,0
516595,09-06-2025,paid_search,brand_search,,,0
516596,09-06-2025,organic,,15-06-2025,monthly,29.97
516597,09-06-2025,paid_social,prospecting_video,,,0
516598,09-06-2025,organic,,,,0
516599,09-06-2025,organic,,19-06-2025,monthly,29.97
516600,09-06-2025,organic,,,,0
516601,09-06-2025,paid_social,prospecting_video,,,0
516602,09-06-2025,organic,,,,0
516603,09-06-2025,paid_social,retargeting,10-06-2025,monthly,29.97
516604,09-06-2025,paid_social,retargeting,,,0
516605,09-06-2025,paid_search,generic_search,,,0
516606,09-06-2025,organic,,,,0
516607,09-06-2025,paid_search,brand_search,,,0
516608,09-06-2025,referral,,,,0
516609,09-06-2025,paid_social,prospecting_video,,,0
516610,09-06-2025,paid_social,prospecting_video,,,0
516611,09-06-2025,paid_social,prospecting_video,,,0
516612,09-06-2025,referral,,,,0
516613,09-06-2025,paid_search,generic_search,,,0
516614,09-06-2025,paid_social,prospecting_video,,,0
516615,09-06-2025,paid_social,retargeting,,,0
516616,09-06-2025,organic,,,,0
516617,09-06-2025,paid_social,prospecting_video,,,0
516618,09-06-2025,paid_social,retargeting,,,0
516619,09-06-2025,paid_social,retargeting,,,0
516620,09-06-2025,paid_search,brand_search,,,0
516621,09-06-2025,paid_social,prospecting_video,,,0
516622,09-06-2025,paid_social,prospecting_video,,,0
516623,09-06-2025,organic,,,,0
516624,09-06-2025,affiliate,finance_blogs,,,0
516625,09-06-2025,paid_social,retargeting,,,0
516626,09-06-2025,organic,,,,0
516627,09-06-2025,paid_social,prospecting_video,,,0
516628,09-06-2025,organic,,,,0
516629,09-06-2025,paid_social,prospecting_video,,,0
516630,09-06-2025,paid_social,retargeting,,,0
516631,09-06-2025,paid_social,retargeting,,,0
516632,09-06-2025,organic,,,,0
516633,10-06-2025,organic,,,,0
516634,10-06-2025,paid_search,generic_search,,,0
516635,10-06-2025,paid_search,brand_search,,,0
516636,10-06-2025,referral,,,,0
516637,10-06-2025,paid_search,generic_search,,,0
516638,10-06-2025,paid_search,brand_search,14-06-2025,monthly,29.97
516639,10-06-2025,paid_social,prospecting_video,,,0
516640,10-06-2025,paid_social,prospecting_video,,,0
516641,10-06-2025,organic,,,,0
516642,10-06-2025,organic,,14-06-2025,monthly,29.97
516643,10-06-2025,paid_social,prospecting_video,,,0
516644,10-06-2025,paid_social,prospecting_video,,,0
516645,10-06-2025,organic,,,,0
516646,10-06-2025,paid_search,generic_search,,,0
516647,10-06-2025,paid_social,prospecting_video,,,0
516648,10-06-2025,paid_social,prospecting_video,,,0
516649,10-06-2025,paid_search,brand_search,,,0
516650,10-06-2025,affiliate,finance_blogs,,,0
516651,10-06-2025,paid_social,prospecting_video,,,0
516652,10-06-2025,paid_social,prospecting_video,15-06-2025,monthly,29.97
516653,10-06-2025,organic,,,,0
516654,10-06-2025,paid_social,prospecting_video,,,0
516655,10-06-2025,affiliate,finance_blogs,,,0
516656,10-06-2025,paid_social,prospecting_video,,,0
516657,10-06-2025,paid_search,brand_search,,,0
516658,10-06-2025,paid_social,prospecting_video,,,0
516659,10-06-2025,paid_social,prospecting_video,,,0
516660,10-06-2025,paid_social,prospecting_video,,,0
516661,10-06-2025,paid_social,prospecting_video,,,0
516662,10-06-2025,paid_social,prospecting_video,,,0
516663,10-06-2025,paid_social,prospecting_video,23-06-2025,annual,79.99
516664,10-06-2025,paid_social,prospecting_video,,,0
516665,10-06-2025,paid_social,prospecting_video,,,0
516666,10-06-2025,affiliate,finance_blogs,,,0
516667,10-06-2025,paid_social,retargeting,,,0
516668,10-06-2025,paid_social,retargeting,,,0
516669,10-06-2025,paid_social,retargeting,11-06-2025,monthly,29.97
516670,10-06-2025,paid_social,prospecting_video,,,0
516671,10-06-2025,paid_social,prospecting_video,,,0
516672,10-06-2025,paid_social,prospecting_video,,,0
516673,10-06-2025,paid_search,generic_search,,,0
516674,10-06-2025,organic,,,,0
516675,10-06-2025,organic,,,,0
516676,10-06-2025,paid_search,brand_search,,,0
516677,10-06-2025,paid_social,prospecting_video,18-06-2025,monthly,29.97
516678,10-06-2025,organic,,,,0
516679,10-06-2025,affiliate,finance_blogs,,,0
516680,10-06-2025,paid_social,retargeting,,,0
516681,10-06-2025,paid_social,prospecting_video,,,0
516682,10-06-2025,paid_social,retargeting,,,0
516683,10-06-2025,paid_social,prospecting_video,,,0
516684,10-06-2025,affiliate,finance_blogs,,,0
516685,10-06-2025,paid_social,retargeting,13-06-2025,annual,79.99
516686,10-06-2025,paid_social,prospecting_video,,,0
516687,10-06-2025,paid_social,prospecting_video,,,0
516688,10-06-2025,paid_social,prospecting_video,,,0
516689,10-06-2025,paid_social,retargeting,,,0
516690,10-06-2025,paid_search,brand_search,,,0
516691,10-06-2025,affiliate,finance_blogs,16-06-2025,monthly,29.97
516692,10-06-2025,paid_social,prospecting_video,,,0
516693,10-06-2025,paid_social,prospecting_video,,,0
516694,10-06-2025,paid_social,prospecting_video,,,0
516695,10-06-2025,paid_social,prospecting_video,,,0
516696,10-06-2025,affiliate,finance_blogs,,,0
516697,10-06-2025,paid_social,prospecting_video,,,0
516698,10-06-2025,paid_social,prospecting_video,,,0
516699,10-06-2025,paid_social,prospecting_video,,,0
516700,10-06-2025,paid_social,prospecting_video,,,0
516701,10-06-2025,paid_social,prospecting_video,,,0
516702,10-06-2025,paid_social,retargeting,18-06-2025,annual,79.99
516703,10-06-2025,organic,,,,0
516704,10-06-2025,paid_social,prospecting_video,,,0
516705,10-06-2025,paid_search,generic_search,,,0
516706,10-06-2025,organic,,,,0
516707,10-06-2025,paid_social,prospecting_video,,,0
516708,10-06-2025,organic,,,,0
516709,10-06-2025,affiliate,finance_blogs,,,0
516710,10-06-2025,paid_social,prospecting_video,,,0
516711,10-06-2025,paid_social,prospecting_video,,,0
516712,10-06-2025,organic,,,,0
516713,10-06-2025,paid_search,generic_search,14-06-2025,monthly,29.97
516714,10-06-2025,paid_social,retargeting,12-06-2025,monthly,29.97
516715,10-06-2025,paid_search,generic_search,,,0
516716,10-06-2025,paid_social,prospecting_video,,,0
516717,10-06-2025,paid_search,brand_search,,,0
516718,10-06-2025,paid_social,prospecting_video,,,0
516719,10-06-2025,organic,,,,0
516720,10-06-2025,paid_social,prospecting_video,,,0
516721,10-06-2025,paid_search,brand_search,12-06-2025,monthly,29.97
516722,10-06-2025,paid_social,prospecting_video,,,0
516723,10-06-2025,paid_search,brand_search,10-06-2025,annual,79.99
516724,10-06-2025,paid_social,retargeting,,,0
516725,10-06-2025,paid_social,prospecting_video,,,0
516726,10-06-2025,organic,,,,0
516727,10-06-2025,organic,,,,0
516728,10-06-2025,paid_search,brand_search,12-06-2025,monthly,19.98
516729,10-06-2025,paid_social,prospecting_video,,,0
516730,10-06-2025,paid_search,brand_search,,,0
516731,10-06-2025,organic,,,,0
516732,10-06-2025,paid_search,brand_search,,,0
516733,10-06-2025,paid_social,prospecting_video,,,0
516734,10-06-2025,paid_search,generic_search,,,0
516735,10-06-2025,paid_social,prospecting_video,,,0
516736,10-06-2025,paid_social,retargeting,,,0
516737,10-06-2025,paid_social,retargeting,,,0
516738,10-06-2025,paid_search,generic_search,16-06-2025,monthly,29.97
516739,10-06-2025,organic,,,,0
516740,10-06-2025,organic,,,,0
516741,10-06-2025,organic,,,,0
516742,11-06-2025,paid_social,prospecting_video,,,0
516743,11-06-2025,paid_social,prospecting_video,,,0
516744,11-06-2025,paid_social,prospecting_video,,,0
516745,11-06-2025,paid_social,prospecting_video,,,0
516746,11-06-2025,paid_social,retargeting,,,0
516747,11-06-2025,organic,,,,0
516748,11-06-2025,paid_social,prospecting_video,,,0
516749,11-06-2025,affiliate,finance_blogs,,,0
516750,11-06-2025,referral,,11-06-2025,monthly,29.97
516751,11-06-2025,organic,,,,0
516752,11-06-2025,paid_social,prospecting_video,,,0
516753,11-06-2025,organic,,,,0
516754,11-06-2025,organic,,,,0
516755,11-06-2025,paid_social,prospecting_video,,,0
516756,11-06-2025,paid_social,prospecting_video,,,0
516757,11-06-2025,organic,,,,0
516758,11-06-2025,paid_social,prospecting_video,,,0
516759,11-06-2025,affiliate,finance_blogs,15-06-2025,monthly,29.97
516760,11-06-2025,paid_social,prospecting_video,,,0
516761,11-06-2025,paid_search,brand_search,,,0
516762,11-06-2025,paid_social,retargeting,,,0
516763,11-06-2025,paid_search,generic_search,11-06-2025,annual,79.99
516764,11-06-2025,paid_social,retargeting,14-06-2025,monthly,19.98
516765,11-06-2025,paid_search,brand_search,,,0
516766,11-06-2025,organic,,,,0
516767,11-06-2025,paid_search,brand_search,11-06-2025,monthly,29.97
516768,11-06-2025,paid_social,prospecting_video,,,0
516769,11-06-2025,paid_social,retargeting,,,0
516770,11-06-2025,paid_search,brand_search,,,0
516771,11-06-2025,paid_social,prospecting_video,,,0
516772,11-06-2025,organic,,13-06-2025,monthly,29.97
516773,11-06-2025,affiliate,finance_blogs,,,0
516774,11-06-2025,paid_social,prospecting_video,,,0
516775,11-06-2025,organic,,,,0
516776,11-06-2025,paid_social,prospecting_video,,,0
516777,11-06-2025,paid_search,generic_search,,,0
516778,11-06-2025,paid_social,prospecting_video,,,0
516779,11-06-2025,paid_social,retargeting,,,0
516780,11-06-2025,paid_social,prospecting_video,,,0
516781,11-06-2025,paid_social,prospecting_video,,,0
516782,11-06-2025,paid_social,prospecting_video,,,0
516783,11-06-2025,paid_social,prospecting_video,,,0
516784,11-06-2025,organic,,,,0
516785,11-06-2025,paid_social,prospecting_video,,,0
516786,11-06-2025,paid_social,prospecting_video,,,0
516787,11-06-2025,paid_social,retargeting,,,0
516788,11-06-2025,paid_search,generic_search,,,0
516789,11-06-2025,paid_search,generic_search,,,0
516790,11-06-2025,paid_social,prospecting_video,,,0
516791,11-06-2025,organic,,,,0
516792,11-06-2025,paid_search,brand_search,,,0
516793,11-06-2025,paid_social,prospecting_video,,,0
516794,11-06-2025,paid_search,brand_search,,,0
516795,11-06-2025,paid_social,prospecting_video,,,0
516796,11-06-2025,affiliate,finance_blogs,,,0
516797,11-06-2025,organic,,,,0
516798,11-06-2025,paid_social,prospecting_video,,,0
516799,11-06-2025,organic,,,,0
516800,11-06-2025,referral,,,,0
516801,11-06-2025,paid_search,generic_search,,,0
516802,11-06-2025,paid_social,prospecting_video,,,0
516803,11-06-2025,organic,,,,0
516804,11-06-2025,paid_social,retargeting,,,0
516805,11-06-2025,organic,,16-06-2025,annual,79.99
516806,11-06-2025,organic,,,,0
516807,11-06-2025,affiliate,finance_blogs,,,0
516808,11-06-2025,affiliate,finance_blogs,,,0
516809,11-06-2025,paid_social,retargeting,,,0
516810,11-06-2025,paid_social,prospecting_video,,,0
516811,11-06-2025,organic,,,,0
516812,11-06-2025,paid_social,prospecting_video,,,0
516813,11-06-2025,paid_social,prospecting_video,,,0
516814,11-06-2025,organic,,,,0
516815,11-06-2025,paid_social,prospecting_video,,,0
516816,11-06-2025,organic,,,,0
516817,11-06-2025,paid_social,retargeting,,,0
516818,11-06-2025,paid_social,prospecting_video,,,0
516819,11-06-2025,paid_search,generic_search,,,0
516820,11-06-2025,affiliate,finance_blogs,24-06-2025,monthly,29.97
516821,11-06-2025,paid_search,brand_search,,,0
516822,11-06-2025,organic,,,,0
516823,11-06-2025,paid_social,prospecting_video,,,0
516824,11-06-2025,paid_social,prospecting_video,,,0
516825,11-06-2025,paid_social,retargeting,,,0
516826,11-06-2025,paid_search,generic_search,,,0
516827,11-06-2025,paid_search,brand_search,11-06-2025,monthly,29.97
516828,11-06-2025,organic,,,,0
516829,11-06-2025,paid_search,generic_search,17-06-2025,monthly,29.97
516830,11-06-2025,paid_social,prospecting_video,,,0
516831,11-06-2025,paid_search,generic_search,,,0
516832,11-06-2025,paid_social,prospecting_video,,,0
516833,11-06-2025,referral,,,,0
516834,11-06-2025,paid_search,brand_search,,,0
516835,11-06-2025,referral,,,,0
516836,11-06-2025,paid_social,retargeting,,,0
516837,11-06-2025,paid_social,prospecting_video,,,0
516838,11-06-2025,paid_social,prospecting_video,,,0
516839,11-06-2025,organic,,,,0
516840,11-06-2025,paid_social,retargeting,,,0
516841,11-06-2025,paid_social,prospecting_video,,,0
516842,11-06-2025,paid_social,prospecting_video,,,0
516843,11-06-2025,organic,,,,0
516844,11-06-2025,paid_social,prospecting_video,,,0
516845,11-06-2025,paid_social,prospecting_video,,,0
516846,11-06-2025,organic,,,,0
516847,11-06-2025,referral,,,,0
516848,12-06-2025,paid_social,retargeting,13-06-2025,monthly,19.98
516849,12-06-2025,paid_social,retargeting,,,0
516850,12-06-2025,paid_social,prospecting_video,,,0
516851,12-06-2025,organic,,24-06-2025,monthly,9.99
516852,12-06-2025,organic,,,,0
516853,12-06-2025,paid_social,prospecting_video,,,0
516854,12-06-2025,paid_social,prospecting_video,,,0
516855,12-06-2025,organic,,,,0
516856,12-06-2025,paid_social,prospecting_video,,,0
516857,12-06-2025,organic,,15-06-2025,monthly,29.97
516858,12-06-2025,paid_social,prospecting_video,,,0
516859,12-06-2025,paid_social,retargeting,,,0
516860,12-06-2025,paid_search,generic_search,,,0
516861,12-06-2025,referral,,,,0
516862,12-06-2025,paid_social,prospecting_video,,,0
516863,12-06-2025,paid_search,generic_search,14-06-2025,monthly,29.97
516864,12-06-2025,paid_search,brand_search,,,0
516865,12-06-2025,paid_social,prospecting_video,,,0
516866,12-06-2025,paid_social,prospecting_video,,,0
516867,12-06-2025,paid_social,prospecting_video,,,0
516868,12-06-2025,paid_social,retargeting,16-06-2025,monthly,9.99
516869,12-06-2025,affiliate,finance_blogs,,,0
516870,12-06-2025,paid_social,prospecting_video,,,0
516871,12-06-2025,paid_social,prospecting_video,,,0
516872,12-06-2025,organic,,,,0
516873,12-06-2025,paid_social,prospecting_video,,,0
516874,12-06-2025,paid_search,brand_search,22-06-2025,monthly,19.98
516875,12-06-2025,paid_social,prospecting_video,,,0
516876,12-06-2025,paid_social,prospecting_video,,,0
516877,12-06-2025,referral,,12-06-2025,monthly,29.97
516878,12-06-2025,organic,,,,0
516879,12-06-2025,paid_social,prospecting_video,,,0
516880,12-06-2025,paid_search,generic_search,,,0
516881,12-06-2025,paid_social,retargeting,,,0
516882,12-06-2025,paid_search,generic_search,,,0
516883,12-06-2025,paid_social,prospecting_video,,,0
516884,12-06-2025,organic,,,,0
516885,12-06-2025,paid_social,retargeting,,,0
516886,12-06-2025,paid_social,prospecting_video,,,0
516887,12-06-2025,paid_social,prospecting_video,,,0
516888,12-06-2025,paid_social,prospecting_video,,,0
516889,12-06-2025,affiliate,finance_blogs,,,0
516890,12-06-2025,referral,,,,0
516891,12-06-2025,paid_search,generic_search,20-06-2025,monthly,9.99
516892,12-06-2025,paid_search,generic_search,13-06-2025,monthly,9.99
516893,12-06-2025,paid_social,retargeting,,,0
516894,12-06-2025,paid_social,prospecting_video,,,0
516895,12-06-2025,organic,,,,0
516896,12-06-2025,paid_social,prospecting_video,,,0
516897,12-06-2025,paid_social,prospecting_video,,,0
516898,12-06-2025,organic,,,,0
516899,12-06-2025,paid_social,prospecting_video,,,0
516900,12-06-2025,paid_search,generic_search,,,0
516901,12-06-2025,paid_social,prospecting_video,,,0
516902,12-06-2025,paid_social,prospecting_video,,,0
516903,12-06-2025,paid_search,brand_search,,,0
516904,12-06-2025,paid_search,generic_search,,,0
516905,12-06-2025,organic,,,,0
516906,12-06-2025,paid_social,prospecting_video,,,0
516907,12-06-2025,paid_social,retargeting,,,0
516908,12-06-2025,organic,,,,0
516909,12-06-2025,paid_social,retargeting,,,0
516910,12-06-2025,paid_search,brand_search,,,0
516911,12-06-2025,paid_search,generic_search,,,0
516912,12-06-2025,paid_social,prospecting_video,,,0
516913,12-06-2025,paid_social,prospecting_video,,,0
516914,12-06-2025,paid_social,retargeting,,,0
516915,12-06-2025,paid_social,prospecting_video,,,0
516916,12-06-2025,paid_social,prospecting_video,,,0
516917,12-06-2025,paid_social,prospecting_video,,,0
516918,12-06-2025,paid_search,brand_search,,,0
516919,12-06-2025,paid_social,prospecting_video,,,0
516920,12-06-2025,affiliate,finance_blogs,,,0
516921,12-06-2025,paid_social,retargeting,12-06-2025,annual,79.99
516922,12-06-2025,paid_social,prospecting_video,,,0
516923,12-06-2025,paid_social,prospecting_video,,,0
516924,12-06-2025,paid_social,prospecting_video,,,0
516925,12-06-2025,paid_search,brand_search,,,0
516926,12-06-2025,paid_social,prospecting_video,,,0
516927,12-06-2025,organic,,,,0
516928,12-06-2025,paid_social,prospecting_video,,,0
516929,12-06-2025,paid_search,generic_search,,,0
516930,12-06-2025,paid_social,prospecting_video,,,0
516931,12-06-2025,paid_social,prospecting_video,,,0
516932,12-06-2025,paid_social,prospecting_video,,,0
516933,12-06-2025,paid_social,retargeting,,,0
516934,12-06-2025,paid_search,brand_search,13-06-2025,monthly,19.98
516935,12-06-2025,paid_search,brand_search,,,0
516936,12-06-2025,affiliate,finance_blogs,,,0
516937,12-06-2025,affiliate,finance_blogs,,,0
516938,12-06-2025,organic,,,,0
516939,12-06-2025,affiliate,finance_blogs,13-06-2025,monthly,9.99
516940,12-06-2025,referral,,13-06-2025,monthly,29.97
516941,12-06-2025,paid_social,prospecting_video,,,0
516942,12-06-2025,paid_social,prospecting_video,,,0
516943,12-06-2025,paid_search,generic_search,17-06-2025,monthly,9.99
516944,12-06-2025,paid_social,prospecting_video,,,0
516945,12-06-2025,paid_social,prospecting_video,,,0
516946,12-06-2025,paid_social,prospecting_video,,,0
516947,12-06-2025,organic,,,,0
516948,12-06-2025,paid_social,prospecting_video,,,0
516949,12-06-2025,paid_social,prospecting_video,,,0
516950,12-06-2025,organic,,,,0
516951,12-06-2025,paid_social,retargeting,15-06-2025,monthly,29.97
516952,13-06-2025,paid_social,prospecting_video,,,0
516953,13-06-2025,paid_search,brand_search,,,0
516954,13-06-2025,paid_social,prospecting_video,,,0
516955,13-06-2025,paid_search,generic_search,14-06-2025,monthly,29.97
516956,13-06-2025,paid_social,prospecting_video,,,0
516957,13-06-2025,paid_social,retargeting,,,0
516958,13-06-2025,paid_social,prospecting_video,,,0
516959,13-06-2025,organic,,,,0
516960,13-06-2025,paid_social,prospecting_video,,,0
516961,13-06-2025,paid_search,generic_search,,,0
516962,13-06-2025,paid_search,brand_search,,,0
516963,13-06-2025,paid_social,prospecting_video,,,0
516964,13-06-2025,paid_social,prospecting_video,,,0
516965,13-06-2025,referral,,,,0
516966,13-06-2025,affiliate,finance_blogs,19-06-2025,annual,79.99
516967,13-06-2025,paid_social,prospecting_video,,,0
516968,13-06-2025,affiliate,finance_blogs,,,0
516969,13-06-2025,paid_search,generic_search,,,0
516970,13-06-2025,paid_social,prospecting_video,,,0
516971,13-06-2025,paid_social,prospecting_video,,,0
516972,13-06-2025,paid_search,brand_search,,,0
516973,13-06-2025,organic,,,,0
516974,13-06-2025,paid_search,generic_search,16-06-2025,annual,79.99
516975,13-06-2025,paid_social,prospecting_video,,,0
516976,13-06-2025,paid_search,brand_search,,,0
516977,13-06-2025,organic,,,,0
516978,13-06-2025,paid_social,retargeting,,,0
516979,13-06-2025,paid_social,prospecting_video,,,0
516980,13-06-2025,paid_social,prospecting_video,,,0
516981,13-06-2025,paid_social,prospecting_video,,,0
516982,13-06-2025,paid_social,prospecting_video,,,0
516983,13-06-2025,paid_social,prospecting_video,,,0
516984,13-06-2025,paid_search,generic_search,,,0
516985,13-06-2025,organic,,,,0
516986,13-06-2025,paid_social,prospecting_video,,,0
516987,13-06-2025,organic,,,,0
516988,13-06-2025,referral,,15-06-2025,annual,79.99
516989,13-06-2025,organic,,,,0
516990,13-06-2025,paid_social,retargeting,,,0
516991,13-06-2025,paid_social,prospecting_video,,,0
516992,13-06-2025,organic,,,,0
516993,13-06-2025,paid_social,prospecting_video,,,0
516994,13-06-2025,paid_search,generic_search,,,0
516995,13-06-2025,organic,,,,0
516996,13-06-2025,paid_search,generic_search,,,0
516997,13-06-2025,paid_search,generic_search,,,0
516998,13-06-2025,paid_social,prospecting_video,,,0
516999,13-06-2025,paid_social,retargeting,,,0
517000,13-06-2025,paid_search,brand_search,,,0
517001,13-06-2025,paid_social,prospecting_video,,,0
517002,13-06-2025,paid_social,retargeting,25-06-2025,monthly,29.97
517003,13-06-2025,paid_social,prospecting_video,,,0
517004,13-06-2025,organic,,,,0
517005,13-06-2025,paid_search,generic_search,,,0
517006,13-06-2025,organic,,,,0
517007,13-06-2025,paid_social,prospecting_video,,,0
517008,13-06-2025,paid_social,prospecting_video,,,0
517009,13-06-2025,organic,,,,0
517010,13-06-2025,paid_social,prospecting_video,,,0
517011,13-06-2025,paid_social,prospecting_video,,,0
517012,13-06-2025,paid_search,generic_search,,,0
517013,13-06-2025,affiliate,finance_blogs,,,0
517014,13-06-2025,paid_search,brand_search,,,0
517015,13-06-2025,paid_search,brand_search,,,0
517016,13-06-2025,paid_search,brand_search,,,0
517017,13-06-2025,paid_social,retargeting,,,0
517018,13-06-2025,paid_social,prospecting_video,,,0
517019,13-06-2025,organic,,,,0
517020,13-06-2025,organic,,13-06-2025,monthly,29.97
517021,13-06-2025,organic,,,,0
517022,13-06-2025,affiliate,finance_blogs,,,0
517023,13-06-2025,paid_social,prospecting_video,,,0
517024,13-06-2025,paid_social,prospecting_video,,,0
517025,13-06-2025,organic,,,,0
517026,13-06-2025,affiliate,finance_blogs,,,0
517027,13-06-2025,paid_social,prospecting_video,,,0
517028,13-06-2025,paid_social,prospecting_video,,,0
517029,13-06-2025,organic,,,,0
517030,13-06-2025,paid_social,prospecting_video,,,0
517031,13-06-2025,paid_social,prospecting_video,,,0
517032,13-06-2025,organic,,,,0
517033,13-06-2025,paid_social,prospecting_video,,,0
517034,13-06-2025,paid_search,brand_search,,,0
517035,13-06-2025,organic,,,,0
517036,13-06-2025,organic,,,,0
517037,13-06-2025,paid_social,prospecting_video,,,0
517038,13-06-2025,referral,,,,0
517039,13-06-2025,paid_social,retargeting,,,0
517040,13-06-2025,paid_social,prospecting_video,,,0
517041,13-06-2025,paid_social,prospecting_video,,,0
517042,13-06-2025,referral,,,,0
517043,13-06-2025,paid_social,prospecting_video,,,0
517044,13-06-2025,paid_social,prospecting_video,,,0
517045,13-06-2025,paid_search,brand_search,,,0
517046,13-06-2025,paid_search,brand_search,14-06-2025,monthly,29.97
517047,13-06-2025,organic,,,,0
517048,13-06-2025,paid_social,prospecting_video,,,0
517049,13-06-2025,paid_search,brand_search,,,0
517050,13-06-2025,organic,,,,0
517051,13-06-2025,paid_social,prospecting_video,,,0
517052,13-06-2025,paid_social,prospecting_video,,,0
517053,13-06-2025,paid_social,prospecting_video,,,0
517054,13-06-2025,organic,,,,0
517055,13-06-2025,paid_social,retargeting,,,0
517056,13-06-2025,paid_search,brand_search,,,0
517057,13-06-2025,paid_social,prospecting_video,,,0
517058,13-06-2025,paid_social,prospecting_video,,,0
517059,13-06-2025,paid_social,prospecting_video,,,0
517060,13-06-2025,organic,,,,0
517061,13-06-2025,paid_social,retargeting,,,0
517062,13-06-2025,paid_social,prospecting_video,,,0
517063,13-06-2025,paid_social,prospecting_video,,,0
517064,13-06-2025,paid_social,prospecting_video,,,0
517065,14-06-2025,affiliate,finance_blogs,,,0
517066,14-06-2025,organic,,17-06-2025,monthly,29.97
517067,14-06-2025,paid_search,generic_search,,,0
517068,14-06-2025,paid_social,prospecting_video,,,0
517069,14-06-2025,paid_social,retargeting,24-06-2025,monthly,29.97
517070,14-06-2025,paid_social,prospecting_video,,,0
517071,14-06-2025,paid_social,retargeting,16-06-2025,monthly,29.97
517072,14-06-2025,referral,,,,0
517073,14-06-2025,organic,,,,0
517074,14-06-2025,paid_social,prospecting_video,,,0
517075,14-06-2025,affiliate,finance_blogs,,,0
517076,14-06-2025,paid_social,prospecting_video,,,0
517077,14-06-2025,paid_social,retargeting,,,0
517078,14-06-2025,paid_search,generic_search,,,0
517079,14-06-2025,affiliate,finance_blogs,,,0
517080,14-06-2025,organic,,,,0
517081,14-06-2025,paid_social,prospecting_video,,,0
517082,14-06-2025,paid_social,retargeting,,,0
517083,14-06-2025,paid_social,prospecting_video,14-06-2025,annual,79.99
517084,14-06-2025,organic,,16-06-2025,monthly,29.97
517085,14-06-2025,paid_social,prospecting_video,,,0
517086,14-06-2025,paid_search,brand_search,,,0
517087,14-06-2025,organic,,14-06-2025,monthly,29.97
517088,14-06-2025,paid_social,prospecting_video,,,0
517089,14-06-2025,paid_social,prospecting_video,,,0
517090,14-06-2025,paid_social,prospecting_video,,,0
517091,14-06-2025,paid_search,brand_search,,,0
517092,14-06-2025,paid_social,prospecting_video,,,0
517093,14-06-2025,referral,,,,0
517094,14-06-2025,paid_social,retargeting,,,0
517095,14-06-2025,paid_social,retargeting,,,0
517096,14-06-2025,paid_social,prospecting_video,,,0
517097,14-06-2025,paid_social,prospecting_video,,,0
517098,14-06-2025,organic,,,,0
517099,14-06-2025,paid_search,brand_search,,,0
517100,14-06-2025,paid_social,prospecting_video,15-06-2025,annual,79.99
517101,14-06-2025,organic,,,,0
517102,14-06-2025,paid_social,retargeting,14-06-2025,monthly,29.97
517103,14-06-2025,paid_social,retargeting,,,0
517104,14-06-2025,paid_search,brand_search,,,0
517105,14-06-2025,organic,,,,0
517106,14-06-2025,paid_social,prospecting_video,,,0
517107,14-06-2025,paid_social,prospecting_video,,,0
517108,14-06-2025,paid_search,brand_search,,,0
517109,14-06-2025,paid_search,brand_search,22-06-2025,monthly,9.99
517110,14-06-2025,organic,,,,0
517111,14-06-2025,affiliate,finance_blogs,,,0
517112,14-06-2025,organic,,,,0
517113,14-06-2025,paid_social,prospecting_video,,,0
517114,14-06-2025,organic,,,,0
517115,14-06-2025,paid_social,prospecting_video,,,0
517116,14-06-2025,paid_social,prospecting_video,,,0
517117,14-06-2025,paid_search,brand_search,,,0
517118,14-06-2025,paid_social,prospecting_video,15-06-2025,monthly,29.97
517119,14-06-2025,paid_social,prospecting_video,,,0
517120,14-06-2025,paid_social,prospecting_video,,,0
517121,14-06-2025,organic,,,,0
517122,14-06-2025,paid_social,prospecting_video,,,0
517123,14-06-2025,referral,,,,0
517124,14-06-2025,paid_social,retargeting,,,0
517125,14-06-2025,paid_search,generic_search,,,0
517126,14-06-2025,organic,,,,0
517127,14-06-2025,paid_social,retargeting,,,0
517128,14-06-2025,paid_social,prospecting_video,,,0
517129,14-06-2025,paid_search,generic_search,,,0
517130,14-06-2025,paid_social,prospecting_video,,,0
517131,14-06-2025,paid_search,brand_search,,,0
517132,14-06-2025,paid_social,prospecting_video,18-06-2025,monthly,29.97
517133,14-06-2025,paid_search,generic_search,,,0
517134,14-06-2025,paid_social,prospecting_video,,,0
517135,14-06-2025,paid_social,prospecting_video,,,0
517136,14-06-2025,paid_social,prospecting_video,,,0
517137,14-06-2025,paid_search,generic_search,,,0
517138,14-06-2025,organic,,,,0
517139,14-06-2025,paid_social,retargeting,,,0
517140,14-06-2025,paid_search,generic_search,14-06-2025,monthly,29.97
517141,14-06-2025,organic,,,,0
517142,14-06-2025,organic,,,,0
517143,14-06-2025,paid_social,prospecting_video,,,0
517144,14-06-2025,affiliate,finance_blogs,,,0
517145,14-06-2025,paid_social,prospecting_video,18-06-2025,monthly,29.97
517146,14-06-2025,paid_social,prospecting_video,,,0
517147,14-06-2025,organic,,,,0
517148,14-06-2025,paid_social,prospecting_video,,,0
517149,14-06-2025,paid_search,brand_search,,,0
517150,14-06-2025,organic,,,,0
517151,14-06-2025,organic,,,,0
517152,15-06-2025,paid_social,prospecting_video,,,0
517153,15-06-2025,referral,,,,0
517154,15-06-2025,paid_search,generic_search,23-06-2025,annual,79.99
517155,15-06-2025,paid_social,prospecting_video,,,0
517156,15-06-2025,organic,,,,0
517157,15-06-2025,paid_social,prospecting_video,,,0
517158,15-06-2025,referral,,,,0
517159,15-06-2025,referral,,,,0
517160,15-06-2025,paid_social,prospecting_video,,,0
517161,15-06-2025,referral,,26-06-2025,monthly,29.97
517162,15-06-2025,paid_social,prospecting_video,,,0
517163,15-06-2025,paid_social,prospecting_video,17-06-2025,monthly,19.98
517164,15-06-2025,paid_social,prospecting_video,,,0
517165,15-06-2025,paid_social,prospecting_video,,,0
517166,15-06-2025,organic,,,,0
517167,15-06-2025,paid_social,prospecting_video,,,0
517168,15-06-2025,organic,,,,0
517169,15-06-2025,paid_search,brand_search,15-06-2025,annual,79.99
517170,15-06-2025,paid_social,retargeting,,,0
517171,15-06-2025,paid_social,retargeting,,,0
517172,15-06-2025,paid_social,retargeting,15-06-2025,monthly,29.97
517173,15-06-2025,paid_search,brand_search,,,0
517174,15-06-2025,paid_search,brand_search,,,0
517175,15-06-2025,paid_social,prospecting_video,,,0
517176,15-06-2025,paid_social,prospecting_video,,,0
517177,15-06-2025,paid_social,retargeting,,,0
517178,15-06-2025,organic,,,,0
517179,15-06-2025,paid_search,brand_search,,,0
517180,15-06-2025,paid_social,retargeting,,,0
517181,15-06-2025,paid_social,retargeting,,,0
517182,15-06-2025,paid_search,generic_search,,,0
517183,15-06-2025,affiliate,finance_blogs,,,0
517184,15-06-2025,paid_social,prospecting_video,,,0
517185,15-06-2025,paid_social,retargeting,19-06-2025,monthly,19.98
517186,15-06-2025,paid_search,brand_search,,,0
517187,15-06-2025,paid_social,prospecting_video,,,0
517188,15-06-2025,paid_social,retargeting,17-06-2025,monthly,29.97
517189,15-06-2025,paid_social,prospecting_video,,,0
517190,15-06-2025,paid_search,generic_search,,,0
517191,15-06-2025,organic,,,,0
517192,15-06-2025,paid_social,prospecting_video,,,0
517193,15-06-2025,organic,,,,0
517194,15-06-2025,paid_social,prospecting_video,,,0
517195,15-06-2025,paid_social,retargeting,,,0
517196,15-06-2025,paid_search,generic_search,26-06-2025,monthly,29.97
517197,15-06-2025,organic,,,,0
517198,15-06-2025,organic,,,,0
517199,15-06-2025,organic,,,,0
517200,15-06-2025,paid_social,prospecting_video,,,0
517201,15-06-2025,paid_social,retargeting,,,0
517202,15-06-2025,referral,,,,0
517203,15-06-2025,organic,,,,0
517204,15-06-2025,paid_social,retargeting,,,0
517205,15-06-2025,paid_social,prospecting_video,,,0
517206,15-06-2025,paid_social,retargeting,,,0
517207,15-06-2025,organic,,,,0
517208,15-06-2025,paid_social,prospecting_video,,,0
517209,15-06-2025,paid_search,generic_search,,,0
517210,15-06-2025,organic,,,,0
517211,15-06-2025,organic,,,,0
517212,15-06-2025,paid_social,prospecting_video,,,0
517213,15-06-2025,affiliate,finance_blogs,15-06-2025,monthly,9.99
517214,15-06-2025,referral,,,,0
517215,15-06-2025,paid_social,prospecting_video,,,0
517216,15-06-2025,paid_social,prospecting_video,,,0
517217,15-06-2025,paid_social,prospecting_video,,,0
517218,15-06-2025,referral,,,,0
517219,15-06-2025,organic,,,,0
517220,15-06-2025,paid_social,prospecting_video,,,0
517221,15-06-2025,organic,,28-06-2025,monthly,29.97
517222,15-06-2025,paid_search,generic_search,,,0
517223,15-06-2025,organic,,,,0
517224,15-06-2025,organic,,16-06-2025,annual,79.99
517225,15-06-2025,paid_search,brand_search,,,0
517226,15-06-2025,paid_social,retargeting,,,0
517227,15-06-2025,paid_search,brand_search,,,0
517228,15-06-2025,paid_social,retargeting,,,0
517229,15-06-2025,paid_social,prospecting_video,,,0
517230,15-06-2025,paid_social,prospecting_video,,,0
517231,15-06-2025,paid_search,brand_search,20-06-2025,monthly,29.97
517232,15-06-2025,paid_search,brand_search,15-06-2025,monthly,29.97
517233,16-06-2025,affiliate,finance_blogs,,,0
517234,16-06-2025,paid_search,brand_search,,,0
517235,16-06-2025,paid_social,prospecting_video,,,0
517236,16-06-2025,paid_social,retargeting,,,0
517237,16-06-2025,paid_social,retargeting,,,0
517238,16-06-2025,paid_social,prospecting_video,,,0
517239,16-06-2025,organic,,,,0
517240,16-06-2025,paid_social,retargeting,27-06-2025,monthly,29.97
517241,16-06-2025,paid_social,retargeting,22-06-2025,monthly,9.99
517242,16-06-2025,referral,,,,0
517243,16-06-2025,paid_social,retargeting,,,0
517244,16-06-2025,referral,,,,0
517245,16-06-2025,paid_search,generic_search,20-06-2025,monthly,29.97
517246,16-06-2025,paid_social,prospecting_video,,,0
517247,16-06-2025,paid_social,prospecting_video,,,0
517248,16-06-2025,paid_search,brand_search,,,0
517249,16-06-2025,paid_social,prospecting_video,,,0
517250,16-06-2025,referral,,16-06-2025,monthly,19.98
517251,16-06-2025,paid_social,prospecting_video,,,0
517252,16-06-2025,paid_social,prospecting_video,,,0
517253,16-06-2025,paid_social,retargeting,,,0
517254,16-06-2025,paid_search,brand_search,,,0
517255,16-06-2025,paid_social,prospecting_video,,,0
517256,16-06-2025,paid_search,generic_search,,,0
517257,16-06-2025,paid_social,prospecting_video,,,0
517258,16-06-2025,paid_search,generic_search,22-06-2025,annual,79.99
517259,16-06-2025,paid_search,generic_search,24-06-2025,annual,79.99
517260,16-06-2025,paid_social,prospecting_video,,,0
517261,16-06-2025,paid_social,prospecting_video,,,0
517262,16-06-2025,paid_search,brand_search,,,0
517263,16-06-2025,paid_search,brand_search,17-06-2025,monthly,29.97
517264,16-06-2025,paid_search,brand_search,,,0
517265,16-06-2025,paid_social,retargeting,,,0
517266,16-06-2025,paid_social,prospecting_video,,,0
517267,16-06-2025,paid_social,prospecting_video,,,0
517268,16-06-2025,paid_search,generic_search,,,0
517269,16-06-2025,organic,,,,0
517270,16-06-2025,organic,,,,0
517271,16-06-2025,referral,,,,0
517272,16-06-2025,paid_social,retargeting,,,0
517273,16-06-2025,paid_social,retargeting,,,0
517274,16-06-2025,paid_search,brand_search,,,0
517275,16-06-2025,paid_search,generic_search,17-06-2025,monthly,29.97
517276,16-06-2025,paid_search,brand_search,18-06-2025,monthly,9.99
517277,16-06-2025,paid_social,prospecting_video,,,0
517278,16-06-2025,paid_social,prospecting_video,,,0
517279,16-06-2025,referral,,,,0
517280,16-06-2025,paid_social,prospecting_video,,,0
517281,16-06-2025,paid_social,prospecting_video,,,0
517282,16-06-2025,paid_social,retargeting,,,0
517283,16-06-2025,paid_social,prospecting_video,,,0
517284,16-06-2025,organic,,,,0
517285,16-06-2025,paid_social,retargeting,,,0
517286,16-06-2025,affiliate,finance_blogs,,,0
517287,16-06-2025,paid_social,prospecting_video,,,0
517288,16-06-2025,paid_search,generic_search,,,0
517289,16-06-2025,referral,,20-06-2025,annual,79.99
517290,16-06-2025,paid_social,prospecting_video,,,0
517291,16-06-2025,affiliate,finance_blogs,,,0
517292,16-06-2025,paid_social,prospecting_video,,,0
517293,16-06-2025,organic,,,,0
517294,16-06-2025,paid_search,brand_search,,,0
517295,16-06-2025,paid_social,prospecting_video,,,0
517296,16-06-2025,affiliate,finance_blogs,,,0
517297,16-06-2025,paid_social,prospecting_video,,,0
517298,16-06-2025,paid_search,generic_search,,,0
517299,16-06-2025,organic,,,,0
517300,16-06-2025,referral,,,,0
517301,16-06-2025,referral,,,,0
517302,16-06-2025,paid_social,prospecting_video,,,0
517303,16-06-2025,organic,,,,0
517304,16-06-2025,paid_social,prospecting_video,,,0
517305,16-06-2025,paid_social,prospecting_video,,,0
517306,16-06-2025,referral,,,,0
517307,16-06-2025,organic,,,,0
517308,16-06-2025,paid_search,generic_search,,,0
517309,16-06-2025,organic,,,,0
517310,16-06-2025,paid_social,prospecting_video,,,0
517311,16-06-2025,paid_social,prospecting_video,,,0
517312,16-06-2025,paid_search,brand_search,,,0
517313,16-06-2025,referral,,,,0
517314,16-06-2025,organic,,,,0
517315,16-06-2025,paid_search,generic_search,22-06-2025,annual,79.99
517316,16-06-2025,paid_social,prospecting_video,,,0
517317,16-06-2025,paid_search,generic_search,,,0
517318,16-06-2025,organic,,,,0
517319,16-06-2025,organic,,,,0
517320,16-06-2025,referral,,,,0
517321,16-06-2025,paid_social,prospecting_video,,,0
517322,16-06-2025,paid_social,prospecting_video,,,0
517323,16-06-2025,paid_social,prospecting_video,,,0
517324,16-06-2025,paid_social,retargeting,,,0
517325,16-06-2025,organic,,,,0
517326,16-06-2025,organic,,,,0
517327,16-06-2025,paid_social,prospecting_video,,,0
517328,16-06-2025,paid_social,prospecting_video,,,0
517329,16-06-2025,organic,,,,0
517330,16-06-2025,paid_social,prospecting_video,,,0
517331,16-06-2025,paid_social,prospecting_video,,,0
517332,16-06-2025,paid_search,brand_search,,,0
517333,16-06-2025,paid_social,prospecting_video,,,0
517334,16-06-2025,paid_social,prospecting_video,,,0
517335,17-06-2025,paid_social,prospecting_video,,,0
517336,17-06-2025,referral,,,,0
517337,17-06-2025,paid_social,prospecting_video,,,0
517338,17-06-2025,paid_search,brand_search,,,0
517339,17-06-2025,paid_search,brand_search,,,0
517340,17-06-2025,paid_social,prospecting_video,,,0
517341,17-06-2025,paid_social,prospecting_video,,,0
517342,17-06-2025,paid_social,retargeting,,,0
517343,17-06-2025,paid_search,brand_search,,,0
517344,17-06-2025,paid_search,generic_search,18-06-2025,monthly,29.97
517345,17-06-2025,affiliate,finance_blogs,,,0
517346,17-06-2025,organic,,,,0
517347,17-06-2025,paid_social,prospecting_video,,,0
517348,17-06-2025,paid_search,brand_search,20-06-2025,monthly,9.99
517349,17-06-2025,paid_social,prospecting_video,,,0
517350,17-06-2025,organic,,,,0
517351,17-06-2025,paid_search,brand_search,,,0
517352,17-06-2025,paid_social,prospecting_video,,,0
517353,17-06-2025,paid_social,prospecting_video,,,0
517354,17-06-2025,organic,,19-06-2025,monthly,9.99
517355,17-06-2025,paid_social,prospecting_video,,,0
517356,17-06-2025,paid_search,generic_search,,,0
517357,17-06-2025,paid_social,retargeting,,,0
517358,17-06-2025,paid_social,prospecting_video,,,0
517359,17-06-2025,paid_search,brand_search,23-06-2025,monthly,29.97
517360,17-06-2025,paid_social,prospecting_video,,,0
517361,17-06-2025,paid_search,generic_search,,,0
517362,17-06-2025,organic,,,,0
517363,17-06-2025,paid_social,prospecting_video,,,0
517364,17-06-2025,paid_social,prospecting_video,,,0
517365,17-06-2025,paid_search,brand_search,,,0
517366,17-06-2025,paid_social,prospecting_video,,,0
517367,17-06-2025,organic,,18-06-2025,monthly,29.97
517368,17-06-2025,paid_social,prospecting_video,,,0
517369,17-06-2025,organic,,,,0
517370,17-06-2025,organic,,,,0
517371,17-06-2025,paid_social,prospecting_video,,,0
517372,17-06-2025,paid_social,prospecting_video,,,0
517373,17-06-2025,paid_social,prospecting_video,,,0
517374,17-06-2025,paid_search,brand_search,19-06-2025,monthly,19.98
517375,17-06-2025,paid_social,prospecting_video,,,0
517376,17-06-2025,paid_social,retargeting,,,0
517377,17-06-2025,paid_social,prospecting_video,19-06-2025,monthly,19.98
517378,17-06-2025,organic,,,,0
517379,17-06-2025,paid_social,prospecting_video,,,0
517380,17-06-2025,organic,,,,0
517381,17-06-2025,paid_social,prospecting_video,,,0
517382,17-06-2025,paid_social,prospecting_video,,,0
517383,17-06-2025,paid_social,retargeting,,,0
517384,17-06-2025,paid_social,prospecting_video,,,0
517385,17-06-2025,organic,,,,0
517386,17-06-2025,paid_social,retargeting,,,0
517387,17-06-2025,paid_search,generic_search,,,0
517388,17-06-2025,organic,,,,0
517389,17-06-2025,paid_social,retargeting,,,0
517390,17-06-2025,paid_search,brand_search,,,0
517391,17-06-2025,paid_social,prospecting_video,,,0
517392,17-06-2025,referral,,,,0
517393,17-06-2025,paid_search,generic_search,,,0
517394,17-06-2025,paid_social,retargeting,,,0
517395,17-06-2025,paid_search,brand_search,,,0
517396,17-06-2025,paid_search,brand_search,,,0
517397,17-06-2025,paid_social,retargeting,,,0
517398,17-06-2025,paid_social,prospecting_video,18-06-2025,monthly,29.97
517399,17-06-2025,paid_social,prospecting_video,,,0
517400,17-06-2025,paid_social,prospecting_video,,,0
517401,17-06-2025,organic,,,,0
517402,17-06-2025,paid_search,generic_search,,,0
517403,17-06-2025,paid_social,prospecting_video,,,0
517404,17-06-2025,paid_social,prospecting_video,,,0
517405,17-06-2025,affiliate,finance_blogs,,,0
517406,17-06-2025,affiliate,finance_blogs,,,0
517407,17-06-2025,paid_search,brand_search,,,0
517408,17-06-2025,paid_social,retargeting,,,0
517409,17-06-2025,organic,,,,0
517410,17-06-2025,paid_social,retargeting,,,0
517411,17-06-2025,affiliate,finance_blogs,20-06-2025,monthly,29.97
517412,17-06-2025,paid_search,brand_search,,,0
517413,17-06-2025,paid_social,prospecting_video,,,0
517414,17-06-2025,referral,,,,0
517415,17-06-2025,organic,,,,0
517416,17-06-2025,paid_social,prospecting_video,,,0
517417,17-06-2025,paid_search,generic_search,,,0
517418,17-06-2025,organic,,,,0
517419,17-06-2025,paid_search,brand_search,22-06-2025,annual,79.99
517420,17-06-2025,paid_social,retargeting,,,0
517421,17-06-2025,organic,,,,0
517422,17-06-2025,organic,,,,0
517423,17-06-2025,paid_social,retargeting,,,0
517424,17-06-2025,paid_social,prospecting_video,,,0
517425,17-06-2025,paid_social,prospecting_video,,,0
517426,17-06-2025,organic,,,,0
517427,17-06-2025,paid_social,retargeting,,,0
517428,17-06-2025,paid_social,prospecting_video,,,0
517429,17-06-2025,paid_social,prospecting_video,,,0
517430,17-06-2025,organic,,,,0
517431,17-06-2025,paid_social,prospecting_video,,,0
517432,17-06-2025,paid_search,generic_search,,,0
517433,17-06-2025,paid_social,prospecting_video,,,0
517434,17-06-2025,paid_social,prospecting_video,,,0
517435,17-06-2025,paid_search,generic_search,20-06-2025,monthly,29.97
517436,17-06-2025,paid_search,brand_search,,,0
517437,17-06-2025,organic,,,,0
517438,18-06-2025,referral,,24-06-2025,annual,79.99
517439,18-06-2025,paid_search,brand_search,,,0
517440,18-06-2025,paid_social,prospecting_video,,,0
517441,18-06-2025,paid_social,prospecting_video,,,0
517442,18-06-2025,paid_social,prospecting_video,,,0
517443,18-06-2025,organic,,21-06-2025,monthly,29.97
517444,18-06-2025,affiliate,finance_blogs,,,0
517445,18-06-2025,organic,,,,0
517446,18-06-2025,affiliate,finance_blogs,19-06-2025,annual,79.99
517447,18-06-2025,paid_social,prospecting_video,,,0
517448,18-06-2025,paid_social,prospecting_video,,,0
517449,18-06-2025,paid_search,brand_search,,,0
517450,18-06-2025,affiliate,finance_blogs,,,0
517451,18-06-2025,organic,,,,0
517452,18-06-2025,paid_search,generic_search,,,0
517453,18-06-2025,paid_social,retargeting,,,0
517454,18-06-2025,paid_search,brand_search,,,0
517455,18-06-2025,paid_social,prospecting_video,,,0
517456,18-06-2025,paid_social,prospecting_video,,,0
517457,18-06-2025,paid_search,brand_search,,,0
517458,18-06-2025,organic,,,,0
517459,18-06-2025,paid_social,prospecting_video,,,0
517460,18-06-2025,paid_search,generic_search,,,0
517461,18-06-2025,organic,,19-06-2025,monthly,19.98
517462,18-06-2025,organic,,,,0
517463,18-06-2025,organic,,,,0
517464,18-06-2025,paid_social,prospecting_video,,,0
517465,18-06-2025,paid_social,prospecting_video,,,0
517466,18-06-2025,paid_social,retargeting,,,0
517467,18-06-2025,organic,,,,0
517468,18-06-2025,paid_social,retargeting,,,0
517469,18-06-2025,paid_search,brand_search,,,0
517470,18-06-2025,paid_search,generic_search,,,0
517471,18-06-2025,paid_social,prospecting_video,,,0
517472,18-06-2025,paid_search,generic_search,,,0
517473,18-06-2025,organic,,,,0
517474,18-06-2025,organic,,19-06-2025,monthly,29.97
517475,18-06-2025,paid_social,prospecting_video,,,0
517476,18-06-2025,paid_social,prospecting_video,,,0
517477,18-06-2025,paid_social,prospecting_video,,,0
517478,18-06-2025,paid_social,prospecting_video,,,0
517479,18-06-2025,paid_social,prospecting_video,,,0
517480,18-06-2025,paid_search,brand_search,,,0
517481,18-06-2025,paid_search,generic_search,,,0
517482,18-06-2025,paid_search,brand_search,,,0
517483,18-06-2025,paid_social,prospecting_video,,,0
517484,18-06-2025,affiliate,finance_blogs,19-06-2025,annual,79.99
517485,18-06-2025,paid_social,prospecting_video,,,0
517486,18-06-2025,paid_social,prospecting_video,,,0
517487,18-06-2025,paid_search,generic_search,,,0
517488,18-06-2025,paid_social,retargeting,,,0
517489,18-06-2025,paid_social,prospecting_video,19-06-2025,annual,79.99
517490,18-06-2025,organic,,,,0
517491,18-06-2025,organic,,,,0
517492,18-06-2025,paid_social,prospecting_video,,,0
517493,18-06-2025,organic,,,,0
517494,18-06-2025,organic,,,,0
517495,18-06-2025,paid_social,retargeting,,,0
517496,18-06-2025,affiliate,finance_blogs,,,0
517497,18-06-2025,paid_social,retargeting,,,0
517498,18-06-2025,paid_search,brand_search,,,0
517499,18-06-2025,organic,,19-06-2025,annual,79.99
517500,18-06-2025,paid_search,generic_search,,,0
517501,18-06-2025,paid_social,prospecting_video,,,0
517502,18-06-2025,organic,,,,0
517503,18-06-2025,paid_social,prospecting_video,,,0
517504,18-06-2025,paid_social,prospecting_video,,,0
517505,18-06-2025,paid_social,prospecting_video,,,0
517506,18-06-2025,paid_search,brand_search,,,0
517507,18-06-2025,paid_social,prospecting_video,,,0
517508,18-06-2025,paid_search,brand_search,,,0
517509,18-06-2025,paid_social,prospecting_video,,,0
517510,18-06-2025,paid_social,retargeting,,,0
517511,18-06-2025,paid_social,retargeting,,,0
517512,18-06-2025,paid_social,prospecting_video,,,0
517513,18-06-2025,paid_social,retargeting,,,0
517514,18-06-2025,paid_social,prospecting_video,,,0
517515,18-06-2025,paid_search,brand_search,,,0
517516,18-06-2025,paid_social,prospecting_video,,,0
517517,18-06-2025,paid_social,prospecting_video,,,0
517518,18-06-2025,paid_social,retargeting,,,0
517519,18-06-2025,paid_social,prospecting_video,,,0
517520,18-06-2025,organic,,,,0
517521,18-06-2025,paid_search,brand_search,,,0
517522,18-06-2025,organic,,,,0
517523,18-06-2025,organic,,,,0
517524,18-06-2025,referral,,,,0
517525,18-06-2025,paid_social,prospecting_video,,,0
517526,18-06-2025,paid_social,prospecting_video,22-06-2025,annual,79.99
517527,18-06-2025,organic,,,,0
517528,18-06-2025,organic,,,,0
517529,18-06-2025,paid_search,generic_search,,,0
517530,18-06-2025,paid_social,prospecting_video,,,0
517531,18-06-2025,organic,,,,0
517532,18-06-2025,organic,,,,0
517533,18-06-2025,paid_social,prospecting_video,,,0
517534,18-06-2025,affiliate,finance_blogs,,,0
517535,18-06-2025,paid_search,generic_search,,,0
517536,18-06-2025,paid_search,generic_search,,,0
517537,18-06-2025,paid_social,retargeting,,,0
517538,18-06-2025,paid_search,generic_search,,,0
517539,18-06-2025,affiliate,finance_blogs,,,0
517540,18-06-2025,paid_social,prospecting_video,,,0
517541,18-06-2025,paid_search,brand_search,,,0
517542,18-06-2025,paid_social,prospecting_video,,,0
517543,18-06-2025,paid_social,retargeting,,,0
517544,18-06-2025,affiliate,finance_blogs,18-06-2025,monthly,19.98
517545,18-06-2025,paid_search,generic_search,,,0
517546,18-06-2025,paid_search,generic_search,,,0
517547,18-06-2025,paid_social,prospecting_video,,,0
517548,18-06-2025,paid_social,prospecting_video,,,0
517549,18-06-2025,paid_social,prospecting_video,,,0
517550,18-06-2025,paid_social,prospecting_video,,,0
517551,18-06-2025,paid_social,prospecting_video,,,0
517552,18-06-2025,paid_search,brand_search,,,0
517553,19-06-2025,affiliate,finance_blogs,,,0
517554,19-06-2025,paid_social,retargeting,,,0
517555,19-06-2025,paid_social,prospecting_video,,,0
517556,19-06-2025,referral,,,,0
517557,19-06-2025,referral,,22-06-2025,monthly,29.97
517558,19-06-2025,paid_search,generic_search,24-06-2025,monthly,19.98
517559,19-06-2025,paid_search,brand_search,,,0
517560,19-06-2025,organic,,22-06-2025,monthly,29.97
517561,19-06-2025,paid_search,generic_search,,,0
517562,19-06-2025,paid_social,retargeting,,,0
517563,19-06-2025,paid_social,prospecting_video,,,0
517564,19-06-2025,paid_social,prospecting_video,,,0
517565,19-06-2025,paid_social,prospecting_video,,,0
517566,19-06-2025,paid_search,brand_search,19-06-2025,monthly,19.98
517567,19-06-2025,paid_social,prospecting_video,,,0
517568,19-06-2025,paid_social,prospecting_video,,,0
517569,19-06-2025,paid_social,prospecting_video,,,0
517570,19-06-2025,paid_search,generic_search,25-06-2025,monthly,29.97
517571,19-06-2025,organic,,,,0
517572,19-06-2025,paid_social,retargeting,,,0
517573,19-06-2025,paid_social,retargeting,,,0
517574,19-06-2025,organic,,,,0
517575,19-06-2025,paid_search,brand_search,20-06-2025,monthly,29.97
517576,19-06-2025,paid_search,brand_search,,,0
517577,19-06-2025,paid_search,brand_search,28-06-2025,monthly,29.97
517578,19-06-2025,paid_social,prospecting_video,,,0
517579,19-06-2025,paid_social,prospecting_video,,,0
517580,19-06-2025,paid_social,prospecting_video,,,0
517581,19-06-2025,paid_search,generic_search,,,0
517582,19-06-2025,paid_social,retargeting,,,0
517583,19-06-2025,paid_search,generic_search,,,0
517584,19-06-2025,paid_social,prospecting_video,,,0
517585,19-06-2025,organic,,,,0
517586,19-06-2025,organic,,,,0
517587,19-06-2025,paid_social,prospecting_video,,,0
517588,19-06-2025,paid_social,prospecting_video,,,0
517589,19-06-2025,paid_social,prospecting_video,,,0
517590,19-06-2025,paid_social,prospecting_video,,,0
517591,19-06-2025,paid_search,generic_search,,,0
517592,19-06-2025,paid_social,prospecting_video,,,0
517593,19-06-2025,referral,,,,0
517594,19-06-2025,paid_social,retargeting,,,0
517595,19-06-2025,paid_social,prospecting_video,,,0
517596,19-06-2025,organic,,,,0
517597,19-06-2025,paid_social,prospecting_video,,,0
517598,19-06-2025,paid_social,retargeting,19-06-2025,monthly,19.98
517599,19-06-2025,paid_social,prospecting_video,,,0
517600,19-06-2025,paid_social,prospecting_video,,,0
517601,19-06-2025,paid_search,brand_search,23-06-2025,monthly,29.97
517602,19-06-2025,paid_social,prospecting_video,,,0
517603,19-06-2025,paid_search,generic_search,,,0
517604,19-06-2025,organic,,,,0
517605,19-06-2025,paid_search,generic_search,,,0
517606,19-06-2025,organic,,,,0
517607,19-06-2025,affiliate,finance_blogs,,,0
517608,19-06-2025,organic,,,,0
517609,19-06-2025,paid_social,prospecting_video,,,0
517610,19-06-2025,paid_social,prospecting_video,,,0
517611,19-06-2025,paid_social,prospecting_video,,,0
517612,19-06-2025,affiliate,finance_blogs,,,0
517613,19-06-2025,organic,,,,0
517614,19-06-2025,paid_social,prospecting_video,,,0
517615,19-06-2025,paid_social,prospecting_video,,,0
517616,19-06-2025,organic,,,,0
517617,19-06-2025,organic,,,,0
517618,19-06-2025,paid_social,prospecting_video,,,0
517619,19-06-2025,paid_search,brand_search,,,0
517620,19-06-2025,paid_search,brand_search,,,0
517621,19-06-2025,affiliate,finance_blogs,,,0
517622,19-06-2025,paid_social,prospecting_video,,,0
517623,19-06-2025,paid_social,prospecting_video,,,0
517624,19-06-2025,paid_social,prospecting_video,,,0
517625,19-06-2025,paid_social,prospecting_video,,,0
517626,19-06-2025,paid_social,prospecting_video,,,0
517627,19-06-2025,paid_social,prospecting_video,,,0
517628,19-06-2025,paid_social,prospecting_video,22-06-2025,monthly,29.97
517629,19-06-2025,paid_search,brand_search,,,0
517630,19-06-2025,paid_search,brand_search,,,0
517631,19-06-2025,paid_social,prospecting_video,,,0
517632,19-06-2025,organic,,,,0
517633,19-06-2025,organic,,,,0
517634,19-06-2025,organic,,,,0
517635,19-06-2025,paid_social,prospecting_video,,,0
517636,19-06-2025,paid_social,prospecting_video,,,0
517637,19-06-2025,paid_social,prospecting_video,,,0
517638,19-06-2025,paid_social,prospecting_video,,,0
517639,19-06-2025,paid_search,brand_search,19-06-2025,monthly,9.99
517640,19-06-2025,paid_social,prospecting_video,,,0
517641,19-06-2025,paid_social,prospecting_video,,,0
517642,19-06-2025,organic,,,,0
517643,19-06-2025,affiliate,finance_blogs,28-06-2025,monthly,29.97
517644,20-06-2025,paid_search,generic_search,27-06-2025,monthly,29.97
517645,20-06-2025,paid_search,generic_search,25-06-2025,monthly,29.97
517646,20-06-2025,organic,,,,0
517647,20-06-2025,referral,,,,0
517648,20-06-2025,paid_social,prospecting_video,,,0
517649,20-06-2025,paid_search,generic_search,,,0
517650,20-06-2025,paid_social,prospecting_video,,,0
517651,20-06-2025,paid_search,brand_search,,,0
517652,20-06-2025,paid_social,prospecting_video,,,0
517653,20-06-2025,paid_social,prospecting_video,,,0
517654,20-06-2025,paid_social,prospecting_video,,,0
517655,20-06-2025,paid_search,generic_search,25-06-2025,monthly,29.97
517656,20-06-2025,paid_social,prospecting_video,,,0
517657,20-06-2025,paid_social,prospecting_video,,,0
517658,20-06-2025,affiliate,finance_blogs,,,0
517659,20-06-2025,paid_social,retargeting,,,0
517660,20-06-2025,paid_social,prospecting_video,,,0
517661,20-06-2025,paid_social,retargeting,,,0
517662,20-06-2025,paid_social,prospecting_video,,,0
517663,20-06-2025,paid_search,brand_search,20-06-2025,monthly,9.99
517664,20-06-2025,paid_search,generic_search,,,0
517665,20-06-2025,paid_search,brand_search,,,0
517666,20-06-2025,affiliate,finance_blogs,,,0
517667,20-06-2025,paid_social,prospecting_video,,,0
517668,20-06-2025,paid_social,prospecting_video,,,0
517669,20-06-2025,paid_search,generic_search,25-06-2025,monthly,29.97
517670,20-06-2025,paid_social,prospecting_video,,,0
517671,20-06-2025,organic,,,,0
517672,20-06-2025,organic,,,,0
517673,20-06-2025,paid_social,prospecting_video,,,0
517674,20-06-2025,organic,,,,0
517675,20-06-2025,paid_social,prospecting_video,,,0
517676,20-06-2025,organic,,,,0
517677,20-06-2025,organic,,,,0
517678,20-06-2025,paid_social,prospecting_video,,,0
517679,20-06-2025,paid_social,retargeting,01-07-2025,monthly,29.97
517680,20-06-2025,paid_social,prospecting_video,,,0
517681,20-06-2025,paid_social,prospecting_video,,,0
517682,20-06-2025,organic,,,,0
517683,20-06-2025,paid_social,prospecting_video,,,0
517684,20-06-2025,paid_search,brand_search,26-06-2025,monthly,29.97
517685,20-06-2025,referral,,,,0
517686,20-06-2025,paid_search,brand_search,,,0
517687,20-06-2025,organic,,21-06-2025,monthly,19.98
517688,20-06-2025,paid_social,prospecting_video,,,0
517689,20-06-2025,paid_social,prospecting_video,,,0
517690,20-06-2025,paid_social,prospecting_video,,,0
517691,20-06-2025,organic,,,,0
517692,20-06-2025,paid_social,prospecting_video,,,0
517693,20-06-2025,paid_social,prospecting_video,,,0
517694,20-06-2025,paid_search,generic_search,,,0
517695,20-06-2025,paid_social,prospecting_video,,,0
517696,20-06-2025,paid_social,retargeting,,,0
517697,20-06-2025,organic,,,,0
517698,20-06-2025,paid_social,prospecting_video,,,0
517699,20-06-2025,paid_social,prospecting_video,,,0
517700,20-06-2025,paid_social,prospecting_video,,,0
517701,20-06-2025,paid_social,prospecting_video,,,0
517702,20-06-2025,paid_social,prospecting_video,,,0
517703,20-06-2025,paid_search,brand_search,02-07-2025,monthly,29.97
517704,20-06-2025,paid_social,prospecting_video,,,0
517705,20-06-2025,organic,,,,0
517706,20-06-2025,paid_social,prospecting_video,,,0
517707,20-06-2025,paid_social,prospecting_video,,,0
517708,20-06-2025,referral,,,,0
517709,20-06-2025,affiliate,finance_blogs,,,0
517710,20-06-2025,organic,,,,0
517711,20-06-2025,paid_social,prospecting_video,,,0
517712,20-06-2025,paid_social,prospecting_video,,,0
517713,20-06-2025,paid_search,brand_search,,,0
517714,20-06-2025,organic,,,,0
517715,20-06-2025,affiliate,finance_blogs,25-06-2025,monthly,9.99
517716,20-06-2025,paid_search,generic_search,,,0
517717,20-06-2025,affiliate,finance_blogs,,,0
517718,20-06-2025,referral,,23-06-2025,annual,79.99
517719,20-06-2025,paid_social,retargeting,25-06-2025,monthly,29.97
517720,20-06-2025,paid_social,prospecting_video,,,0
517721,20-06-2025,organic,,,,0
517722,20-06-2025,paid_social,prospecting_video,,,0
517723,20-06-2025,paid_social,prospecting_video,,,0
517724,20-06-2025,organic,,20-06-2025,monthly,9.99
517725,20-06-2025,paid_social,prospecting_video,,,0
517726,20-06-2025,organic,,,,0
517727,20-06-2025,paid_social,prospecting_video,,,0
517728,20-06-2025,paid_social,prospecting_video,,,0
517729,20-06-2025,paid_social,prospecting_video,,,0
517730,20-06-2025,referral,,,,0
517731,20-06-2025,organic,,,,0
517732,20-06-2025,organic,,,,0
517733,20-06-2025,paid_search,brand_search,,,0
517734,20-06-2025,paid_social,retargeting,,,0
517735,20-06-2025,organic,,,,0
517736,20-06-2025,paid_social,prospecting_video,,,0
517737,20-06-2025,referral,,,,0
517738,20-06-2025,organic,,,,0
517739,20-06-2025,referral,,,,0
517740,20-06-2025,organic,,22-06-2025,monthly,29.97
517741,20-06-2025,paid_social,retargeting,21-06-2025,monthly,19.98
517742,20-06-2025,paid_search,brand_search,23-06-2025,annual,79.99
517743,20-06-2025,paid_search,brand_search,,,0
517744,20-06-2025,referral,,,,0
517745,20-06-2025,paid_search,brand_search,20-06-2025,annual,79.99
517746,20-06-2025,referral,,,,0
517747,20-06-2025,paid_social,prospecting_video,,,0
517748,20-06-2025,paid_social,prospecting_video,,,0
517749,20-06-2025,organic,,21-06-2025,monthly,9.99
517750,20-06-2025,referral,,,,0
517751,20-06-2025,paid_social,prospecting_video,,,0
517752,20-06-2025,paid_social,prospecting_video,,,0
517753,20-06-2025,paid_search,brand_search,,,0
517754,20-06-2025,paid_social,prospecting_video,,,0
517755,21-06-2025,paid_social,prospecting_video,,,0
517756,21-06-2025,organic,,,,0
517757,21-06-2025,paid_search,brand_search,,,0
517758,21-06-2025,organic,,,,0
517759,21-06-2025,referral,,,,0
517760,21-06-2025,organic,,27-06-2025,monthly,9.99
517761,21-06-2025,paid_social,prospecting_video,,,0
517762,21-06-2025,paid_social,prospecting_video,,,0
517763,21-06-2025,paid_search,brand_search,,,0
517764,21-06-2025,paid_social,prospecting_video,,,0
517765,21-06-2025,paid_social,prospecting_video,,,0
517766,21-06-2025,organic,,,,0
517767,21-06-2025,organic,,,,0
517768,21-06-2025,paid_search,brand_search,,,0
517769,21-06-2025,paid_search,generic_search,,,0
517770,21-06-2025,paid_social,retargeting,,,0
517771,21-06-2025,organic,,,,0
517772,21-06-2025,referral,,,,0
517773,21-06-2025,organic,,,,0
517774,21-06-2025,paid_social,prospecting_video,25-06-2025,annual,79.99
517775,21-06-2025,paid_search,brand_search,28-06-2025,monthly,29.97
517776,21-06-2025,paid_social,prospecting_video,,,0
517777,21-06-2025,paid_social,prospecting_video,,,0
517778,21-06-2025,paid_social,prospecting_video,,,0
517779,21-06-2025,paid_social,retargeting,23-06-2025,monthly,29.97
517780,21-06-2025,paid_social,retargeting,,,0
517781,21-06-2025,organic,,,,0
517782,21-06-2025,paid_social,retargeting,,,0
517783,21-06-2025,referral,,,,0
517784,21-06-2025,paid_social,prospecting_video,,,0
517785,21-06-2025,paid_social,prospecting_video,,,0
517786,21-06-2025,paid_search,generic_search,,,0
517787,21-06-2025,paid_social,prospecting_video,04-07-2025,monthly,29.97
517788,21-06-2025,paid_social,prospecting_video,,,0
517789,21-06-2025,paid_search,generic_search,,,0
517790,21-06-2025,organic,,29-06-2025,monthly,29.97
517791,21-06-2025,organic,,,,0
517792,21-06-2025,paid_social,prospecting_video,,,0
517793,21-06-2025,paid_social,prospecting_video,,,0
517794,21-06-2025,paid_search,brand_search,,,0
517795,21-06-2025,paid_search,generic_search,,,0
517796,21-06-2025,organic,,,,0
517797,21-06-2025,paid_social,prospecting_video,,,0
517798,21-06-2025,paid_social,prospecting_video,,,0
517799,21-06-2025,paid_social,prospecting_video,,,0
517800,21-06-2025,organic,,,,0
517801,21-06-2025,paid_social,prospecting_video,,,0
517802,21-06-2025,paid_social,prospecting_video,,,0
517803,21-06-2025,organic,,24-06-2025,annual,79.99
517804,21-06-2025,organic,,,,0
517805,21-06-2025,referral,,,,0
517806,21-06-2025,paid_search,brand_search,27-06-2025,monthly,29.97
517807,21-06-2025,organic,,,,0
517808,21-06-2025,paid_social,prospecting_video,,,0
517809,21-06-2025,organic,,,,0
517810,21-06-2025,organic,,,,0
517811,21-06-2025,paid_social,prospecting_video,,,0
517812,21-06-2025,organic,,,,0
517813,21-06-2025,organic,,,,0
517814,21-06-2025,paid_social,prospecting_video,,,0
517815,21-06-2025,paid_search,brand_search,,,0
517816,21-06-2025,organic,,,,0
517817,21-06-2025,paid_social,prospecting_video,,,0
517818,21-06-2025,paid_search,generic_search,,,0
517819,21-06-2025,paid_search,brand_search,,,0
517820,21-06-2025,paid_social,retargeting,,,0
517821,21-06-2025,paid_social,prospecting_video,,,0
517822,21-06-2025,paid_social,prospecting_video,,,0
517823,21-06-2025,paid_social,retargeting,,,0
517824,21-06-2025,paid_social,retargeting,,,0
517825,21-06-2025,paid_social,prospecting_video,,,0
517826,21-06-2025,paid_search,brand_search,,,0
517827,21-06-2025,organic,,,,0
517828,21-06-2025,paid_social,prospecting_video,,,0
517829,21-06-2025,paid_search,brand_search,,,0
517830,21-06-2025,paid_social,prospecting_video,,,0
517831,21-06-2025,paid_social,prospecting_video,,,0
517832,21-06-2025,organic,,,,0
517833,21-06-2025,paid_social,prospecting_video,,,0
517834,21-06-2025,organic,,,,0
517835,21-06-2025,paid_search,generic_search,,,0
517836,21-06-2025,paid_social,prospecting_video,,,0
517837,21-06-2025,paid_search,generic_search,,,0
517838,21-06-2025,paid_social,prospecting_video,,,0
517839,21-06-2025,paid_search,generic_search,22-06-2025,annual,79.99
517840,21-06-2025,paid_social,prospecting_video,,,0
517841,21-06-2025,organic,,,,0
517842,21-06-2025,paid_social,retargeting,,,0
517843,21-06-2025,affiliate,finance_blogs,21-06-2025,annual,79.99
517844,21-06-2025,paid_social,prospecting_video,,,0
517845,21-06-2025,paid_search,generic_search,,,0
517846,21-06-2025,paid_social,prospecting_video,,,0
517847,21-06-2025,organic,,,,0
517848,21-06-2025,referral,,,,0
517849,21-06-2025,paid_search,generic_search,,,0
517850,21-06-2025,paid_social,prospecting_video,,,0
517851,21-06-2025,paid_search,generic_search,,,0
517852,21-06-2025,paid_search,generic_search,,,0
517853,21-06-2025,organic,,,,0
517854,21-06-2025,paid_social,prospecting_video,,,0
517855,22-06-2025,organic,,,,0
517856,22-06-2025,paid_social,prospecting_video,,,0
517857,22-06-2025,paid_social,prospecting_video,,,0
517858,22-06-2025,paid_social,prospecting_video,,,0
517859,22-06-2025,paid_social,prospecting_video,,,0
517860,22-06-2025,paid_social,prospecting_video,,,0
517861,22-06-2025,paid_search,generic_search,,,0
517862,22-06-2025,paid_social,retargeting,,,0
517863,22-06-2025,paid_search,brand_search,24-06-2025,monthly,29.97
517864,22-06-2025,paid_social,prospecting_video,,,0
517865,22-06-2025,paid_search,brand_search,,,0
517866,22-06-2025,affiliate,finance_blogs,,,0
517867,22-06-2025,paid_social,prospecting_video,,,0
517868,22-06-2025,paid_social,prospecting_video,,,0
517869,22-06-2025,paid_social,prospecting_video,,,0
517870,22-06-2025,referral,,,,0
517871,22-06-2025,paid_social,retargeting,,,0
517872,22-06-2025,affiliate,finance_blogs,,,0
517873,22-06-2025,paid_social,prospecting_video,,,0
517874,22-06-2025,paid_search,generic_search,,,0
517875,22-06-2025,paid_social,prospecting_video,,,0
517876,22-06-2025,paid_search,generic_search,,,0
517877,22-06-2025,paid_social,retargeting,24-06-2025,monthly,9.99
517878,22-06-2025,paid_social,prospecting_video,,,0
517879,22-06-2025,paid_social,prospecting_video,,,0
517880,22-06-2025,referral,,,,0
517881,22-06-2025,organic,,,,0
517882,22-06-2025,paid_search,brand_search,,,0
517883,22-06-2025,paid_search,brand_search,,,0
517884,22-06-2025,paid_social,prospecting_video,,,0
517885,22-06-2025,paid_search,brand_search,,,0
517886,22-06-2025,paid_social,prospecting_video,,,0
517887,22-06-2025,referral,,,,0
517888,22-06-2025,organic,,,,0
517889,22-06-2025,paid_search,brand_search,,,0
517890,22-06-2025,paid_social,prospecting_video,,,0
517891,22-06-2025,paid_social,prospecting_video,,,0
517892,22-06-2025,organic,,,,0
517893,22-06-2025,paid_social,retargeting,,,0
517894,22-06-2025,paid_social,prospecting_video,,,0
517895,22-06-2025,organic,,,,0
517896,22-06-2025,paid_search,brand_search,,,0
517897,22-06-2025,paid_social,retargeting,,,0
517898,22-06-2025,paid_social,prospecting_video,,,0
517899,22-06-2025,affiliate,finance_blogs,22-06-2025,monthly,29.97
517900,22-06-2025,paid_social,retargeting,,,0
517901,22-06-2025,paid_search,generic_search,,,0
517902,22-06-2025,organic,,30-06-2025,monthly,19.98
517903,22-06-2025,paid_social,prospecting_video,,,0
517904,22-06-2025,paid_social,retargeting,,,0
517905,22-06-2025,organic,,27-06-2025,annual,79.99
517906,22-06-2025,paid_social,retargeting,22-06-2025,monthly,19.98
517907,22-06-2025,organic,,,,0
517908,22-06-2025,organic,,,,0
517909,22-06-2025,paid_social,prospecting_video,,,0
517910,22-06-2025,organic,,,,0
517911,22-06-2025,paid_social,prospecting_video,,,0
517912,22-06-2025,organic,,,,0
517913,22-06-2025,paid_social,prospecting_video,,,0
517914,22-06-2025,paid_social,prospecting_video,,,0
517915,22-06-2025,paid_search,brand_search,,,0
517916,22-06-2025,organic,,,,0
517917,22-06-2025,paid_social,retargeting,,,0
517918,22-06-2025,paid_social,prospecting_video,,,0
517919,22-06-2025,affiliate,finance_blogs,,,0
517920,22-06-2025,paid_social,prospecting_video,,,0
517921,22-06-2025,organic,,,,0
517922,22-06-2025,organic,,,,0
517923,22-06-2025,paid_social,retargeting,,,0
517924,22-06-2025,paid_social,prospecting_video,,,0
517925,22-06-2025,organic,,,,0
517926,22-06-2025,paid_social,prospecting_video,,,0
517927,22-06-2025,affiliate,finance_blogs,,,0
517928,22-06-2025,paid_search,brand_search,,,0
517929,22-06-2025,paid_social,prospecting_video,,,0
517930,22-06-2025,paid_social,retargeting,,,0
517931,22-06-2025,organic,,,,0
517932,22-06-2025,paid_search,generic_search,25-06-2025,monthly,29.97
517933,22-06-2025,paid_social,prospecting_video,,,0
517934,22-06-2025,paid_social,prospecting_video,,,0
517935,22-06-2025,paid_social,prospecting_video,,,0
517936,22-06-2025,organic,,,,0
517937,22-06-2025,paid_social,retargeting,,,0
517938,22-06-2025,organic,,,,0
517939,22-06-2025,organic,,,,0
517940,22-06-2025,paid_social,prospecting_video,,,0
517941,22-06-2025,paid_social,retargeting,,,0
517942,22-06-2025,paid_search,brand_search,28-06-2025,annual,79.99
517943,22-06-2025,paid_search,brand_search,,,0
517944,22-06-2025,paid_social,prospecting_video,,,0
517945,22-06-2025,paid_search,brand_search,,,0
517946,22-06-2025,paid_search,generic_search,29-06-2025,monthly,29.97
517947,22-06-2025,paid_social,retargeting,,,0
517948,22-06-2025,paid_search,brand_search,,,0
517949,22-06-2025,paid_search,generic_search,,,0
517950,22-06-2025,paid_social,prospecting_video,,,0
517951,22-06-2025,paid_search,brand_search,05-07-2025,monthly,29.97
517952,22-06-2025,paid_social,retargeting,,,0
517953,22-06-2025,paid_social,prospecting_video,,,0
517954,22-06-2025,organic,,,,0
517955,22-06-2025,organic,,,,0
517956,22-06-2025,organic,,,,0
517957,22-06-2025,paid_social,prospecting_video,,,0
517958,22-06-2025,paid_search,generic_search,,,0
517959,22-06-2025,paid_search,generic_search,,,0
517960,22-06-2025,paid_social,prospecting_video,,,0
517961,22-06-2025,paid_social,retargeting,,,0
517962,22-06-2025,paid_search,brand_search,,,0
517963,22-06-2025,paid_social,prospecting_video,,,0
517964,22-06-2025,paid_social,prospecting_video,,,0
517965,22-06-2025,organic,,,,0
517966,22-06-2025,affiliate,finance_blogs,,,0
517967,22-06-2025,paid_social,prospecting_video,,,0
517968,22-06-2025,paid_social,prospecting_video,,,0
517969,22-06-2025,organic,,,,0
517970,22-06-2025,paid_social,retargeting,,,0
517971,22-06-2025,organic,,,,0
517972,23-06-2025,paid_social,retargeting,,,0
517973,23-06-2025,paid_social,retargeting,,,0
517974,23-06-2025,organic,,,,0
517975,23-06-2025,paid_social,prospecting_video,,,0
517976,23-06-2025,affiliate,finance_blogs,,,0
517977,23-06-2025,organic,,,,0
517978,23-06-2025,paid_search,generic_search,25-06-2025,monthly,19.98
517979,23-06-2025,organic,,,,0
517980,23-06-2025,paid_social,retargeting,,,0
517981,23-06-2025,paid_social,prospecting_video,,,0
517982,23-06-2025,paid_social,prospecting_video,,,0
517983,23-06-2025,paid_social,prospecting_video,,,0
517984,23-06-2025,paid_social,prospecting_video,,,0
517985,23-06-2025,paid_social,retargeting,,,0
517986,23-06-2025,organic,,,,0
517987,23-06-2025,paid_social,prospecting_video,,,0
517988,23-06-2025,organic,,23-06-2025,annual,79.99
517989,23-06-2025,referral,,,,0
517990,23-06-2025,paid_search,brand_search,,,0
517991,23-06-2025,paid_social,retargeting,,,0
517992,23-06-2025,organic,,,,0
517993,23-06-2025,paid_social,retargeting,,,0
517994,23-06-2025,referral,,,,0
517995,23-06-2025,paid_social,prospecting_video,25-06-2025,monthly,29.97
517996,23-06-2025,paid_search,brand_search,24-06-2025,annual,79.99
517997,23-06-2025,paid_social,retargeting,,,0
517998,23-06-2025,paid_social,retargeting,,,0
517999,23-06-2025,affiliate,finance_blogs,,,0
518000,23-06-2025,paid_search,brand_search,,,0
518001,23-06-2025,organic,,,,0
518002,23-06-2025,paid_search,brand_search,,,0
518003,23-06-2025,referral,,,,0
518004,23-06-2025,organic,,,,0
518005,23-06-2025,affiliate,finance_blogs,,,0
518006,23-06-2025,referral,,,,0
518007,23-06-2025,paid_search,brand_search,,,0
518008,23-06-2025,paid_social,prospecting_video,,,0
518009,23-06-2025,paid_social,prospecting_video,,,0
518010,23-06-2025,paid_search,generic_search,,,0
518011,23-06-2025,paid_social,retargeting,24-06-2025,monthly,29.97
518012,23-06-2025,paid_social,retargeting,,,0
518013,23-06-2025,paid_social,prospecting_video,,,0
518014,23-06-2025,organic,,,,0
518015,23-06-2025,paid_social,retargeting,,,0
518016,23-06-2025,paid_social,prospecting_video,,,0
518017,23-06-2025,organic,,,,0
518018,23-06-2025,organic,,,,0
518019,23-06-2025,paid_social,prospecting_video,,,0
518020,23-06-2025,paid_social,prospecting_video,,,0
518021,23-06-2025,paid_search,brand_search,,,0
518022,23-06-2025,paid_social,prospecting_video,,,0
518023,23-06-2025,paid_social,prospecting_video,,,0
518024,23-06-2025,paid_social,prospecting_video,24-06-2025,monthly,9.99
518025,23-06-2025,paid_social,prospecting_video,,,0
518026,23-06-2025,paid_social,prospecting_video,,,0
518027,23-06-2025,referral,,,,0
518028,23-06-2025,paid_social,prospecting_video,,,0
518029,23-06-2025,paid_social,prospecting_video,,,0
518030,23-06-2025,paid_search,generic_search,,,0
518031,23-06-2025,paid_social,prospecting_video,,,0
518032,23-06-2025,paid_social,retargeting,,,0
518033,23-06-2025,paid_social,prospecting_video,,,0
518034,23-06-2025,paid_social,prospecting_video,,,0
518035,23-06-2025,paid_search,brand_search,,,0
518036,23-06-2025,paid_social,prospecting_video,,,0
518037,23-06-2025,paid_search,brand_search,24-06-2025,monthly,9.99
518038,23-06-2025,paid_social,retargeting,02-07-2025,annual,79.99
518039,23-06-2025,paid_search,brand_search,,,0
518040,23-06-2025,paid_search,brand_search,,,0
518041,23-06-2025,paid_social,prospecting_video,,,0
518042,23-06-2025,paid_social,prospecting_video,,,0
518043,23-06-2025,paid_social,retargeting,,,0
518044,23-06-2025,paid_social,prospecting_video,,,0
518045,23-06-2025,paid_search,brand_search,,,0
518046,23-06-2025,paid_social,prospecting_video,,,0
518047,23-06-2025,paid_search,brand_search,,,0
518048,23-06-2025,paid_social,prospecting_video,,,0
518049,23-06-2025,paid_search,generic_search,,,0
518050,23-06-2025,paid_search,brand_search,,,0
518051,23-06-2025,paid_search,generic_search,,,0
518052,23-06-2025,organic,,,,0
518053,23-06-2025,affiliate,finance_blogs,23-06-2025,monthly,29.97
518054,23-06-2025,paid_social,prospecting_video,,,0
518055,23-06-2025,paid_search,generic_search,30-06-2025,monthly,29.97
518056,23-06-2025,organic,,,,0
518057,23-06-2025,referral,,,,0
518058,23-06-2025,paid_search,generic_search,,,0
518059,23-06-2025,paid_social,prospecting_video,,,0
518060,23-06-2025,paid_social,prospecting_video,,,0
518061,23-06-2025,organic,,,,0
518062,23-06-2025,organic,,,,0
518063,23-06-2025,paid_search,generic_search,,,0
518064,23-06-2025,paid_social,retargeting,,,0
518065,23-06-2025,paid_search,brand_search,,,0
518066,23-06-2025,paid_social,prospecting_video,,,0
518067,23-06-2025,paid_social,prospecting_video,,,0
518068,23-06-2025,organic,,,,0
518069,23-06-2025,referral,,,,0
518070,23-06-2025,paid_search,generic_search,23-06-2025,monthly,29.97
518071,23-06-2025,paid_search,generic_search,28-06-2025,monthly,29.97
518072,23-06-2025,paid_social,prospecting_video,,,0
518073,23-06-2025,paid_search,generic_search,23-06-2025,monthly,9.99
518074,23-06-2025,organic,,,,0
518075,23-06-2025,organic,,,,0
518076,23-06-2025,paid_social,retargeting,,,0
518077,23-06-2025,paid_social,prospecting_video,,,0
518078,23-06-2025,paid_social,prospecting_video,,,0
518079,24-06-2025,paid_social,retargeting,,,0
518080,24-06-2025,paid_search,generic_search,,,0
518081,24-06-2025,paid_social,prospecting_video,27-06-2025,monthly,29.97
518082,24-06-2025,organic,,,,0
518083,24-06-2025,paid_search,brand_search,,,0
518084,24-06-2025,paid_search,brand_search,06-07-2025,monthly,29.97
518085,24-06-2025,paid_social,prospecting_video,,,0
518086,24-06-2025,paid_social,prospecting_video,,,0
518087,24-06-2025,paid_search,generic_search,,,0
518088,24-06-2025,paid_search,generic_search,24-06-2025,monthly,29.97
518089,24-06-2025,paid_social,retargeting,,,0
518090,24-06-2025,paid_search,brand_search,,,0
518091,24-06-2025,paid_social,retargeting,,,0
518092,24-06-2025,paid_social,prospecting_video,,,0
518093,24-06-2025,paid_social,prospecting_video,,,0
518094,24-06-2025,referral,,,,0
518095,24-06-2025,paid_search,generic_search,,,0
518096,24-06-2025,paid_social,prospecting_video,,,0
518097,24-06-2025,organic,,,,0
518098,24-06-2025,affiliate,finance_blogs,,,0
518099,24-06-2025,paid_social,prospecting_video,,,0
518100,24-06-2025,paid_social,prospecting_video,,,0
518101,24-06-2025,referral,,,,0
518102,24-06-2025,paid_social,prospecting_video,,,0
518103,24-06-2025,paid_social,prospecting_video,,,0
518104,24-06-2025,paid_social,prospecting_video,,,0
518105,24-06-2025,paid_search,generic_search,,,0
518106,24-06-2025,paid_social,retargeting,27-06-2025,monthly,9.99
518107,24-06-2025,organic,,,,0
518108,24-06-2025,paid_social,prospecting_video,,,0
518109,24-06-2025,referral,,,,0
518110,24-06-2025,organic,,,,0
518111,24-06-2025,paid_search,brand_search,,,0
518112,24-06-2025,paid_social,prospecting_video,,,0
518113,24-06-2025,paid_search,brand_search,,,0
518114,24-06-2025,paid_search,generic_search,,,0
518115,24-06-2025,paid_search,generic_search,,,0
518116,24-06-2025,paid_social,retargeting,,,0
518117,24-06-2025,paid_social,prospecting_video,,,0
518118,24-06-2025,referral,,,,0
518119,24-06-2025,paid_social,prospecting_video,,,0
518120,24-06-2025,paid_social,prospecting_video,,,0
518121,24-06-2025,paid_social,prospecting_video,,,0
518122,24-06-2025,organic,,,,0
518123,24-06-2025,paid_search,brand_search,02-07-2025,annual,79.99
518124,24-06-2025,paid_social,prospecting_video,,,0
518125,24-06-2025,paid_social,prospecting_video,,,0
518126,24-06-2025,paid_social,retargeting,,,0
518127,24-06-2025,paid_social,prospecting_video,,,0
518128,24-06-2025,referral,,25-06-2025,annual,79.99
518129,24-06-2025,paid_social,prospecting_video,24-06-2025,annual,79.99
518130,24-06-2025,paid_social,prospecting_video,,,0
518131,24-06-2025,paid_social,prospecting_video,,,0
518132,24-06-2025,organic,,,,0
518133,24-06-2025,paid_search,brand_search,,,0
518134,24-06-2025,paid_search,brand_search,25-06-2025,monthly,29.97
518135,24-06-2025,paid_social,prospecting_video,,,0
518136,24-06-2025,paid_social,retargeting,,,0
518137,24-06-2025,paid_social,prospecting_video,,,0
518138,24-06-2025,paid_search,generic_search,,,0
518139,24-06-2025,paid_search,generic_search,,,0
518140,24-06-2025,paid_social,prospecting_video,,,0
518141,24-06-2025,paid_social,retargeting,,,0
518142,24-06-2025,referral,,,,0
518143,24-06-2025,paid_social,prospecting_video,,,0
518144,24-06-2025,paid_social,prospecting_video,,,0
518145,24-06-2025,paid_social,retargeting,,,0
518146,24-06-2025,paid_social,prospecting_video,,,0
518147,24-06-2025,referral,,,,0
518148,24-06-2025,paid_search,brand_search,,,0
518149,24-06-2025,referral,,,,0
518150,24-06-2025,paid_search,brand_search,,,0
518151,24-06-2025,referral,,,,0
518152,24-06-2025,paid_social,prospecting_video,,,0
518153,24-06-2025,paid_search,brand_search,,,0
518154,24-06-2025,paid_social,prospecting_video,,,0
518155,24-06-2025,organic,,,,0
518156,24-06-2025,paid_search,brand_search,,,0
518157,24-06-2025,organic,,,,0
518158,24-06-2025,paid_search,generic_search,,,0
518159,24-06-2025,affiliate,finance_blogs,,,0
518160,24-06-2025,paid_search,brand_search,,,0
518161,24-06-2025,affiliate,finance_blogs,,,0
518162,24-06-2025,paid_social,retargeting,,,0
518163,24-06-2025,paid_social,prospecting_video,,,0
518164,24-06-2025,paid_social,prospecting_video,,,0
518165,24-06-2025,paid_social,prospecting_video,,,0
518166,24-06-2025,paid_social,retargeting,,,0
518167,24-06-2025,paid_social,prospecting_video,,,0
518168,24-06-2025,paid_social,prospecting_video,,,0
518169,24-06-2025,paid_social,prospecting_video,,,0
518170,24-06-2025,paid_social,retargeting,,,0
518171,24-06-2025,paid_search,generic_search,,,0
518172,24-06-2025,paid_social,retargeting,,,0
518173,24-06-2025,paid_social,prospecting_video,,,0
518174,24-06-2025,paid_search,brand_search,,,0
518175,24-06-2025,paid_social,prospecting_video,,,0
518176,24-06-2025,organic,,,,0
518177,24-06-2025,paid_social,prospecting_video,,,0
518178,24-06-2025,paid_search,brand_search,,,0
518179,24-06-2025,paid_social,prospecting_video,,,0
518180,24-06-2025,paid_search,generic_search,25-06-2025,monthly,29.97
518181,24-06-2025,paid_social,prospecting_video,,,0
518182,24-06-2025,paid_social,prospecting_video,,,0
518183,24-06-2025,paid_social,prospecting_video,,,0
518184,24-06-2025,paid_social,prospecting_video,,,0
518185,24-06-2025,paid_social,prospecting_video,,,0
518186,24-06-2025,paid_social,prospecting_video,,,0
518187,24-06-2025,paid_social,prospecting_video,,,0
518188,24-06-2025,paid_search,brand_search,,,0
518189,24-06-2025,organic,,27-06-2025,monthly,29.97
518190,24-06-2025,paid_social,prospecting_video,,,0
518191,24-06-2025,paid_social,retargeting,,,0
518192,24-06-2025,paid_social,prospecting_video,,,0
518193,24-06-2025,paid_social,prospecting_video,,,0
518194,24-06-2025,paid_social,prospecting_video,,,0
518195,24-06-2025,referral,,,,0
518196,24-06-2025,paid_social,prospecting_video,,,0
518197,24-06-2025,paid_search,generic_search,,,0
518198,24-06-2025,organic,,,,0
518199,24-06-2025,paid_social,retargeting,,,0
518200,24-06-2025,paid_social,prospecting_video,,,0
518201,24-06-2025,paid_social,prospecting_video,,,0
518202,24-06-2025,organic,,29-06-2025,annual,79.99
518203,24-06-2025,paid_social,retargeting,29-06-2025,monthly,29.97
518204,24-06-2025,organic,,,,0
518205,24-06-2025,paid_social,prospecting_video,,,0
518206,24-06-2025,paid_social,retargeting,,,0
518207,24-06-2025,paid_social,prospecting_video,,,0
518208,24-06-2025,paid_social,prospecting_video,,,0
518209,24-06-2025,paid_social,prospecting_video,,,0
518210,24-06-2025,paid_social,prospecting_video,,,0
518211,24-06-2025,paid_social,prospecting_video,,,0
518212,24-06-2025,paid_social,prospecting_video,,,0
518213,24-06-2025,paid_search,generic_search,,,0
518214,24-06-2025,paid_social,prospecting_video,,,0
518215,24-06-2025,referral,,,,0
518216,24-06-2025,affiliate,finance_blogs,26-06-2025,monthly,29.97
518217,24-06-2025,paid_social,retargeting,,,0
518218,24-06-2025,organic,,,,0
518219,24-06-2025,affiliate,finance_blogs,,,0
518220,25-06-2025,paid_social,prospecting_video,,,0
518221,25-06-2025,organic,,,,0
518222,25-06-2025,affiliate,finance_blogs,,,0
518223,25-06-2025,paid_social,retargeting,,,0
518224,25-06-2025,paid_social,prospecting_video,,,0
518225,25-06-2025,organic,,,,0
518226,25-06-2025,paid_search,brand_search,25-06-2025,annual,79.99
518227,25-06-2025,paid_search,generic_search,,,0
518228,25-06-2025,paid_social,prospecting_video,,,0
518229,25-06-2025,paid_social,prospecting_video,27-06-2025,monthly,19.98
518230,25-06-2025,paid_search,generic_search,,,0
518231,25-06-2025,organic,,,,0
518232,25-06-2025,paid_search,generic_search,,,0
518233,25-06-2025,organic,,,,0
518234,25-06-2025,organic,,,,0
518235,25-06-2025,paid_social,prospecting_video,,,0
518236,25-06-2025,paid_search,brand_search,,,0
518237,25-06-2025,paid_social,prospecting_video,,,0
518238,25-06-2025,paid_social,prospecting_video,,,0
518239,25-06-2025,organic,,,,0
518240,25-06-2025,affiliate,finance_blogs,,,0
518241,25-06-2025,paid_social,retargeting,,,0
518242,25-06-2025,paid_social,prospecting_video,,,0
518243,25-06-2025,paid_social,prospecting_video,,,0
518244,25-06-2025,paid_social,prospecting_video,,,0
518245,25-06-2025,paid_social,prospecting_video,,,0
518246,25-06-2025,paid_social,retargeting,,,0
518247,25-06-2025,paid_search,generic_search,,,0
518248,25-06-2025,paid_social,prospecting_video,,,0
518249,25-06-2025,referral,,,,0
518250,25-06-2025,paid_search,generic_search,25-06-2025,monthly,29.97
518251,25-06-2025,organic,,26-06-2025,monthly,19.98
518252,25-06-2025,affiliate,finance_blogs,,,0
518253,25-06-2025,paid_search,generic_search,,,0
518254,25-06-2025,paid_social,prospecting_video,25-06-2025,annual,79.99
518255,25-06-2025,paid_social,retargeting,,,0
518256,25-06-2025,paid_social,retargeting,,,0
518257,25-06-2025,paid_social,prospecting_video,,,0
518258,25-06-2025,paid_social,retargeting,,,0
518259,25-06-2025,paid_social,prospecting_video,,,0
518260,25-06-2025,paid_social,prospecting_video,,,0
518261,25-06-2025,paid_social,prospecting_video,,,0
518262,25-06-2025,paid_social,prospecting_video,,,0
518263,25-06-2025,organic,,,,0
518264,25-06-2025,paid_social,prospecting_video,,,0
518265,25-06-2025,paid_social,retargeting,,,0
518266,25-06-2025,paid_social,prospecting_video,,,0
518267,25-06-2025,paid_social,retargeting,,,0
518268,25-06-2025,paid_social,prospecting_video,,,0
518269,25-06-2025,paid_social,prospecting_video,,,0
518270,25-06-2025,paid_search,generic_search,27-06-2025,annual,79.99
518271,25-06-2025,organic,,,,0
518272,25-06-2025,paid_search,brand_search,27-06-2025,monthly,9.99
518273,25-06-2025,paid_search,brand_search,,,0
518274,25-06-2025,paid_social,prospecting_video,,,0
518275,25-06-2025,paid_social,prospecting_video,,,0
518276,25-06-2025,organic,,,,0
518277,25-06-2025,paid_social,prospecting_video,27-06-2025,monthly,29.97
518278,25-06-2025,paid_social,prospecting_video,,,0
518279,25-06-2025,organic,,,,0
518280,25-06-2025,paid_social,prospecting_video,,,0
518281,25-06-2025,paid_search,brand_search,25-06-2025,monthly,29.97
518282,25-06-2025,affiliate,finance_blogs,,,0
518283,25-06-2025,paid_social,prospecting_video,,,0
518284,25-06-2025,organic,,,,0
518285,25-06-2025,paid_search,brand_search,26-06-2025,annual,79.99
518286,25-06-2025,paid_social,prospecting_video,,,0
518287,25-06-2025,paid_social,prospecting_video,,,0
518288,25-06-2025,paid_social,prospecting_video,,,0
518289,25-06-2025,paid_search,generic_search,,,0
518290,25-06-2025,paid_social,prospecting_video,,,0
518291,25-06-2025,paid_social,retargeting,,,0
518292,25-06-2025,organic,,30-06-2025,annual,79.99
518293,25-06-2025,paid_social,prospecting_video,,,0
518294,25-06-2025,paid_social,prospecting_video,,,0
518295,25-06-2025,paid_social,prospecting_video,,,0
518296,25-06-2025,paid_search,brand_search,29-06-2025,monthly,29.97
518297,25-06-2025,paid_social,retargeting,27-06-2025,monthly,29.97
518298,25-06-2025,paid_social,prospecting_video,,,0
518299,25-06-2025,paid_social,retargeting,30-06-2025,annual,79.99
518300,25-06-2025,paid_social,prospecting_video,,,0
518301,25-06-2025,affiliate,finance_blogs,,,0
518302,25-06-2025,paid_search,generic_search,,,0
518303,25-06-2025,paid_social,retargeting,,,0
518304,25-06-2025,referral,,,,0
518305,25-06-2025,paid_social,prospecting_video,,,0
518306,25-06-2025,paid_social,prospecting_video,,,0
518307,25-06-2025,organic,,,,0
518308,25-06-2025,affiliate,finance_blogs,,,0
518309,25-06-2025,paid_social,prospecting_video,,,0
518310,25-06-2025,paid_search,generic_search,,,0
518311,25-06-2025,paid_social,prospecting_video,,,0
518312,25-06-2025,paid_search,generic_search,,,0
518313,25-06-2025,paid_social,retargeting,,,0
518314,25-06-2025,organic,,,,0
518315,25-06-2025,affiliate,finance_blogs,,,0
518316,25-06-2025,referral,,,,0
518317,25-06-2025,paid_social,prospecting_video,,,0
518318,25-06-2025,organic,,,,0
518319,25-06-2025,referral,,26-06-2025,annual,79.99
518320,25-06-2025,paid_social,prospecting_video,,,0
518321,25-06-2025,paid_social,retargeting,30-06-2025,monthly,29.97
518322,25-06-2025,paid_social,retargeting,,,0
518323,25-06-2025,paid_social,prospecting_video,,,0
518324,25-06-2025,organic,,,,0
518325,25-06-2025,referral,,,,0
518326,25-06-2025,paid_social,prospecting_video,,,0
518327,25-06-2025,paid_search,brand_search,25-06-2025,monthly,29.97
518328,25-06-2025,referral,,,,0
518329,25-06-2025,organic,,,,0
518330,25-06-2025,organic,,,,0
518331,25-06-2025,organic,,,,0
518332,25-06-2025,paid_social,retargeting,,,0
518333,25-06-2025,paid_social,prospecting_video,,,0
518334,25-06-2025,organic,,,,0
518335,25-06-2025,paid_social,retargeting,06-07-2025,monthly,19.98
518336,25-06-2025,paid_search,brand_search,,,0
518337,25-06-2025,paid_social,prospecting_video,,,0
518338,25-06-2025,paid_search,generic_search,,,0
518339,25-06-2025,referral,,,,0
518340,26-06-2025,paid_search,brand_search,,,0
518341,26-06-2025,paid_social,prospecting_video,,,0
518342,26-06-2025,paid_social,prospecting_video,,,0
518343,26-06-2025,paid_search,brand_search,26-06-2025,annual,79.99
518344,26-06-2025,paid_social,prospecting_video,,,0
518345,26-06-2025,paid_social,retargeting,,,0
518346,26-06-2025,paid_social,prospecting_video,,,0
518347,26-06-2025,paid_social,prospecting_video,,,0
518348,26-06-2025,paid_social,prospecting_video,,,0
518349,26-06-2025,organic,,,,0
518350,26-06-2025,paid_search,brand_search,,,0
518351,26-06-2025,paid_social,prospecting_video,,,0
518352,26-06-2025,paid_search,generic_search,,,0
518353,26-06-2025,paid_search,generic_search,,,0
518354,26-06-2025,paid_social,prospecting_video,,,0
518355,26-06-2025,paid_social,retargeting,,,0
518356,26-06-2025,paid_social,prospecting_video,,,0
518357,26-06-2025,referral,,27-06-2025,monthly,29.97
518358,26-06-2025,paid_search,brand_search,26-06-2025,monthly,29.97
518359,26-06-2025,paid_social,prospecting_video,,,0
518360,26-06-2025,organic,,26-06-2025,monthly,29.97
518361,26-06-2025,paid_social,prospecting_video,,,0
518362,26-06-2025,paid_search,generic_search,29-06-2025,monthly,29.97
518363,26-06-2025,paid_social,prospecting_video,,,0
518364,26-06-2025,organic,,,,0
518365,26-06-2025,paid_search,brand_search,,,0
518366,26-06-2025,organic,,,,0
518367,26-06-2025,paid_social,retargeting,02-07-2025,monthly,29.97
518368,26-06-2025,paid_social,prospecting_video,,,0
518369,26-06-2025,affiliate,finance_blogs,,,0
518370,26-06-2025,organic,,,,0
518371,26-06-2025,paid_search,generic_search,,,0
518372,26-06-2025,paid_social,prospecting_video,,,0
518373,26-06-2025,paid_social,prospecting_video,,,0
518374,26-06-2025,paid_search,brand_search,,,0
518375,26-06-2025,organic,,,,0
518376,26-06-2025,paid_search,generic_search,30-06-2025,monthly,9.99
518377,26-06-2025,affiliate,finance_blogs,,,0
518378,26-06-2025,paid_social,retargeting,,,0
518379,26-06-2025,paid_social,prospecting_video,,,0
518380,26-06-2025,paid_social,prospecting_video,01-07-2025,monthly,29.97
518381,26-06-2025,paid_social,prospecting_video,,,0
518382,26-06-2025,paid_social,prospecting_video,,,0
518383,26-06-2025,organic,,,,0
518384,26-06-2025,paid_social,prospecting_video,,,0
518385,26-06-2025,paid_social,prospecting_video,26-06-2025,monthly,29.97
518386,26-06-2025,paid_social,prospecting_video,,,0
518387,26-06-2025,paid_search,generic_search,07-07-2025,monthly,29.97
518388,26-06-2025,organic,,,,0
518389,26-06-2025,paid_search,brand_search,,,0
518390,26-06-2025,paid_social,retargeting,,,0
518391,26-06-2025,paid_search,generic_search,,,0
518392,26-06-2025,paid_social,prospecting_video,,,0
518393,26-06-2025,paid_social,prospecting_video,,,0
518394,26-06-2025,paid_search,brand_search,,,0
518395,26-06-2025,paid_search,brand_search,,,0
518396,26-06-2025,paid_search,brand_search,26-06-2025,monthly,29.97
518397,26-06-2025,affiliate,finance_blogs,,,0
518398,26-06-2025,paid_social,prospecting_video,03-07-2025,monthly,19.98
518399,26-06-2025,paid_search,generic_search,,,0
518400,26-06-2025,paid_social,retargeting,,,0
518401,26-06-2025,paid_social,prospecting_video,,,0
518402,26-06-2025,paid_social,prospecting_video,,,0
518403,26-06-2025,paid_social,prospecting_video,,,0
518404,26-06-2025,paid_search,generic_search,,,0
518405,26-06-2025,paid_social,prospecting_video,,,0
518406,26-06-2025,affiliate,finance_blogs,,,0
518407,26-06-2025,paid_social,prospecting_video,,,0
518408,26-06-2025,paid_social,retargeting,,,0
518409,26-06-2025,paid_social,prospecting_video,,,0
518410,26-06-2025,referral,,,,0
518411,26-06-2025,organic,,02-07-2025,monthly,19.98
518412,26-06-2025,organic,,,,0
518413,26-06-2025,organic,,,,0
518414,26-06-2025,paid_social,prospecting_video,,,0
518415,26-06-2025,organic,,,,0
518416,26-06-2025,paid_search,generic_search,,,0
518417,26-06-2025,paid_social,prospecting_video,,,0
518418,26-06-2025,paid_social,prospecting_video,,,0
518419,26-06-2025,organic,,06-07-2025,monthly,29.97
518420,26-06-2025,paid_social,prospecting_video,,,0
518421,26-06-2025,paid_social,prospecting_video,,,0
518422,26-06-2025,paid_social,prospecting_video,,,0
518423,26-06-2025,organic,,,,0
518424,26-06-2025,organic,,,,0
518425,26-06-2025,paid_social,prospecting_video,,,0
518426,26-06-2025,organic,,,,0
518427,26-06-2025,paid_social,prospecting_video,,,0
518428,26-06-2025,referral,,,,0
518429,26-06-2025,paid_search,generic_search,,,0
518430,26-06-2025,organic,,,,0
518431,26-06-2025,referral,,,,0
518432,26-06-2025,paid_social,prospecting_video,,,0
518433,26-06-2025,paid_social,retargeting,,,0
518434,26-06-2025,paid_social,prospecting_video,,,0
518435,26-06-2025,organic,,,,0
518436,26-06-2025,paid_search,generic_search,,,0
518437,26-06-2025,paid_social,prospecting_video,,,0
518438,26-06-2025,paid_social,retargeting,30-06-2025,annual,79.99
518439,26-06-2025,paid_social,prospecting_video,,,0
518440,26-06-2025,paid_social,prospecting_video,,,0
518441,26-06-2025,organic,,,,0
518442,26-06-2025,paid_search,generic_search,,,0
518443,26-06-2025,paid_search,generic_search,,,0
518444,26-06-2025,paid_social,retargeting,,,0
518445,26-06-2025,referral,,,,0
518446,26-06-2025,organic,,,,0
518447,26-06-2025,referral,,,,0
518448,26-06-2025,paid_social,retargeting,,,0
518449,26-06-2025,paid_social,retargeting,,,0
518450,26-06-2025,paid_social,prospecting_video,,,0
518451,26-06-2025,affiliate,finance_blogs,,,0
518452,27-06-2025,paid_social,prospecting_video,,,0
518453,27-06-2025,organic,,,,0
518454,27-06-2025,paid_social,prospecting_video,,,0
518455,27-06-2025,paid_search,generic_search,03-07-2025,monthly,29.97
518456,27-06-2025,paid_social,prospecting_video,,,0
518457,27-06-2025,paid_social,prospecting_video,,,0
518458,27-06-2025,paid_search,brand_search,,,0
518459,27-06-2025,referral,,,,0
518460,27-06-2025,paid_social,prospecting_video,,,0
518461,27-06-2025,paid_social,prospecting_video,,,0
518462,27-06-2025,paid_social,retargeting,,,0
518463,27-06-2025,paid_social,prospecting_video,,,0
518464,27-06-2025,paid_search,brand_search,,,0
518465,27-06-2025,paid_social,prospecting_video,,,0
518466,27-06-2025,paid_social,retargeting,,,0
518467,27-06-2025,paid_social,prospecting_video,,,0
518468,27-06-2025,paid_social,prospecting_video,,,0
518469,27-06-2025,affiliate,finance_blogs,,,0
518470,27-06-2025,paid_search,brand_search,,,0
518471,27-06-2025,paid_social,prospecting_video,,,0
518472,27-06-2025,affiliate,finance_blogs,,,0
518473,27-06-2025,paid_social,retargeting,,,0
518474,27-06-2025,paid_search,generic_search,,,0
518475,27-06-2025,paid_social,prospecting_video,,,0
518476,27-06-2025,affiliate,finance_blogs,,,0
518477,27-06-2025,paid_social,retargeting,,,0
518478,27-06-2025,paid_social,prospecting_video,,,0
518479,27-06-2025,paid_search,brand_search,,,0
518480,27-06-2025,paid_social,prospecting_video,,,0
518481,27-06-2025,paid_search,brand_search,,,0
518482,27-06-2025,paid_social,retargeting,,,0
518483,27-06-2025,paid_search,generic_search,,,0
518484,27-06-2025,paid_search,brand_search,27-06-2025,monthly,29.97
518485,27-06-2025,paid_search,generic_search,,,0
518486,27-06-2025,organic,,,,0
518487,27-06-2025,paid_social,prospecting_video,,,0
518488,27-06-2025,paid_social,retargeting,,,0
518489,27-06-2025,organic,,,,0
518490,27-06-2025,paid_social,retargeting,,,0
518491,27-06-2025,paid_search,generic_search,,,0
518492,27-06-2025,paid_social,prospecting_video,,,0
518493,27-06-2025,paid_social,prospecting_video,,,0
518494,27-06-2025,organic,,,,0
518495,27-06-2025,paid_social,prospecting_video,,,0
518496,27-06-2025,paid_social,retargeting,,,0
518497,27-06-2025,paid_social,prospecting_video,,,0
518498,27-06-2025,affiliate,finance_blogs,,,0
518499,27-06-2025,paid_search,generic_search,27-06-2025,monthly,9.99
518500,27-06-2025,paid_search,brand_search,,,0
518501,27-06-2025,paid_social,prospecting_video,,,0
518502,27-06-2025,paid_social,prospecting_video,,,0
518503,27-06-2025,paid_search,brand_search,,,0
518504,27-06-2025,organic,,,,0
518505,27-06-2025,paid_search,generic_search,,,0
518506,27-06-2025,paid_search,generic_search,,,0
518507,27-06-2025,paid_search,generic_search,,,0
518508,27-06-2025,paid_social,prospecting_video,,,0
518509,27-06-2025,organic,,29-06-2025,annual,79.99
518510,27-06-2025,organic,,,,0
518511,27-06-2025,paid_social,retargeting,,,0
518512,27-06-2025,paid_search,generic_search,,,0
518513,27-06-2025,paid_social,prospecting_video,,,0
518514,27-06-2025,paid_social,retargeting,,,0
518515,27-06-2025,paid_social,retargeting,,,0
518516,27-06-2025,paid_search,generic_search,28-06-2025,annual,79.99
518517,27-06-2025,referral,,27-06-2025,monthly,19.98
518518,27-06-2025,paid_social,prospecting_video,,,0
518519,27-06-2025,organic,,,,0
518520,27-06-2025,referral,,,,0
518521,27-06-2025,organic,,,,0
518522,27-06-2025,paid_search,brand_search,,,0
518523,27-06-2025,paid_social,prospecting_video,,,0
518524,27-06-2025,paid_social,retargeting,,,0
518525,27-06-2025,paid_social,retargeting,,,0
518526,27-06-2025,paid_social,prospecting_video,,,0
518527,27-06-2025,paid_social,retargeting,,,0
518528,27-06-2025,paid_search,brand_search,,,0
518529,27-06-2025,paid_social,prospecting_video,,,0
518530,27-06-2025,organic,,,,0
518531,27-06-2025,affiliate,finance_blogs,,,0
518532,27-06-2025,paid_social,prospecting_video,,,0
518533,27-06-2025,paid_social,prospecting_video,,,0
518534,27-06-2025,organic,,,,0
518535,27-06-2025,paid_social,retargeting,,,0
518536,27-06-2025,paid_social,prospecting_video,,,0
518537,27-06-2025,paid_social,prospecting_video,,,0
518538,27-06-2025,paid_social,prospecting_video,,,0
518539,27-06-2025,paid_search,brand_search,,,0
518540,27-06-2025,paid_social,prospecting_video,,,0
518541,27-06-2025,organic,,,,0
518542,27-06-2025,referral,,,,0
518543,27-06-2025,paid_social,retargeting,27-06-2025,annual,79.99
518544,27-06-2025,referral,,,,0
518545,27-06-2025,paid_social,retargeting,,,0
518546,27-06-2025,paid_social,prospecting_video,,,0
518547,27-06-2025,paid_social,prospecting_video,,,0
518548,27-06-2025,referral,,,,0
518549,27-06-2025,paid_social,prospecting_video,,,0
518550,27-06-2025,paid_social,prospecting_video,,,0
518551,27-06-2025,paid_search,brand_search,,,0
518552,27-06-2025,paid_social,prospecting_video,,,0
518553,27-06-2025,paid_search,brand_search,,,0
518554,27-06-2025,paid_social,retargeting,,,0
518555,27-06-2025,paid_social,retargeting,,,0
518556,27-06-2025,paid_social,retargeting,,,0
518557,28-06-2025,organic,,,,0
518558,28-06-2025,paid_search,generic_search,,,0
518559,28-06-2025,paid_social,prospecting_video,,,0
518560,28-06-2025,organic,,,,0
518561,28-06-2025,paid_search,brand_search,,,0
518562,28-06-2025,paid_social,prospecting_video,,,0
518563,28-06-2025,referral,,,,0
518564,28-06-2025,referral,,,,0
518565,28-06-2025,paid_social,prospecting_video,,,0
518566,28-06-2025,organic,,,,0
518567,28-06-2025,affiliate,finance_blogs,,,0
518568,28-06-2025,organic,,,,0
518569,28-06-2025,paid_search,generic_search,,,0
518570,28-06-2025,paid_social,prospecting_video,,,0
518571,28-06-2025,organic,,,,0
518572,28-06-2025,paid_search,generic_search,,,0
518573,28-06-2025,paid_social,retargeting,28-06-2025,annual,79.99
518574,28-06-2025,paid_social,retargeting,,,0
518575,28-06-2025,paid_search,brand_search,30-06-2025,monthly,29.97
518576,28-06-2025,paid_social,retargeting,,,0
518577,28-06-2025,paid_search,brand_search,,,0
518578,28-06-2025,paid_social,retargeting,,,0
518579,28-06-2025,paid_search,brand_search,,,0
518580,28-06-2025,referral,,,,0
518581,28-06-2025,paid_social,retargeting,,,0
518582,28-06-2025,affiliate,finance_blogs,,,0
518583,28-06-2025,paid_social,prospecting_video,,,0
518584,28-06-2025,organic,,,,0
518585,28-06-2025,paid_social,prospecting_video,,,0
518586,28-06-2025,paid_social,retargeting,,,0
518587,28-06-2025,affiliate,finance_blogs,,,0
518588,28-06-2025,paid_social,prospecting_video,,,0
518589,28-06-2025,paid_search,generic_search,11-07-2025,monthly,29.97
518590,28-06-2025,paid_social,prospecting_video,,,0
518591,28-06-2025,organic,,,,0
518592,28-06-2025,paid_search,brand_search,,,0
518593,28-06-2025,organic,,,,0
518594,28-06-2025,affiliate,finance_blogs,,,0
518595,28-06-2025,organic,,,,0
518596,28-06-2025,organic,,,,0
518597,28-06-2025,paid_search,generic_search,,,0
518598,28-06-2025,paid_social,retargeting,,,0
518599,28-06-2025,paid_social,prospecting_video,,,0
518600,28-06-2025,paid_social,prospecting_video,,,0
518601,28-06-2025,paid_search,brand_search,29-06-2025,annual,79.99
518602,28-06-2025,paid_social,prospecting_video,,,0
518603,28-06-2025,paid_social,prospecting_video,,,0
518604,28-06-2025,paid_search,brand_search,,,0
518605,28-06-2025,referral,,,,0
518606,28-06-2025,paid_social,prospecting_video,,,0
518607,28-06-2025,paid_search,generic_search,,,0
518608,28-06-2025,paid_social,prospecting_video,,,0
518609,28-06-2025,paid_social,prospecting_video,,,0
518610,28-06-2025,affiliate,finance_blogs,,,0
518611,28-06-2025,organic,,,,0
518612,28-06-2025,affiliate,finance_blogs,,,0
518613,28-06-2025,paid_search,brand_search,,,0
518614,28-06-2025,organic,,,,0
518615,28-06-2025,organic,,,,0
518616,28-06-2025,paid_social,prospecting_video,,,0
518617,28-06-2025,organic,,,,0
518618,28-06-2025,affiliate,finance_blogs,,,0
518619,28-06-2025,referral,,,,0
518620,28-06-2025,organic,,,,0
518621,28-06-2025,paid_search,brand_search,,,0
518622,28-06-2025,paid_social,prospecting_video,,,0
518623,28-06-2025,organic,,,,0
518624,28-06-2025,paid_social,prospecting_video,,,0
518625,28-06-2025,paid_social,prospecting_video,,,0
518626,28-06-2025,paid_social,prospecting_video,,,0
518627,28-06-2025,referral,,,,0
518628,28-06-2025,paid_social,prospecting_video,,,0
518629,28-06-2025,paid_social,prospecting_video,,,0
518630,28-06-2025,paid_search,generic_search,,,0
518631,28-06-2025,paid_social,prospecting_video,,,0
518632,28-06-2025,paid_social,prospecting_video,,,0
518633,28-06-2025,paid_social,prospecting_video,,,0
518634,28-06-2025,paid_social,retargeting,30-06-2025,annual,79.99
518635,28-06-2025,paid_social,prospecting_video,,,0
518636,28-06-2025,organic,,05-07-2025,monthly,29.97
518637,28-06-2025,paid_social,prospecting_video,,,0
518638,28-06-2025,organic,,,,0
518639,28-06-2025,paid_social,prospecting_video,,,0
518640,28-06-2025,affiliate,finance_blogs,,,0
518641,28-06-2025,organic,,,,0
518642,28-06-2025,organic,,,,0
518643,28-06-2025,paid_social,prospecting_video,,,0
518644,28-06-2025,paid_social,prospecting_video,,,0
518645,28-06-2025,paid_social,retargeting,,,0
518646,28-06-2025,paid_search,brand_search,,,0
518647,28-06-2025,referral,,,,0
518648,28-06-2025,affiliate,finance_blogs,28-06-2025,monthly,9.99
518649,28-06-2025,paid_social,prospecting_video,,,0
518650,28-06-2025,paid_social,retargeting,,,0
518651,28-06-2025,referral,,11-07-2025,annual,79.99
518652,28-06-2025,paid_social,prospecting_video,,,0
518653,28-06-2025,paid_social,prospecting_video,,,0
518654,28-06-2025,organic,,,,0
518655,28-06-2025,organic,,,,0
518656,28-06-2025,paid_social,prospecting_video,,,0
518657,28-06-2025,paid_social,prospecting_video,,,0
518658,28-06-2025,paid_search,brand_search,,,0
518659,28-06-2025,paid_social,retargeting,,,0
518660,28-06-2025,paid_search,brand_search,,,0
518661,29-06-2025,organic,,,,0
518662,29-06-2025,referral,,,,0
518663,29-06-2025,organic,,,,0
518664,29-06-2025,organic,,,,0
518665,29-06-2025,organic,,,,0
518666,29-06-2025,affiliate,finance_blogs,07-07-2025,annual,79.99
518667,29-06-2025,organic,,,,0
518668,29-06-2025,paid_social,prospecting_video,,,0
518669,29-06-2025,paid_search,generic_search,30-06-2025,monthly,19.98
518670,29-06-2025,paid_search,brand_search,,,0
518671,29-06-2025,organic,,,,0
518672,29-06-2025,paid_search,generic_search,30-06-2025,monthly,29.97
518673,29-06-2025,organic,,,,0
518674,29-06-2025,organic,,,,0
518675,29-06-2025,paid_social,prospecting_video,,,0
518676,29-06-2025,paid_social,retargeting,,,0
518677,29-06-2025,organic,,,,0
518678,29-06-2025,organic,,,,0
518679,29-06-2025,organic,,,,0
518680,29-06-2025,paid_social,prospecting_video,,,0
518681,29-06-2025,affiliate,finance_blogs,,,0
518682,29-06-2025,organic,,,,0
518683,29-06-2025,affiliate,finance_blogs,,,0
518684,29-06-2025,paid_search,brand_search,,,0
518685,29-06-2025,paid_search,brand_search,,,0
518686,29-06-2025,paid_search,generic_search,,,0
518687,29-06-2025,paid_social,prospecting_video,,,0
518688,29-06-2025,paid_social,retargeting,,,0
518689,29-06-2025,paid_search,brand_search,,,0
518690,29-06-2025,referral,,,,0
518691,29-06-2025,paid_social,retargeting,30-06-2025,monthly,29.97
518692,29-06-2025,paid_social,prospecting_video,,,0
518693,29-06-2025,paid_social,prospecting_video,,,0
518694,29-06-2025,organic,,,,0
518695,29-06-2025,organic,,,,0
518696,29-06-2025,organic,,,,0
518697,29-06-2025,paid_search,brand_search,,,0
518698,29-06-2025,organic,,,,0
518699,29-06-2025,paid_social,prospecting_video,,,0
518700,29-06-2025,paid_search,generic_search,03-07-2025,annual,79.99
518701,29-06-2025,paid_social,prospecting_video,,,0
518702,29-06-2025,paid_social,prospecting_video,,,0
518703,29-06-2025,paid_search,generic_search,,,0
518704,29-06-2025,paid_social,prospecting_video,,,0
518705,29-06-2025,organic,,,,0
518706,29-06-2025,organic,,,,0
518707,29-06-2025,paid_social,retargeting,,,0
518708,29-06-2025,paid_social,prospecting_video,,,0
518709,29-06-2025,paid_social,prospecting_video,,,0
518710,29-06-2025,paid_social,prospecting_video,,,0
518711,29-06-2025,paid_social,retargeting,29-06-2025,monthly,29.97
518712,29-06-2025,paid_social,prospecting_video,,,0
518713,29-06-2025,organic,,,,0
518714,29-06-2025,paid_social,retargeting,04-07-2025,monthly,29.97
518715,29-06-2025,paid_social,prospecting_video,,,0
518716,29-06-2025,organic,,,,0
518717,29-06-2025,paid_search,brand_search,,,0
518718,29-06-2025,referral,,,,0
518719,29-06-2025,paid_social,retargeting,29-06-2025,monthly,29.97
518720,29-06-2025,referral,,02-07-2025,monthly,19.98
518721,29-06-2025,paid_social,prospecting_video,,,0
518722,29-06-2025,paid_social,prospecting_video,,,0
518723,29-06-2025,organic,,,,0
518724,29-06-2025,referral,,,,0
518725,29-06-2025,organic,,,,0
518726,29-06-2025,paid_social,prospecting_video,,,0
518727,29-06-2025,organic,,,,0
518728,29-06-2025,organic,,,,0
518729,29-06-2025,affiliate,finance_blogs,,,0
518730,29-06-2025,referral,,,,0
518731,29-06-2025,organic,,,,0
518732,29-06-2025,organic,,,,0
518733,29-06-2025,paid_search,generic_search,03-07-2025,monthly,29.97
518734,29-06-2025,paid_social,prospecting_video,,,0
518735,29-06-2025,organic,,,,0
518736,29-06-2025,referral,,30-06-2025,monthly,19.98
518737,29-06-2025,paid_social,prospecting_video,,,0
518738,29-06-2025,paid_social,prospecting_video,,,0
518739,29-06-2025,paid_social,prospecting_video,,,0
518740,29-06-2025,paid_social,prospecting_video,,,0
518741,29-06-2025,organic,,,,0
518742,29-06-2025,paid_search,brand_search,,,0
518743,29-06-2025,organic,,,,0
518744,29-06-2025,paid_search,brand_search,,,0
518745,29-06-2025,organic,,,,0
518746,29-06-2025,organic,,,,0
518747,29-06-2025,paid_search,brand_search,,,0
518748,29-06-2025,organic,,,,0
518749,29-06-2025,paid_search,generic_search,30-06-2025,annual,79.99
518750,30-06-2025,affiliate,finance_blogs,,,0
518751,30-06-2025,paid_social,prospecting_video,,,0
518752,30-06-2025,organic,,,,0
518753,30-06-2025,paid_search,brand_search,,,0
518754,30-06-2025,paid_social,prospecting_video,,,0
518755,30-06-2025,paid_search,brand_search,,,0
518756,30-06-2025,paid_social,prospecting_video,,,0
518757,30-06-2025,paid_social,prospecting_video,,,0
518758,30-06-2025,organic,,,,0
518759,30-06-2025,paid_social,prospecting_video,,,0
518760,30-06-2025,paid_social,retargeting,,,0
518761,30-06-2025,paid_social,prospecting_video,,,0
518762,30-06-2025,paid_social,prospecting_video,,,0
518763,30-06-2025,paid_search,generic_search,,,0
518764,30-06-2025,paid_social,prospecting_video,,,0
518765,30-06-2025,paid_search,brand_search,,,0
518766,30-06-2025,paid_social,prospecting_video,,,0
518767,30-06-2025,paid_social,prospecting_video,,,0
518768,30-06-2025,paid_social,prospecting_video,,,0
518769,30-06-2025,paid_social,prospecting_video,,,0
518770,30-06-2025,paid_social,prospecting_video,,,0
518771,30-06-2025,paid_search,generic_search,03-07-2025,monthly,29.97
518772,30-06-2025,paid_social,prospecting_video,,,0
518773,30-06-2025,organic,,,,0
518774,30-06-2025,organic,,,,0
518775,30-06-2025,organic,,,,0
518776,30-06-2025,paid_social,prospecting_video,,,0
518777,30-06-2025,paid_social,prospecting_video,,,0
518778,30-06-2025,paid_social,prospecting_video,,,0
518779,30-06-2025,paid_search,brand_search,,,0
518780,30-06-2025,organic,,,,0
518781,30-06-2025,paid_search,brand_search,,,0
518782,30-06-2025,paid_social,prospecting_video,,,0
518783,30-06-2025,organic,,,,0
518784,30-06-2025,organic,,,,0
518785,30-06-2025,organic,,,,0
518786,30-06-2025,paid_social,prospecting_video,,,0
518787,30-06-2025,paid_search,brand_search,,,0
518788,30-06-2025,referral,,,,0
518789,30-06-2025,affiliate,finance_blogs,,,0
518790,30-06-2025,referral,,,,0
518791,30-06-2025,paid_social,prospecting_video,,,0
518792,30-06-2025,paid_social,prospecting_video,,,0
518793,30-06-2025,paid_social,prospecting_video,,,0
518794,30-06-2025,paid_social,prospecting_video,,,0
518795,30-06-2025,paid_social,prospecting_video,,,0
518796,30-06-2025,paid_social,retargeting,,,0
518797,30-06-2025,referral,,,,0
518798,30-06-2025,organic,,,,0
518799,30-06-2025,paid_social,prospecting_video,,,0
518800,30-06-2025,paid_search,generic_search,,,0
518801,30-06-2025,paid_social,retargeting,13-07-2025,annual,79.99
518802,30-06-2025,paid_social,prospecting_video,,,0
518803,30-06-2025,organic,,05-07-2025,monthly,29.97
518804,30-06-2025,paid_search,generic_search,,,0
518805,30-06-2025,paid_social,retargeting,,,0
518806,30-06-2025,referral,,,,0
518807,30-06-2025,referral,,,,0
518808,30-06-2025,paid_social,prospecting_video,,,0
518809,30-06-2025,paid_search,generic_search,,,0
518810,30-06-2025,organic,,,,0
518811,30-06-2025,organic,,,,0
518812,30-06-2025,organic,,,,0
518813,30-06-2025,referral,,,,0
518814,30-06-2025,organic,,,,0
518815,30-06-2025,affiliate,finance_blogs,,,0
518816,30-06-2025,paid_search,brand_search,,,0
518817,30-06-2025,paid_search,generic_search,,,0
518818,30-06-2025,affiliate,finance_blogs,,,0
518819,30-06-2025,organic,,,,0
518820,30-06-2025,paid_social,retargeting,,,0
518821,30-06-2025,paid_social,prospecting_video,,,0
518822,30-06-2025,paid_search,generic_search,,,0
518823,30-06-2025,paid_social,prospecting_video,,,0
518824,30-06-2025,paid_social,prospecting_video,,,0
518825,30-06-2025,paid_social,prospecting_video,,,0
518826,30-06-2025,paid_social,prospecting_video,,,0
518827,30-06-2025,paid_social,retargeting,,,0
518828,30-06-2025,organic,,,,0
518829,30-06-2025,organic,,,,0
518830,30-06-2025,paid_search,brand_search,,,0
518831,30-06-2025,paid_social,prospecting_video,,,0
518832,30-06-2025,paid_social,prospecting_video,,,0
518833,30-06-2025,paid_search,generic_search,,,0
518834,30-06-2025,organic,,,,0
518835,30-06-2025,paid_search,brand_search,,,0
518836,30-06-2025,paid_search,generic_search,,,0
518837,30-06-2025,referral,,,,0
518838,30-06-2025,organic,,,,0
518839,30-06-2025,referral,,,,0
518840,30-06-2025,paid_search,generic_search,,,0
